trajectory_id,split,index,du,dv,k,ic_seed,nfev,max_abs_state,final_mean_u,final_mean_v,final_std_u,final_std_v
v2-training-0000,training,0,0.0009080734981240635,0.005507539293664843,0.0055588218185254916,20460922,5069,1.6518194675445557,-0.012729429639875889,-0.01274220272898674,0.48696157336235046,0.22686254978179932
v2-training-0001,training,1,0.0009907718357563778,0.004467861057609053,0.004402714860363004,20460923,4241,1.4470432996749878,-0.012864422053098679,-0.012942805886268616,0.42823463678359985,0.2329024076461792
v2-training-0002,training,2,0.0009748547107264871,0.005462480610649759,0.005514985186255313,20460924,4913,1.820407748222351,-0.01709844544529915,-0.01714598760008812,0.46974408626556396,0.23350973427295685
v2-training-0003,training,3,0.001096439479241736,0.004484104135572445,0.005720953564975029,20460925,4217,1.4523968696594238,-0.025500375777482986,-0.02533760294318199,0.40508168935775757,0.2284347265958786
v2-training-0004,training,4,0.00102803378036816,0.004418504597832021,0.0054970112926435236,20460926,4409,1.297367811203003,-0.025999173521995544,-0.026151267811655998,0.41979554295539856,0.2318125069141388
v2-training-0005,training,5,0.0008870777860950423,0.005747470136356666,0.004158915166788474,20460927,5321,1.338735818862915,-0.0127125708386302,-0.012765497900545597,0.49623793363571167,0.2252928614616394
v2-training-0006,training,6,0.0009548713413322092,0.004902019172979055,0.005035450969891062,20460928,4601,1.7195632457733154,-0.009321866557002068,-0.009327968582510948,0.4537257254123688,0.22865281999111176
v2-training-0007,training,7,0.001152769195088994,0.005882677956112936,0.004540626329116067,20460929,5201,1.3439277410507202,-0.015714963898062706,-0.015777474269270897,0.4503403604030609,0.22950047254562378
v2-training-0008,training,8,0.001033403115367781,0.004270595248306707,0.004569092868888325,20460930,4109,1.662697672843933,-0.019736792892217636,-0.01991979405283928,0.4068845808506012,0.23203888535499573
v2-training-0009,training,9,0.0008505152295207043,0.005972505453577745,0.0048099134616625605,20460931,5381,1.630068302154541,-0.0062658414244651794,-0.0062882788479328156,0.5098763704299927,0.22554543614387512
v2-training-0010,training,10,0.0009759611072636084,0.005940018416765494,0.00516545095380588,20460932,5345,1.4024916887283325,-0.014784120954573154,-0.01486264355480671,0.48914656043052673,0.2332712560892105
v2-training-0011,training,11,0.001160919721580761,0.004760832253706936,0.005551019504323274,20460933,4505,1.2179045677185059,-0.025650056079030037,-0.025669138878583908,0.40780195593833923,0.22131186723709106
v2-training-0012,training,12,0.0009619866109361253,0.005353846322052972,0.004499730535718187,20460934,4709,2.0059523582458496,-0.01894192583858967,-0.019071992486715317,0.4711481034755707,0.23747949302196503
v2-training-0013,training,13,0.0010102873507293218,0.004403068526687799,0.005196756120639351,20460935,4265,1.4715485572814941,-0.017372969537973404,-0.01730860397219658,0.424735426902771,0.22366133332252502
v2-training-0014,training,14,0.0009804650419718561,0.005828641683793561,0.004610697216873226,20460936,5249,1.783987283706665,-0.014011893421411514,-0.013973713852465153,0.4829387962818146,0.23164887726306915
v2-training-0015,training,15,0.0010455843094886183,0.004005709333642529,0.0056456961916950535,20460937,4025,1.6238406896591187,-0.019246244803071022,-0.019278841093182564,0.3931519687175751,0.22165511548519135
v2-training-0016,training,16,0.0008790439859472625,0.004504854397017696,0.00422941600447036,20460938,4577,2.1843743324279785,-0.009198619052767754,-0.00930298026651144,0.45225825905799866,0.21997922658920288
v2-training-0017,training,17,0.0011051517510568469,0.005204573330686715,0.004529588365705537,20460939,4841,1.5379884243011475,-0.011120229959487915,-0.011157684028148651,0.43986576795578003,0.22574806213378906
v2-training-0018,training,18,0.0010016361133562495,0.005468034991837151,0.005187790008434261,20460940,4997,1.548042893409729,-0.021126389503479004,-0.02128518745303154,0.4676261842250824,0.23508679866790771
v2-training-0019,training,19,0.00084872722237301,0.0056160986700646565,0.004050788900342815,20460941,5189,1.6532899141311646,-0.01351084839552641,-0.01345609687268734,0.5077016949653625,0.22489580512046814
v2-training-0020,training,20,0.0009532898140616515,0.004721564087758457,0.005688808510431452,20460942,4385,1.4438233375549316,-0.01937016472220421,-0.019519053399562836,0.4524115025997162,0.23503424227237701
v2-training-0021,training,21,0.0009891420747277287,0.004942486570236443,0.005994006943928553,20460943,4757,1.376649022102356,-0.028975317254662514,-0.0290377140045166,0.44810396432876587,0.22646507620811462
v2-training-0022,training,22,0.0010235605717029746,0.004673175793086356,0.004859687077215276,20460944,4433,1.5510979890823364,-0.020036324858665466,-0.020164720714092255,0.430859237909317,0.2288016676902771
v2-training-0023,training,23,0.0011680683580006744,0.0041833896679074134,0.005961171150720148,20460945,4049,1.4376739263534546,-0.022789426147937775,-0.022787638008594513,0.38107454776763916,0.2261047065258026
v2-training-0024,training,24,0.0008855105343848031,0.0048948745195285465,0.005260595082911452,20460946,4529,1.2010374069213867,-0.02132725715637207,-0.021463310346007347,0.4703722298145294,0.2271234691143036
v2-training-0025,training,25,0.001089118207222728,0.005559627165937161,0.004722773089836919,20460947,5021,1.64641535282135,-0.025374939665198326,-0.025401977822184563,0.45176705718040466,0.2287152111530304
v2-training-0026,training,26,0.0011166972261375677,0.004609772906482873,0.00566238720072345,20460948,4397,1.3883347511291504,-0.02752300538122654,-0.02759140357375145,0.4072861969470978,0.22145859897136688
v2-training-0027,training,27,0.0011472209076355572,0.004360553657320817,0.005766962419099183,20460949,4097,1.1563938856124878,-0.024549517780542374,-0.02466999925673008,0.38971278071403503,0.2259354591369629
v2-training-0028,training,28,0.0010529423229460448,0.0057718208076835,0.005955544585817985,20460950,5273,1.5567783117294312,-0.01358424499630928,-0.013533488847315311,0.4698196351528168,0.22636038064956665
v2-training-0029,training,29,0.0008607917046006268,0.0047788909489088205,0.005251164133848156,20460951,4529,1.6088054180145264,-0.018158599734306335,-0.018276510760188103,0.4687613546848297,0.23581582307815552
v2-training-0030,training,30,0.0008863611382613326,0.005242720737245514,0.005134685008591473,20460952,4853,1.5497928857803345,-0.01872069388628006,-0.01886529102921486,0.48232921957969666,0.22704073786735535
v2-training-0031,training,31,0.0009093697692240502,0.004537037240569589,0.004946272237591764,20460953,4361,1.3231900930404663,-0.01325307972729206,-0.013295474462211132,0.449619323015213,0.22648712992668152
v2-training-0032,training,32,0.0011134193044293982,0.005774147491123332,0.005601024309975514,20460954,5105,1.6022086143493652,-0.02534438855946064,-0.025365209206938744,0.4536499083042145,0.22490784525871277
v2-training-0033,training,33,0.001110058295978718,0.004040893493782772,0.004271668345562232,20460955,3917,1.2985039949417114,-0.02639029547572136,-0.0264833252876997,0.38484737277030945,0.22369219362735748
v2-training-0034,training,34,0.0009077867896756628,0.005392969462706075,0.004893238084640408,20460956,4949,2.222886323928833,-0.019468650221824646,-0.019466793164610863,0.4819704294204712,0.22641034424304962
v2-training-0035,training,35,0.0008715560864806629,0.0043058571517642225,0.005075034311562132,20460957,4121,1.330259919166565,-0.018424056470394135,-0.018558582291007042,0.4501339793205261,0.23359446227550507
v2-training-0036,training,36,0.0010665537694893568,0.005604241792061058,0.005584490187933874,20460958,5093,1.3907667398452759,-0.022399362176656723,-0.02246185950934887,0.45876213908195496,0.2316969335079193
v2-training-0037,training,37,0.0008951705088358974,0.0040748153737135,0.004661198488264505,20460959,4205,1.6190683841705322,-0.020081020891666412,-0.020278889685869217,0.4343106150627136,0.23649735748767853
v2-training-0038,training,38,0.0011305847059275755,0.005695288222419841,0.005362899209809146,20460960,5081,1.8961557149887085,-0.012937787920236588,-0.012923280708491802,0.4526866674423218,0.2269955277442932
v2-training-0039,training,39,0.0010285753993150078,0.005320902146468548,0.005692023062390682,20460961,4853,1.9600062370300293,-0.016021668910980225,-0.016105027869343758,0.45856979489326477,0.223723366856575
v2-training-0040,training,40,0.0009050035483764244,0.005988528071913006,0.0054468307605020656,20460962,5369,1.6027891635894775,-0.022542664781212807,-0.022543206810951233,0.5032672882080078,0.21582697331905365
v2-training-0041,training,41,0.0008972228369005858,0.005338180757556929,0.004283380452045416,20460963,4877,1.4577505588531494,-0.017186593264341354,-0.01725948043167591,0.48736372590065,0.2295995056629181
v2-training-0042,training,42,0.0009335817721099225,0.005787292609938887,0.004260888451973277,20460964,5057,1.3687427043914795,-0.017989810556173325,-0.018038269132375717,0.48979246616363525,0.22174060344696045
v2-training-0043,training,43,0.0008452738012490724,0.004908663875661163,0.004937446899614671,20460965,4613,2.216601848602295,-0.014377901330590248,-0.014356187544763088,0.47990986704826355,0.23566029965877533
v2-training-0044,training,44,0.0010043883296531047,0.004370954728222072,0.004431850711232136,20460966,4445,1.4398725032806396,-0.011875780299305916,-0.011813019402325153,0.42030495405197144,0.22984763979911804
v2-training-0045,training,45,0.0011564144626312963,0.0055109310520817115,0.005232776852808512,20460967,5069,1.4720749855041504,-0.02128281071782112,-0.021319342777132988,0.44078683853149414,0.2293354719877243
v2-training-0046,training,46,0.0011289991656376534,0.005513523365094256,0.004142371010338837,20460968,4985,1.799977421760559,-0.01704593561589718,-0.017083287239074707,0.44406941533088684,0.22871609032154083
v2-training-0047,training,47,0.0008989806916486102,0.005445696704227825,0.004245841385149934,20460969,4961,1.625268816947937,-0.007641472853720188,-0.007650017738342285,0.48703163862228394,0.22820308804512024
v2-training-0048,training,48,0.0011499194818930512,0.0050316414074495,0.004233139125330089,20460970,4673,2.06119966506958,-0.016281694173812866,-0.016388773918151855,0.4217779338359833,0.22779500484466553
v2-training-0049,training,49,0.0011776141786738427,0.004008115269614625,0.005831445020498312,20460971,4097,1.4591560363769531,-0.024884428828954697,-0.02501731365919113,0.36912980675697327,0.22203628718852997
v2-training-0050,training,50,0.0008429238947721587,0.004868701438893093,0.004376713364070684,20460972,4649,1.424396276473999,-0.009769706055521965,-0.009900824166834354,0.4786258041858673,0.2249540537595749
v2-training-0051,training,51,0.0010957513053062445,0.004938001852357855,0.004257607090945876,20460973,4613,1.3179770708084106,-0.01583053357899189,-0.01595977693796158,0.42892181873321533,0.2276688516139984
v2-training-0052,training,52,0.0011115112033447804,0.005923963575495597,0.005183872332825719,20460974,5345,1.8427000045776367,-0.023239638656377792,-0.02334553748369217,0.4611425995826721,0.22328868508338928
v2-training-0053,training,53,0.0008092529947087027,0.004109686454380047,0.005563281169749735,20460975,4253,1.2873533964157104,-0.02352994680404663,-0.023554686456918716,0.4531698226928711,0.21762478351593018
v2-training-0054,training,54,0.0009821281663056154,0.005270937837543696,0.004063111254609778,20460976,4901,1.3532822132110596,-0.015083685517311096,-0.015026697888970375,0.4672732651233673,0.2296745479106903
v2-training-0055,training,55,0.0008417218157997337,0.004867130827750044,0.004729610375028565,20460977,4829,1.6735975742340088,-0.013987094163894653,-0.014109306037425995,0.47926002740859985,0.23046760261058807
v2-training-0056,training,56,0.0009675473202598926,0.004218649899580157,0.004910056719927312,20460978,4097,1.3172529935836792,-0.016037117689847946,-0.01632884331047535,0.42200371623039246,0.22602923214435577
v2-training-0057,training,57,0.0010717378201056224,0.005837548379062901,0.004469393844855854,20460979,5237,1.434928297996521,-0.01670185476541519,-0.016702555119991302,0.46786171197891235,0.22814635932445526
v2-training-0058,training,58,0.0011025709298251264,0.005789071777608992,0.005671194042211159,20460980,5213,1.5314618349075317,-0.01843089982867241,-0.018386388197541237,0.4554629325866699,0.2329009473323822
v2-training-0059,training,59,0.0011589457286921203,0.005983184060324645,0.004928836366219345,20460981,5213,1.58243989944458,-0.01978267915546894,-0.020102454349398613,0.45522528886795044,0.22197075188159943
v2-training-0060,training,60,0.001118801742506208,0.0040913769715915016,0.005862575369265199,20460982,4097,1.8682012557983398,-0.02830900065600872,-0.028392791748046875,0.3829629123210907,0.2213762104511261
v2-training-0061,training,61,0.001187639405409577,0.005627381341572822,0.004921447478371457,20460983,5129,1.6664382219314575,-0.014404668472707272,-0.014477990567684174,0.43974024057388306,0.22861619293689728
v2-training-0062,training,62,0.0008963362564090898,0.005518531474507329,0.004320452725168254,20460984,5021,1.5820412635803223,-0.01285781804472208,-0.012787935324013233,0.487746000289917,0.23361621797084808
v2-training-0063,training,63,0.0008813128714428362,0.0045259807069161564,0.0043445789187691415,20460985,4337,1.5714913606643677,-0.01907169073820114,-0.019216932356357574,0.45628783106803894,0.22518032789230347
v2-training-0064,training,64,0.0011967342230819631,0.004259097327056145,0.005120719335039225,20460986,4097,1.6927809715270996,-0.019902098923921585,-0.019870877265930176,0.37901362776756287,0.21996796131134033
v2-training-0065,training,65,0.0008888925546369532,0.004596001340123876,0.005059832250659569,20460987,4337,1.3783048391342163,-0.012707682326436043,-0.012650808319449425,0.45840340852737427,0.22809426486492157
v2-training-0066,training,66,0.0008020329773433988,0.005003295477724719,0.004114781395929591,20460988,4685,1.7016396522521973,-0.013972131535410881,-0.013775728642940521,0.4910550117492676,0.2300146222114563
v2-training-0067,training,67,0.00084014230091407,0.004100897396079922,0.004788137152829926,20460989,4229,1.4830472469329834,-0.01498483493924141,-0.015088547952473164,0.44913551211357117,0.23036755621433258
v2-training-0068,training,68,0.0008916946510356217,0.005365962627234367,0.005821352284032731,20460990,4949,1.326622724533081,-0.01309278979897499,-0.013124632649123669,0.48979777097702026,0.223017156124115
v2-training-0069,training,69,0.0009133516381742095,0.00449810474098894,0.004636901660083924,20460991,4277,1.4584805965423584,-0.019091885536909103,-0.019059695303440094,0.4450366795063019,0.22371816635131836
v2-training-0070,training,70,0.0010252444476242463,0.005412780796669131,0.005484883769894636,20460992,4985,1.4155476093292236,-0.014197876676917076,-0.01429272722452879,0.46013253927230835,0.23192600905895233
v2-training-0071,training,71,0.0010115675249715553,0.004294403351625045,0.004733354736569294,20460993,4193,1.5265003442764282,-0.01610131561756134,-0.016173284500837326,0.4175194799900055,0.22399871051311493
v2-training-0072,training,72,0.0011576710696448997,0.005677438647097305,0.005143400115983377,20460994,5153,1.6775002479553223,-0.017134753987193108,-0.017161983996629715,0.4429444372653961,0.22775594890117645
v2-training-0073,training,73,0.001102313871335289,0.004495545894922448,0.005194045771557642,20460995,4301,1.495458960533142,-0.018622837960720062,-0.018688365817070007,0.40894705057144165,0.22593474388122559
v2-training-0074,training,74,0.0009256872910361144,0.005527110933756969,0.004080548598899749,20460996,5009,2.198890447616577,-0.013415152207016945,-0.013704778626561165,0.48203015327453613,0.23295161128044128
v2-training-0075,training,75,0.0010397091957949677,0.004962649107729714,0.005121487097898041,20460997,4649,1.2906568050384521,-0.019695693626999855,-0.019749533385038376,0.43885940313339233,0.225986048579216
v2-training-0076,training,76,0.0009995738465530919,0.005287970332218188,0.004864677212352701,20460998,4829,1.3840053081512451,-0.012852555140852928,-0.01296147145330906,0.4635315537452698,0.23674900829792023
v2-training-0077,training,77,0.0009456860828961616,0.00532948024628516,0.0056807982001777875,20460999,4853,1.8732783794403076,-0.014929177239537239,-0.01495396252721548,0.4740920066833496,0.22917504608631134
v2-training-0078,training,78,0.0010593751498118981,0.0046436178104626935,0.004475034770504197,20461000,4349,1.5430359840393066,-0.016742097213864326,-0.016816675662994385,0.42455703020095825,0.22819563746452332
v2-training-0079,training,79,0.0008662282475907974,0.004785693973802805,0.0054358508507842485,20461001,4505,1.513070821762085,-0.022522779181599617,-0.02270931378006935,0.4671325385570526,0.23008593916893005
v2-training-0080,training,80,0.0009272479408888311,0.004064318310763786,0.004280359565307433,20461002,4061,1.3367786407470703,-0.01902230829000473,-0.019009064882993698,0.4205308258533478,0.22367943823337555
v2-training-0081,training,81,0.0008807256434495118,0.004411762060045689,0.004172804047473633,20461003,4409,1.8752951622009277,-0.018743321299552917,-0.018814075738191605,0.44919511675834656,0.22372010350227356
v2-training-0082,training,82,0.0009817281374350558,0.005538227285489051,0.004581478125323219,20461004,5069,1.3983447551727295,-0.012761673890054226,-0.012799874879419804,0.4708006680011749,0.228631392121315
v2-training-0083,training,83,0.0011162445223676257,0.004752785727530267,0.005303431044515544,20461005,4433,2.522939443588257,-0.020058922469615936,-0.02007223665714264,0.41859981417655945,0.22880686819553375
v2-training-0084,training,84,0.0010452897492450115,0.004634523079169584,0.005479754788687367,20461006,4385,2.17720627784729,-0.01778320036828518,-0.01777799054980278,0.4254504442214966,0.22138597071170807
v2-training-0085,training,85,0.0009265472622200763,0.004573396863336457,0.005593283506540627,20461007,4385,1.226090431213379,-0.02022377960383892,-0.02035282924771309,0.4480676054954529,0.23201049864292145
v2-training-0086,training,86,0.0009349094983213841,0.0056864355306774595,0.005529435391791104,20461008,5201,1.405375599861145,-0.01850292831659317,-0.018506616353988647,0.4892928898334503,0.22602754831314087
v2-training-0087,training,87,0.0008083237937307561,0.00570921400967045,0.004616847155191764,20461009,4985,1.399885654449463,-0.011674143373966217,-0.01183741632848978,0.5134141445159912,0.22646938264369965
v2-training-0088,training,88,0.001179325785810872,0.005910644439913036,0.005050216615508322,20461010,5273,1.5937079191207886,-0.018889371305704117,-0.018944811075925827,0.4511013627052307,0.2308887094259262
v2-training-0089,training,89,0.0009019183596587206,0.005294369933268136,0.004023975336048695,20461011,4901,1.3132305145263672,-0.011306467466056347,-0.011339263990521431,0.48634976148605347,0.23564088344573975
v2-training-0090,training,90,0.0011466865533297354,0.0056555011424476295,0.004411547207252193,20461012,4949,1.3827255964279175,-0.02080896869301796,-0.020936066284775734,0.4438056945800781,0.22049888968467712
v2-training-0091,training,91,0.0010424871201464318,0.004657659212150057,0.0047201151883498795,20461013,4409,2.1488287448883057,-0.01833176240324974,-0.01853204146027565,0.4265042245388031,0.2254130095243454
v2-training-0092,training,92,0.001043294369106083,0.005811927833103187,0.005888927057532085,20461014,5057,1.850362777709961,-0.02097882702946663,-0.021085789427161217,0.4725235104560852,0.22646686434745789
v2-training-0093,training,93,0.0010100485690730488,0.005726697410392549,0.004869204372740284,20461015,5165,1.3660883903503418,-0.01703001745045185,-0.017123715952038765,0.47244730591773987,0.2236866056919098
v2-training-0094,training,94,0.0009987454704986091,0.004773911826118705,0.005789071841908414,20461016,4505,1.2755908966064453,-0.022736774757504463,-0.022815953940153122,0.43917790055274963,0.23074044287204742
v2-training-0095,training,95,0.000837547350552155,0.005458601871095189,0.004291249998283561,20461017,4949,1.5849969387054443,-0.01674874871969223,-0.01678788661956787,0.4973633885383606,0.22991184890270233
v2-training-0096,training,96,0.0008455407321159541,0.005010110999590592,0.004545981314081877,20461018,4673,1.1942200660705566,-0.0154628437012434,-0.015415237285196781,0.4833349883556366,0.23462411761283875
v2-training-0097,training,97,0.0011845085409569428,0.004490967887211856,0.005730608037195504,20461019,4241,1.4181287288665771,-0.023970210924744606,-0.024005156010389328,0.3926973044872284,0.2322838306427002
v2-training-0098,training,98,0.0008562605345544057,0.0043789431268013565,0.004385640165428343,20461020,4433,1.6128801107406616,-0.010867963545024395,-0.010874593630433083,0.4558839201927185,0.23379623889923096
v2-training-0099,training,99,0.0008275713656772093,0.00514332552224381,0.0059797968116994185,20461021,4841,1.1854227781295776,-0.014944750815629959,-0.014961850829422474,0.4897720217704773,0.2366580069065094
v2-training-0100,training,100,0.0011988416943597656,0.004764792410931768,0.005226355805429503,20461022,4481,1.8835676908493042,-0.014420335181057453,-0.014130535535514355,0.3972974717617035,0.2281501591205597
v2-training-0101,training,101,0.001012676560240752,0.005860365789750844,0.005737530811650203,20461023,5105,1.6444734334945679,-0.01288590021431446,-0.012852242216467857,0.4783189296722412,0.22381223738193512
v2-training-0102,training,102,0.0009587184846600499,0.005931222450159265,0.0057945768762748305,20461024,5237,1.3782668113708496,-0.02079850062727928,-0.021000200882554054,0.49053311347961426,0.22086729109287262
v2-training-0103,training,103,0.0011375569315266836,0.004743219824971932,0.005546985406809462,20461025,4493,2.8197755813598633,-0.027605436742305756,-0.027653086930513382,0.411136269569397,0.22121240198612213
v2-training-0104,training,104,0.0011739342536535708,0.00566132228232767,0.004851788787513252,20461026,5117,1.3355149030685425,-0.0121024614199996,-0.01203931588679552,0.4389744699001312,0.2240278422832489
v2-training-0105,training,105,0.0011944361613636088,0.005612042968424242,0.004836779095620464,20461027,5033,1.3234413862228394,-0.013866809196770191,-0.013974035158753395,0.43566933274269104,0.224666565656662
v2-training-0106,training,106,0.0011090577932667467,0.005251181979399296,0.0058916459226404,20461028,4781,1.9192551374435425,-0.03127094358205795,-0.031216375529766083,0.43690958619117737,0.22584962844848633
v2-training-0107,training,107,0.0010768955047728021,0.004173343889165054,0.005614936213660857,20461029,4001,1.3782838582992554,-0.027037661522626877,-0.027061112225055695,0.3936368525028229,0.22136759757995605
v2-training-0108,training,108,0.0010368621814797426,0.0043404196709215335,0.004274231510479543,20461030,4133,2.0423331260681152,-0.015073643065989017,-0.01506592147052288,0.4105002284049988,0.23319527506828308
v2-training-0109,training,109,0.001007040310674868,0.005761426955835007,0.004129066175887262,20461031,5189,1.4978235960006714,-0.011273393407464027,-0.011280631646513939,0.47843530774116516,0.22793617844581604
v2-training-0110,training,110,0.0011312772666548035,0.005642732151597094,0.004304057827850507,20461032,5093,1.836008071899414,-0.014599832706153393,-0.014628306031227112,0.44796693325042725,0.2196241170167923
v2-training-0111,training,111,0.001094093499504365,0.005762778257046088,0.004190420367412772,20461033,5033,1.697848916053772,-0.01473250426352024,-0.014860969968140125,0.4609856605529785,0.23666013777256012
v2-training-0112,training,112,0.0009610920650853958,0.005904408136070113,0.004352412723432999,20461034,5261,1.2239394187927246,-0.017264194786548615,-0.017359495162963867,0.4880744516849518,0.23826169967651367
v2-training-0113,training,113,0.0009936076962508615,0.00572631446979838,0.005676526304318561,20461035,5165,1.5319260358810425,-0.020610809326171875,-0.02070596069097519,0.478677898645401,0.23160365223884583
v2-training-0114,training,114,0.0008432111960308696,0.004427428793093828,0.004329986813582767,20461036,4517,1.3506834506988525,-0.010070393793284893,-0.010090726427733898,0.4617534875869751,0.22655166685581207
v2-training-0115,training,115,0.0011724908630342474,0.005267622452283508,0.004535123800133368,20461037,4829,1.4917434453964233,-0.013828658498823643,-0.013849184848368168,0.43190857768058777,0.23101602494716644
v2-training-0116,training,116,0.0010174920762788498,0.005596439088130619,0.0053665846108475815,20461038,5105,1.6005738973617554,-0.01582626812160015,-0.015848228707909584,0.4738304615020752,0.22721527516841888
v2-training-0117,training,117,0.0010778104168232818,0.00513342039152874,0.005095126182002871,20461039,4685,1.8348432779312134,-0.015916302800178528,-0.015974417328834534,0.44107183814048767,0.24065738916397095
v2-training-0118,training,118,0.0010621150730434582,0.005896962714089198,0.005873917258863275,20461040,5285,1.6392170190811157,-0.026458779349923134,-0.026655513793230057,0.467089980840683,0.22252683341503143
v2-training-0119,training,119,0.0009542916270829109,0.005105424516194841,0.0044435997309721165,20461041,4757,1.596001386642456,-0.014832526445388794,-0.014816889539361,0.46414652466773987,0.23558010160923004
v2-training-0120,training,120,0.0010875902548983822,0.005437464213138248,0.004514641754212888,20461042,4937,2.166429042816162,-0.012016651220619678,-0.012027863413095474,0.4512253403663635,0.22604890167713165
v2-training-0121,training,121,0.0010981660055705104,0.005050879326953669,0.005659397148178975,20461043,4721,1.4663959741592407,-0.03032194823026657,-0.030418414622545242,0.42822545766830444,0.22770380973815918
v2-training-0122,training,122,0.0009726663858855866,0.005472362529456281,0.005969829781637422,20461044,4973,1.4922856092453003,-0.019097693264484406,-0.019141850993037224,0.4731651246547699,0.22578489780426025
v2-training-0123,training,123,0.0008330444355328981,0.005901149667554026,0.004151889357787433,20461045,5141,2.154836416244507,-0.012815608642995358,-0.012879831716418266,0.5126243829727173,0.22083619236946106
v2-training-0124,training,124,0.001107192208801552,0.004580952946862977,0.005219844556654583,20461046,4313,1.3741569519042969,-0.02327859029173851,-0.023273466154932976,0.41020986437797546,0.2265925407409668
v2-training-0125,training,125,0.0009627996744172794,0.005385591657723514,0.005996134046800857,20461047,4949,1.6135592460632324,-0.016125919297337532,-0.01611264795064926,0.47299617528915405,0.2355262190103531
v2-training-0126,training,126,0.0010489120932542378,0.005795068047712114,0.00425200909539675,20461048,5237,1.6226625442504883,-0.019656894728541374,-0.01966601237654686,0.4693211317062378,0.2296341210603714
v2-training-0127,training,127,0.0009652116158362124,0.0047111132032439645,0.005332734884419316,20461049,4385,2.3400893211364746,-0.021757740527391434,-0.02183385007083416,0.44497185945510864,0.22671812772750854
v2-training-0128,training,128,0.0011129955771737384,0.00507334457677266,0.004999203910831927,20461050,4661,1.7547200918197632,-0.01371949352324009,-0.013723593205213547,0.43064066767692566,0.21973466873168945
v2-training-0129,training,129,0.0010346423860914335,0.005382161243662973,0.004347962065267751,20461051,4937,1.650407314300537,-0.015271073207259178,-0.015269539318978786,0.4587869644165039,0.2354498654603958
v2-training-0130,training,130,0.0008586592072372458,0.005719724416923611,0.005319301414930561,20461052,5165,1.6128034591674805,-0.017247620970010757,-0.017275555059313774,0.5019618272781372,0.21880057454109192
v2-training-0131,training,131,0.0011147564632887075,0.005942370879557395,0.004994990102441438,20461053,5345,1.3046751022338867,-0.012314297258853912,-0.012356308288872242,0.4643225073814392,0.22901716828346252
v2-training-0132,training,132,0.0010702540637302132,0.005952753380793449,0.005760122029627527,20461054,5117,1.8673814535140991,-0.016225744038820267,-0.016204647719860077,0.47153744101524353,0.22867074608802795
v2-training-0133,training,133,0.0010380323364078195,0.005163529692117233,0.005067134045320906,20461055,4721,1.2114390134811401,-0.01828829199075699,-0.018291711807250977,0.4518284797668457,0.2444792240858078
v2-training-0134,training,134,0.0009637329130089394,0.005292457429270901,0.005881486564582971,20461056,4865,1.6669996976852417,-0.014970529824495316,-0.014798922464251518,0.4679224193096161,0.22989630699157715
v2-training-0135,training,135,0.000947790507889583,0.0041948864333502985,0.004054830611653754,20461057,4313,1.286917805671692,-0.012525035068392754,-0.012546978890895844,0.42712530493736267,0.23213836550712585
v2-training-0136,training,136,0.0009177669265390671,0.00426367712893717,0.004776851970688121,20461058,4097,2.093693256378174,-0.016649262979626656,-0.016693521291017532,0.4354397654533386,0.22360432147979736
v2-training-0137,training,137,0.0010557188046874208,0.004669289345905794,0.004766857767842731,20461059,4433,1.407023549079895,-0.0213325135409832,-0.02133319154381752,0.42349961400032043,0.2214687466621399
v2-training-0138,training,138,0.0008367762353943844,0.004910271115140233,0.004447509711018261,20461060,4289,1.6911959648132324,-0.014013751409947872,-0.013849887996912003,0.48189932107925415,0.23744215071201324
v2-training-0139,training,139,0.0009852489047168856,0.005928910414265331,0.004791163410149774,20461061,5225,1.4686329364776611,-0.011192083358764648,-0.011160005815327168,0.4817579686641693,0.22917722165584564
v2-training-0140,training,140,0.0011013044271675112,0.0044539011653129176,0.004589454191846841,20461062,4253,1.619742751121521,-0.009060394018888474,-0.008778367191553116,0.4061247706413269,0.227521151304245
v2-training-0141,training,141,0.0010588055228535876,0.005177116886013713,0.004318320762034479,20461063,4793,1.5217294692993164,-0.005997191183269024,-0.005842766258865595,0.44639676809310913,0.22876381874084473
v2-training-0142,training,142,0.0008128998677622056,0.004616463811671624,0.0043695609510887206,20461064,4637,1.3616104125976562,-0.018017657101154327,-0.01813347637653351,0.4752779006958008,0.23746609687805176
v2-training-0143,training,143,0.0008097664765488527,0.004313631513261211,0.005846420071566523,20461065,4373,1.4453080892562866,-0.021777179092168808,-0.021715402603149414,0.46152937412261963,0.22993090748786926
v2-training-0144,training,144,0.0011744015645886363,0.005807816645943967,0.005211663357077809,20461066,5057,1.5386390686035156,-0.012875351123511791,-0.012848027050495148,0.44986823201179504,0.229631245136261
v2-training-0145,training,145,0.0010165507170308888,0.0053432827247650045,0.004218004507626022,20461067,4877,1.5379490852355957,-0.010126952081918716,-0.010173028334975243,0.46238937973976135,0.22658851742744446
v2-training-0146,training,146,0.0010513490012289933,0.005260882448256812,0.005043300035277092,20461068,4793,1.7998484373092651,-0.017359549179673195,-0.017345132306218147,0.448373407125473,0.22633598744869232
v2-training-0147,training,147,0.0011452267422637952,0.004690933084387139,0.004694093648159254,20461069,4421,1.5836787223815918,-0.019721392542123795,-0.01988201215863228,0.40741389989852905,0.2215755134820938
v2-training-0148,training,148,0.0009601614100628658,0.004435468720583689,0.005832698487037075,20461070,4241,1.2789143323898315,-0.009947559796273708,-0.009909844025969505,0.4321293234825134,0.2217913419008255
v2-training-0149,training,149,0.0010706386702651698,0.004394327066371114,0.005739875611095516,20461071,4217,1.905659556388855,-0.0137078408151865,-0.013518611900508404,0.4101477861404419,0.22890667617321014
v2-training-0150,training,150,0.0011757416948286483,0.005888448655644483,0.005309006874985609,20461072,5273,1.5126149654388428,-0.021363940089941025,-0.021416567265987396,0.4488593339920044,0.23065894842147827
v2-training-0151,training,151,0.0009343651691992916,0.00498764536625346,0.004594044342878027,20461073,4661,1.7776696681976318,-0.015758469700813293,-0.015835991129279137,0.46387290954589844,0.2223956286907196
v2-training-0152,training,152,0.0011393356150246718,0.005822468134891983,0.004117869352513676,20461074,5201,1.1345133781433105,-0.01845112256705761,-0.018552983179688454,0.4572744071483612,0.23628948628902435
v2-training-0153,training,153,0.0010815818726635715,0.004547644794430579,0.004045703135925547,20461075,4325,1.2083442211151123,-0.014903941191732883,-0.014873461797833443,0.4132806360721588,0.22940418124198914
v2-training-0154,training,154,0.0010088345661688955,0.005532913258023753,0.0056552934118991975,20461076,5021,1.3967297077178955,-0.01757974922657013,-0.01755998656153679,0.4691884517669678,0.22484190762043
v2-training-0155,training,155,0.0008892551449957388,0.004228493619182546,0.00484663029318868,20461077,4361,1.518509030342102,-0.016709553077816963,-0.01659981720149517,0.4415336549282074,0.228903129696846
v2-training-0156,training,156,0.0009232051740669352,0.004522566142648009,0.005457631228338689,20461078,4289,1.4507313966751099,-0.018179090693593025,-0.018239982426166534,0.4491695463657379,0.23077963292598724
v2-training-0157,training,157,0.001182294788318106,0.005437991413878173,0.005853772313103397,20461079,4901,1.5097163915634155,-0.0211821086704731,-0.021231718361377716,0.43543845415115356,0.22189775109291077
v2-training-0158,training,158,0.0010356602164045636,0.0047696032709059755,0.005083268192747263,20461080,4505,1.9779795408248901,-0.018521133810281754,-0.018464768305420876,0.4306590259075165,0.22506850957870483
v2-training-0159,training,159,0.0009872271174681936,0.005256608766996591,0.00516210473025706,20461081,4841,1.5420713424682617,-0.01335391215980053,-0.013542095199227333,0.462977796792984,0.22937090694904327
v2-training-0160,training,160,0.0009323886224898702,0.00474610122850724,0.005532215592463105,20461082,4517,1.3388376235961914,-0.02749224752187729,-0.02758665196597576,0.45239004492759705,0.2296108454465866
v2-training-0161,training,161,0.0011515771705651278,0.004609368693755915,0.004954223671484897,20461083,4349,2.1669185161590576,-0.018457815051078796,-0.018443819135427475,0.4051767587661743,0.2306371033191681
v2-training-0162,training,162,0.0008823968823164579,0.004280205702118485,0.0048420516592511,20461084,4145,1.6402666568756104,-0.017644228413701057,-0.01765558496117592,0.4447302222251892,0.22451047599315643
v2-training-0163,training,163,0.0009383757304301908,0.004558851022591879,0.00440049540171085,20461085,4565,1.5903594493865967,-0.019806167110800743,-0.019711527973413467,0.4423336088657379,0.22661781311035156
v2-training-0164,training,164,0.0010902000449746166,0.004383103056300998,0.005526964708976267,20461086,4145,2.043309211730957,-0.020895738154649734,-0.020918091759085655,0.4056144952774048,0.2286684811115265
v2-training-0165,training,165,0.0008221256777887608,0.004221758719526326,0.005390436898177693,20461087,4301,1.5103707313537598,-0.014060846529901028,-0.014113005250692368,0.455989271402359,0.23560495674610138
v2-training-0166,training,166,0.0009647978232302447,0.005168984092511853,0.004757553206253472,20461088,4841,1.531652569770813,-0.017256785184144974,-0.017262060195207596,0.46689629554748535,0.23087279498577118
v2-training-0167,training,167,0.0010123517575015355,0.0043214394588708465,0.004697975063367658,20461089,4193,1.491597294807434,-0.024949973449110985,-0.0250297412276268,0.4181743264198303,0.22256989777088165
v2-training-0168,training,168,0.0009722557544475595,0.005499717808037681,0.005631258027238592,20461090,5057,1.3991029262542725,-0.016128065064549446,-0.016157055273652077,0.4786548912525177,0.2275196760892868
v2-training-0169,training,169,0.0010201832975072621,0.005586836724561876,0.005573050379613983,20461091,5033,1.554291844367981,-0.009103871881961823,-0.009097171947360039,0.46993640065193176,0.24035945534706116
v2-training-0170,training,170,0.0010949258998250741,0.005966781468698601,0.004883923555304703,20461092,5369,1.4002749919891357,-0.01613202691078186,-0.016085928305983543,0.4677446186542511,0.22698436677455902
v2-training-0171,training,171,0.0011539211670727428,0.004439559644699567,0.005651740518712865,20461093,4241,1.3605715036392212,-0.03304009512066841,-0.03317081183195114,0.393279492855072,0.21990549564361572
v2-training-0172,training,172,0.0010185088368933105,0.005856891867827902,0.004888210149595883,20461094,5249,1.7840149402618408,-0.014064574614167213,-0.014020624570548534,0.47764891386032104,0.22013726830482483
v2-training-0173,training,173,0.0008071433281475422,0.005358172425702884,0.004735304312481519,20461095,5045,1.8772238492965698,-0.012487141415476799,-0.012401565909385681,0.502800703048706,0.2272011786699295
v2-training-0174,training,174,0.0010162756861107482,0.005798385852917985,0.004772943120493019,20461096,5045,1.6683566570281982,-0.015765603631734848,-0.015792476013302803,0.4745206832885742,0.24086503684520721
v2-training-0175,training,175,0.0010822333987149232,0.00418536924259993,0.005314840035694732,20461097,4025,1.5669509172439575,-0.015913337469100952,-0.01591997779905796,0.39517682790756226,0.2292875051498413
v2-training-0176,training,176,0.0009560963256495199,0.00596338666395952,0.004161190476951733,20461098,5381,1.5603578090667725,-0.013044199906289577,-0.013000463135540485,0.4920634329319,0.2349614053964615
v2-training-0177,training,177,0.0009464679023873337,0.005648409741432332,0.004495880712259457,20461099,5117,1.3416324853897095,-0.007909652777016163,-0.007902736775577068,0.4845595955848694,0.22507013380527496
v2-training-0178,training,178,0.0010519519707058844,0.004252758749764802,0.005933515195013214,20461100,4049,1.4761830568313599,-0.024476882070302963,-0.02456369437277317,0.4076601564884186,0.23296135663986206
v2-training-0179,training,179,0.0009127117581891243,0.005098481578585026,0.005172568827994153,20461101,4793,1.5639145374298096,-0.011636356823146343,-0.011568895541131496,0.471754252910614,0.23389413952827454
v2-training-0180,training,180,0.0009070229352828507,0.005754001263102634,0.005420203775327076,20461102,5273,1.3515474796295166,-0.022289467975497246,-0.022214682772755623,0.4949338138103485,0.22239544987678528
v2-training-0181,training,181,0.0010635177600626833,0.00516634947049935,0.005936002026156298,20461103,4769,1.7921706438064575,-0.01503780297935009,-0.015005647204816341,0.4455087184906006,0.2254325896501541
v2-training-0182,training,182,0.0011342400284646312,0.005607366833117282,0.005105245125465152,20461104,4877,1.8517433404922485,-0.02012227475643158,-0.0201554112136364,0.4492993950843811,0.21894851326942444
v2-training-0183,training,183,0.0011613996471221107,0.004001988407775798,0.004304739700158363,20461105,4025,1.5101224184036255,-0.019748905673623085,-0.0197539534419775,0.3669652044773102,0.21519410610198975
v2-training-0184,training,184,0.0011353378479768712,0.00413747410558887,0.005423828057548222,20461106,4085,1.74276602268219,-0.026341114193201065,-0.026230648159980774,0.3814757168292999,0.22356222569942474
v2-training-0185,training,185,0.0008124665231231046,0.005112373422513897,0.005665511750770723,20461107,4757,1.4851680994033813,-0.007004009559750557,-0.007107304874807596,0.4943412244319916,0.21992255747318268
v2-training-0186,training,186,0.0011538021086942541,0.005139673972743904,0.004741344976732955,20461108,4805,1.4626927375793457,-0.008017372339963913,-0.007983872666954994,0.4217001795768738,0.22321605682373047
v2-training-0187,training,187,0.0008899317970506439,0.005547791333594003,0.004328048677671862,20461109,5081,1.7991178035736084,-0.014088294468820095,-0.014034215360879898,0.4960760474205017,0.22863344848155975
v2-training-0188,training,188,0.000876754243382509,0.0054939434930303555,0.004164286085316561,20461110,5057,1.5705333948135376,-0.007592245936393738,-0.007466686889529228,0.4930683374404907,0.22826607525348663
v2-training-0189,training,189,0.0010015569379149731,0.004142862144535747,0.005515713948410271,20461111,4301,1.6032507419586182,-0.018750689923763275,-0.018819328397512436,0.41215622425079346,0.22483429312705994
v2-training-0190,training,190,0.001029568555197297,0.0042816292947679465,0.005623724283478352,20461112,4097,1.2638341188430786,-0.018467307090759277,-0.01856575906276703,0.41385459899902344,0.22499753534793854
v2-training-0191,training,191,0.0009888785377523102,0.0053724032277306846,0.004264755389724448,20461113,4913,1.574540615081787,-0.006982025690376759,-0.007012543268501759,0.4634360373020172,0.2277950644493103
v2-training-0192,training,192,0.000825473419384425,0.0051554779807873995,0.004061772653571863,20461114,4829,1.4673056602478027,-0.00865856185555458,-0.00866501871496439,0.4947100579738617,0.22101320326328278
v2-training-0193,training,193,0.0009107379699685636,0.004698639043493064,0.00409494696515631,20461115,4421,1.8742084503173828,-0.01313500665128231,-0.01310187578201294,0.45605912804603577,0.22624452412128448
v2-training-0194,training,194,0.0008413975409860433,0.005488568011528895,0.005002078533600337,20461116,5033,1.798689842224121,-0.013074629940092564,-0.013140374794602394,0.5007450580596924,0.2275901585817337
v2-training-0195,training,195,0.0010690020593979986,0.004648275578693285,0.004098296437365835,20461117,4397,1.6571515798568726,-0.01952246204018593,-0.019550036638975143,0.417827844619751,0.22228679060935974
v2-training-0196,training,196,0.0010629196256383804,0.0059069041529532865,0.004826115745773489,20461118,5297,2.132341146469116,-0.01682695746421814,-0.01686565950512886,0.4684646427631378,0.22784623503684998
v2-training-0197,training,197,0.0009519069040420738,0.0050671656530762495,0.005100871332133144,20461119,4721,2.0454635620117188,-0.016256852075457573,-0.016268350183963776,0.4656294584274292,0.22563108801841736
v2-training-0198,training,198,0.0008541654846822052,0.004476886572107094,0.004110928427804522,20461120,4361,1.2155474424362183,-0.016039473935961723,-0.016175149008631706,0.4589211344718933,0.22174422442913055
v2-training-0199,training,199,0.001031510699210118,0.00560045775986197,0.005156870961340933,20461121,5045,1.6355273723602295,-0.017009763047099113,-0.01706240139901638,0.46600085496902466,0.22870320081710815
v2-training-0200,training,200,0.0008958381356207161,0.004425375682668272,0.005777866991503642,20461122,4313,1.4279124736785889,-0.024960562586784363,-0.024926550686359406,0.4465517997741699,0.22439566254615784
v2-training-0201,training,201,0.0008227535195353543,0.0047557496779673985,0.004224634061945271,20461123,4493,1.9881327152252197,-0.014714565128087997,-0.014790254645049572,0.4789212644100189,0.22285577654838562
v2-training-0202,training,202,0.000984560680061332,0.005262141492188685,0.005674249112602956,20461124,4841,1.3923513889312744,-0.018099108710885048,-0.01810045726597309,0.4627361297607422,0.23539993166923523
v2-training-0203,training,203,0.0010548612900069753,0.005455795235425102,0.004557511284796308,20461125,4949,1.8784904479980469,-0.016903432086110115,-0.01695626974105835,0.45563581585884094,0.23755547404289246
v2-training-0204,training,204,0.0011630784202024437,0.004389508710978447,0.0051319784476107026,20461126,4181,1.6773780584335327,-0.02262992225587368,-0.02284473553299904,0.3908678889274597,0.21735171973705292
v2-training-0205,training,205,0.0009393668155400265,0.0041315730745114165,0.004562569718104927,20461127,4229,1.673251748085022,-0.014711190015077591,-0.014606944285333157,0.4244396388530731,0.23199856281280518
v2-training-0206,training,206,0.0011105794681150717,0.004086192055759591,0.005055535194832764,20461128,3953,2.0075559616088867,-0.019743576645851135,-0.019742000848054886,0.38495245575904846,0.21710729598999023
v2-training-0207,training,207,0.0011344205656853672,0.00402514517738662,0.004338176901742603,20461129,4121,1.7059364318847656,-0.015778400003910065,-0.015918686985969543,0.3787980079650879,0.2197338193655014
v2-training-0208,training,208,0.0009447146234262494,0.004628126723125302,0.00489977296469008,20461130,4745,1.619568943977356,-0.022222351282835007,-0.022414617240428925,0.4459291398525238,0.23274165391921997
v2-training-0209,training,209,0.0010362516694772243,0.005127771554738448,0.005975718141408501,20461131,4709,1.462509274482727,-0.015548262745141983,-0.015596184879541397,0.45052412152290344,0.23050130903720856
v2-training-0210,training,210,0.0011477699512291197,0.005986524502194394,0.0057450867211246235,20461132,5177,1.5021889209747314,-0.02885080873966217,-0.028888367116451263,0.45684814453125,0.22598916292190552
v2-training-0211,training,211,0.0010083330145164422,0.004246681574403766,0.004358196323941649,20461133,4205,1.1601715087890625,-0.021511830389499664,-0.02153351716697216,0.4132010042667389,0.2225894033908844
v2-training-0212,training,212,0.0010494421874863188,0.005652162119595656,0.005178353399598086,20461134,5153,1.349058747291565,-0.01668032445013523,-0.016587037593126297,0.46292364597320557,0.22961397469043732
v2-training-0213,training,213,0.000987882010691751,0.004200747171380504,0.005508010126224503,20461135,4289,1.4246644973754883,-0.020966611802577972,-0.021006762981414795,0.418907105922699,0.22616136074066162
v2-training-0214,training,214,0.0011439502671692914,0.004309690834315807,0.005604065585203514,20461136,4121,1.8878602981567383,-0.02551974542438984,-0.02562958002090454,0.39065876603126526,0.22214658558368683
v2-training-0215,training,215,0.000966822719690209,0.004630478907910872,0.004022878427629305,20461137,4481,1.2359123229980469,-0.013649025931954384,-0.01376646663993597,0.43988484144210815,0.23144462704658508
v2-training-0216,training,216,0.0009859811616728478,0.004197555767442461,0.004551995641734407,20461138,4253,1.7293027639389038,-0.01856991834938526,-0.018624398857355118,0.4173019230365753,0.2240036427974701
v2-training-0217,training,217,0.0011512365431333028,0.004972330910903804,0.004930875675699106,20461139,4625,1.7224693298339844,-0.021296218037605286,-0.021629707887768745,0.41955098509788513,0.23040026426315308
v2-training-0218,training,218,0.001000200555722731,0.005420740679364703,0.004525253424240086,20461140,4985,1.804697036743164,-0.015935631468892097,-0.01602347195148468,0.46503639221191406,0.22152143716812134
v2-training-0219,training,219,0.000873510957540067,0.0040731691156822075,0.005638417586939944,20461141,4181,1.4264698028564453,-0.022439036518335342,-0.022514954209327698,0.4393664598464966,0.22620807588100433
v2-training-0220,training,220,0.0008978058429921331,0.005732999436073513,0.004806920029315752,20461142,5249,1.5573314428329468,-0.006793541368097067,-0.006738234311342239,0.49446216225624084,0.22613757848739624
v2-training-0221,training,221,0.0010150571343323675,0.0045896378952446065,0.005803365615984511,20461143,4313,2.1372287273406982,-0.020780203863978386,-0.02081013098359108,0.4315953850746155,0.23374950885772705
v2-training-0222,training,222,0.0010755509194022193,0.004233276062469136,0.005156221799437086,20461144,4193,1.5475311279296875,-0.023861084133386612,-0.023853875696659088,0.39993810653686523,0.21993491053581238
v2-training-0223,training,223,0.0009155607649584066,0.00509688087765754,0.005453248826267671,20461145,4805,1.7853443622589111,-0.020778067409992218,-0.02091366797685623,0.4691659212112427,0.2216695100069046
v2-training-0224,training,224,0.001040258016784205,0.00534918557834125,0.005274519091966282,20461146,4877,1.3467581272125244,-0.018017537891864777,-0.018011007457971573,0.4554075300693512,0.2263423502445221
v2-training-0225,training,225,0.0009285924497842464,0.005208691906814717,0.004360651167333459,20461147,4817,1.2392830848693848,-0.012917477637529373,-0.01293252781033516,0.47396424412727356,0.23635801672935486
v2-training-0226,training,226,0.0008106226629567707,0.0040526674251570105,0.004910732522028625,20461148,4229,1.504713773727417,-0.02466420829296112,-0.024722561240196228,0.4524526298046112,0.23031669855117798
v2-training-0227,training,227,0.0008026206652146806,0.004804938264705289,0.0056272060764918225,20461149,4529,1.7083356380462646,-0.020092111080884933,-0.020082663744688034,0.48574450612068176,0.2305368036031723
v2-training-0228,training,228,0.0009580893502841533,0.005634629942178938,0.00421440611351608,20461150,5069,2.2636759281158447,-0.01963886246085167,-0.019719118252396584,0.4802176058292389,0.22127248346805573
v2-training-0229,training,229,0.0011154898170613599,0.004966729576526498,0.0052685544229355615,20461151,4637,1.5617108345031738,-0.01990458182990551,-0.019895968958735466,0.42521485686302185,0.22243881225585938
v2-training-0230,training,230,0.000997280936035216,0.0052132782706353804,0.004148138854649358,20461152,4805,1.902645468711853,-0.00972030870616436,-0.009731389582157135,0.46242308616638184,0.2342107892036438
v2-training-0231,training,231,0.0009530342334019876,0.005659280931219058,0.0049602207793624994,20461153,5081,1.3009155988693237,-0.010386460460722446,-0.010532191023230553,0.48439154028892517,0.23640520870685577
v2-training-0232,training,232,0.000857472758407714,0.0046940274063874896,0.004942090721931042,20461154,4469,1.294040560722351,-0.02414892427623272,-0.024320323020219803,0.4633263647556305,0.23369300365447998
v2-training-0233,training,233,0.001167820077923364,0.005074699268017966,0.004654736670240804,20461155,4685,1.7695441246032715,-0.0198199599981308,-0.019862033426761627,0.42074745893478394,0.22623440623283386
v2-training-0234,training,234,0.0010890082775501186,0.005847868733861796,0.0054834517377960945,20461156,5237,1.1912214756011963,-0.016279274597764015,-0.016426172107458115,0.46642041206359863,0.22755296528339386
v2-training-0235,training,235,0.0008346895246854868,0.005084651198979806,0.00542660412183229,20461157,4721,1.4473340511322021,-0.018899450078606606,-0.018831593915820122,0.4875537157058716,0.22489668428897858
v2-training-0236,training,236,0.0010212376874987662,0.005618137993130343,0.004876693576622761,20461158,5057,1.8423364162445068,-0.011458528228104115,-0.011545803397893906,0.46904096007347107,0.22994819283485413
v2-training-0237,training,237,0.0008642039079245309,0.004977065724008466,0.0049625543133321156,20461159,4709,1.3206593990325928,-0.021309250965714455,-0.02141788974404335,0.47932931780815125,0.22663666307926178
v2-training-0238,training,238,0.0011233433507806829,0.004653620738918042,0.00589872631609487,20461160,4385,1.424497365951538,-0.028653651475906372,-0.028925957158207893,0.4092463552951813,0.22493158280849457
v2-training-0239,training,239,0.0010068218907214564,0.004815379396973554,0.00417969604449897,20461161,4505,2.423917293548584,-0.010601069778203964,-0.010579513385891914,0.4397987723350525,0.22739389538764954
v2-training-0240,training,240,0.0008153723995203286,0.0054019123855948495,0.005241690961372562,20461162,5009,1.615147352218628,-0.01946473866701126,-0.019443687051534653,0.5038964152336121,0.22320044040679932
v2-training-0241,training,241,0.0008692964764707253,0.005956964892821997,0.00417061768189346,20461163,5177,1.5238810777664185,-0.008035456761717796,-0.008160870522260666,0.5079350471496582,0.2210823893547058
v2-training-0242,training,242,0.0009184291974321794,0.004648595364516844,0.0058416321934373116,20461164,4361,1.6159154176712036,-0.02374516800045967,-0.02383122593164444,0.45377564430236816,0.23822249472141266
v2-training-0243,training,243,0.001097342335194045,0.0051814455465681464,0.004702366009876367,20461165,4685,1.5985649824142456,-0.011644705198705196,-0.011419721879065037,0.4346906840801239,0.2221241444349289
v2-training-0244,training,244,0.0009361954111916219,0.0056747391501163775,0.005949667320318425,20461166,5117,1.5717557668685913,-0.0242496095597744,-0.02434040606021881,0.4856306314468384,0.2192336618900299
v2-training-0245,training,245,0.0010934354241958016,0.005122039819772811,0.005503928160134838,20461167,4745,1.6344572305679321,-0.034857429563999176,-0.034864652901887894,0.4336486756801605,0.22067920863628387
v2-training-0246,training,246,0.000978479217765415,0.004134149252651859,0.004455741940302425,20461168,4265,1.3516649007797241,-0.019793009385466576,-0.019892698153853416,0.4185245931148529,0.22823624312877655
v2-training-0247,training,247,0.0009025839821042347,0.005546009732560842,0.005886191989351752,20461169,5033,1.8008184432983398,-0.015389733947813511,-0.015363283455371857,0.4898574948310852,0.23066449165344238
v2-training-0248,training,248,0.0009496345704915462,0.004811061763131964,0.004559919164662036,20461170,4565,1.473715901374817,-0.009664725512266159,-0.009662730619311333,0.4550449252128601,0.2291078269481659
v2-training-0249,training,249,0.0009425028742429706,0.0049559435668143645,0.004634461012213169,20461171,4613,1.4244697093963623,-0.015424185432493687,-0.015458036214113235,0.4576345384120941,0.22310546040534973
v2-training-0250,training,250,0.0011236873133316622,0.005825713170186431,0.004487805353581547,20461172,5249,1.347224235534668,-0.024876300245523453,-0.024883730337023735,0.459494948387146,0.2282363921403885
v2-training-0251,training,251,0.0008596526236561557,0.005429233330446504,0.004049606403926853,20461173,5021,1.2438347339630127,-0.015938425436615944,-0.01596517488360405,0.4971648156642914,0.23389682173728943
v2-training-0252,training,252,0.00094326272826469,0.004291221181029439,0.004812929288669761,20461174,4241,1.3798062801361084,-0.019689202308654785,-0.01972629688680172,0.4333062767982483,0.23235076665878296
v2-training-0253,training,253,0.001170377636408707,0.005583314452869476,0.005929524550897375,20461175,4997,1.6537202596664429,-0.019963199272751808,-0.019662117585539818,0.4369378685951233,0.2337139993906021
v2-training-0254,training,254,0.0009235393256026878,0.005973879917676771,0.005391727974928196,20461176,5333,1.4477719068527222,-0.01403802540153265,-0.014052033424377441,0.5010973811149597,0.2253923863172531
v2-training-0255,training,255,0.0010848066791388407,0.005021044554487016,0.004018788775941833,20461177,4649,1.2220426797866821,-0.01659531146287918,-0.016524815931916237,0.4356039762496948,0.2289026528596878
v2-training-0256,training,256,0.0011224194277599212,0.004082397227856732,0.004422444232495249,20461178,4073,1.3741710186004639,-0.02423851191997528,-0.0242976825684309,0.3835831582546234,0.22052747011184692
v2-training-0257,training,257,0.0008354922593334218,0.005235752992371349,0.00410288808042938,20461179,4925,1.4479880332946777,-0.011563939973711967,-0.011523937806487083,0.4911300241947174,0.2283775806427002
v2-training-0258,training,258,0.0008830162088628298,0.005803636951374385,0.005109234427235479,20461180,5297,1.3422753810882568,-0.01509080734103918,-0.014883273281157017,0.4987063705921173,0.2231689840555191
v2-training-0259,training,259,0.0009208942812681935,0.0048471180309269755,0.00418457905349023,20461181,4613,1.5884181261062622,-0.015839766710996628,-0.0158592090010643,0.46090683341026306,0.2257148027420044
v2-training-0260,training,260,0.001111723542844148,0.004567708030640893,0.005687020507090091,20461182,4325,1.8122693300247192,-0.027268439531326294,-0.02741430327296257,0.4039733409881592,0.22058096528053284
v2-training-0261,training,261,0.0008637986091594068,0.00559147323519937,0.004604147800499534,20461183,5117,2.25239634513855,-0.01463707908987999,-0.014651274308562279,0.4952492117881775,0.2256401628255844
v2-training-0262,training,262,0.0008621539081598528,0.004855501109261561,0.005814682977259057,20461184,4517,1.796515941619873,-0.023458054289221764,-0.023546429350972176,0.4724632799625397,0.23635061085224152
v2-training-0263,training,263,0.0011800382229984765,0.0054066899464638345,0.004763825072091521,20461185,4889,1.557953119277954,-0.016628362238407135,-0.01668812707066536,0.43070492148399353,0.224221870303154
v2-training-0264,training,264,0.0011176678265060584,0.004335065776307866,0.004647257337195619,20461186,4193,1.4668749570846558,-0.023042641580104828,-0.023034757003188133,0.39580100774765015,0.22426804900169373
v2-training-0265,training,265,0.0011389082521907974,0.005405851681716503,0.004003948024218821,20461187,4913,1.4717575311660767,-0.008456395007669926,-0.008310176432132721,0.4317510426044464,0.23368291556835175
v2-training-0266,training,266,0.0008205815128899541,0.004738064674581544,0.005073029408168015,20461188,4517,1.79289972782135,-0.01088027935475111,-0.0108436718583107,0.47758612036705017,0.22879797220230103
v2-training-0267,training,267,0.0009414677433652887,0.005276050021659364,0.004135778445157319,20461189,4793,1.41248619556427,-0.010622808709740639,-0.010601736605167389,0.47130733728408813,0.2312806397676468
v2-training-0268,training,268,0.000820293407517633,0.0050651420233793504,0.004618027282721149,20461190,4745,1.3817592859268188,-0.01883111707866192,-0.01878340356051922,0.48941221833229065,0.23574510216712952
v2-training-0269,training,269,0.0010745194593841864,0.00519728778730057,0.005372052420194216,20461191,4817,1.364959716796875,-0.016545705497264862,-0.016473837196826935,0.44194233417510986,0.2223929911851883
v2-training-0270,training,270,0.001026374364981792,0.004032398129948794,0.005811445459132458,20461192,4001,1.4792122840881348,-0.02267158031463623,-0.02271292172372341,0.39857056736946106,0.2232837975025177
v2-training-0271,training,271,0.0009567069258938857,0.00531389965663873,0.00448067787070398,20461193,4889,1.6197608709335327,-0.01775495335459709,-0.01778620481491089,0.47148746252059937,0.22485212981700897
v2-training-0272,training,272,0.0010641890575861027,0.005488208980268162,0.00577375520876958,20461194,4997,1.4277546405792236,-0.023212887346744537,-0.023342963308095932,0.454253226518631,0.23274999856948853
v2-training-0273,training,273,0.0008285216331831886,0.005451213946332201,0.00520530461599566,20461195,5009,1.4330534934997559,-0.009502745233476162,-0.00947949942201376,0.501477837562561,0.2247820794582367
v2-training-0274,training,274,0.0008299391606525618,0.005670394842310446,0.005904129171699765,20461196,5201,2.1164438724517822,-0.01743447035551071,-0.01764180138707161,0.506094217300415,0.23060958087444305
v2-training-0275,training,275,0.0008033938574076872,0.0056386933943195355,0.00561203420369492,20461197,5129,2.051074743270874,-0.0185330081731081,-0.01849883235991001,0.5128347277641296,0.22693219780921936
v2-training-0276,training,276,0.0010906684866307196,0.004740531310657426,0.005019683580384742,20461198,4433,1.547824740409851,-0.02010161429643631,-0.020052654668688774,0.4236801564693451,0.23486602306365967
v2-training-0277,training,277,0.0008239108290536437,0.004597922065587659,0.005593752531618551,20461199,4361,1.7687718868255615,-0.018157754093408585,-0.01820216327905655,0.4713961184024811,0.23533490300178528
v2-training-0278,training,278,0.0010860608042221251,0.004703744897493848,0.004406796079142629,20461200,4397,1.7140014171600342,-0.014765078201889992,-0.014715984463691711,0.41904300451278687,0.22740869224071503
v2-training-0279,training,279,0.0008804451634134589,0.004715455239985335,0.004390276866156753,20461201,4517,1.1598458290100098,-0.009579343721270561,-0.00958618801087141,0.4643375873565674,0.22510533034801483
v2-training-0280,training,280,0.000983379830811303,0.005129135910952343,0.005713108583894685,20461202,4781,1.2664597034454346,-0.01888686791062355,-0.018830247223377228,0.45846161246299744,0.2321137934923172
v2-training-0281,training,281,0.0008006369988760411,0.005172270034720259,0.005113361781414555,20461203,4817,1.5912953615188599,-0.016720108687877655,-0.01670036092400551,0.5005203485488892,0.22707496583461761
v2-training-0282,training,282,0.0011785705876198767,0.005156861978947326,0.004177049217933684,20461204,4781,1.1535650491714478,-0.02234405279159546,-0.02246815711259842,0.4223834276199341,0.21838727593421936
v2-training-0283,training,283,0.0011301263870380218,0.004935675774962544,0.004415630009946371,20461205,4613,1.7515010833740234,-0.017103904858231544,-0.017118290066719055,0.42357996106147766,0.22780054807662964
v2-training-0284,training,284,0.0010225923152115777,0.004400026412754233,0.005235277987976138,20461206,4145,1.6229007244110107,-0.024571534246206284,-0.024657079949975014,0.4211745858192444,0.23298433423042297
v2-training-0285,training,285,0.0008779192476746409,0.004096974014100907,0.00468809436198101,20461207,4145,2.117905378341675,-0.018921615555882454,-0.01893913745880127,0.4375096261501312,0.22520455718040466
v2-training-0286,training,286,0.0011729288519765865,0.004542328895581613,0.005307775602910373,20461208,4301,1.5681027173995972,-0.02207687869668007,-0.022102825343608856,0.3950105905532837,0.21814113855361938
v2-training-0287,training,287,0.0011460111809867243,0.005226799836790898,0.004598901636851976,20461209,4769,1.3067978620529175,-0.01267150416970253,-0.012765049003064632,0.42847955226898193,0.2241887003183365
v2-training-0288,training,288,0.0011996966544100829,0.004639931570370654,0.005783893137634558,20461210,4373,1.4515880346298218,-0.030373403802514076,-0.030407782644033432,0.3968667984008789,0.21867741644382477
v2-training-0289,training,289,0.0009595835481093721,0.005308402102497755,0.004236116950700092,20461211,4889,1.3222848176956177,-0.015403179451823235,-0.015428688377141953,0.4730018377304077,0.2267802655696869
v2-training-0290,training,290,0.0009916808152527854,0.004443670095142897,0.004297527077799864,20461212,4253,1.2857873439788818,-0.02283470332622528,-0.02288578264415264,0.42998820543289185,0.22760072350502014
v2-training-0291,training,291,0.0008526896156994848,0.005347043037616288,0.005282581695821371,20461213,4865,1.8071510791778564,-0.013974975794553757,-0.013883033767342567,0.4909561276435852,0.22765712440013885
v2-training-0292,training,292,0.0008391454643589981,0.005679778142989586,0.005210464490745416,20461214,5225,1.2822892665863037,-0.007385081145912409,-0.007651009131222963,0.5048850774765015,0.22637411952018738
v2-training-0293,training,293,0.0009101446949932779,0.004837697461154129,0.004784309994327204,20461215,4541,1.6614278554916382,-0.01821465604007244,-0.018208758905529976,0.46487799286842346,0.2285110503435135
v2-training-0294,training,294,0.0010303869860065996,0.00428875557981232,0.005344151138167472,20461216,4217,1.8526827096939087,-0.022654324769973755,-0.022537395358085632,0.4077436923980713,0.2235032618045807
v2-training-0295,training,295,0.0009507244438145147,0.0047326764307029905,0.004121930949888192,20461217,4493,1.7311540842056274,-0.01115131750702858,-0.011103373020887375,0.4468802213668823,0.22090129554271698
v2-training-0296,training,296,0.0008932780430756304,0.004702865568396838,0.004715629990610324,20461218,4445,1.4956647157669067,-0.011567269451916218,-0.011434945277869701,0.46362364292144775,0.23014488816261292
v2-training-0297,training,297,0.0010674807178277285,0.00578316733626286,0.00580590451134389,20461219,5225,1.4409829378128052,-0.01901043951511383,-0.019061293452978134,0.462022602558136,0.22539260983467102
v2-training-0298,training,298,0.001061377397155462,0.0040581617884336025,0.005913227983806238,20461220,3941,1.6908559799194336,-0.029040968045592308,-0.029107965528964996,0.3924056589603424,0.21550022065639496
v2-training-0299,training,299,0.0009927492256858797,0.004203162838779208,0.005182591846531723,20461221,4277,1.6273574829101562,-0.019871007651090622,-0.019859720021486282,0.4181990623474121,0.228885680437088
v2-training-0300,training,300,0.0011364383727701173,0.005036774201202868,0.004203616019057151,20461222,4673,1.962511658668518,-0.015964146703481674,-0.015949640423059464,0.4286349415779114,0.2345031499862671
v2-training-0301,training,301,0.0010852788700586933,0.0051842844969516725,0.004668624587184058,20461223,4817,1.433512806892395,-0.019376877695322037,-0.019521335139870644,0.43940791487693787,0.23783224821090698
v2-training-0302,training,302,0.0009110015102594017,0.004266549536670517,0.005462561898107005,20461224,4397,1.597511649131775,-0.01856662705540657,-0.018645450472831726,0.4384402930736542,0.2341894656419754
v2-training-0303,training,303,0.0010835178409605891,0.005039483520456857,0.0049867025461759465,20461225,4649,1.645624041557312,-0.016627416014671326,-0.016680464148521423,0.4347597062587738,0.23449501395225525
v2-training-0304,training,304,0.00083634213143903,0.005414359179519046,0.005277776611384267,20461226,4973,1.5365313291549683,-0.017988258972764015,-0.018183495849370956,0.4964556097984314,0.2282024472951889
v2-training-0305,training,305,0.0010720819680328322,0.00467857684287652,0.005606645834446737,20461227,4433,1.7160581350326538,-0.019815299659967422,-0.019860927015542984,0.4195745289325714,0.22568297386169434
v2-training-0306,training,306,0.0011434721550758315,0.004854439160639181,0.004982419963183206,20461228,4541,1.3852380514144897,-0.018679533153772354,-0.018665559589862823,0.41838666796684265,0.22980496287345886
v2-training-0307,training,307,0.0009161659128399883,0.004223582415952352,0.005576120428021726,20461229,4265,1.9763177633285522,-0.01942751370370388,-0.019468698650598526,0.43365639448165894,0.2286212146282196
v2-training-0308,training,308,0.0010811226531550302,0.005107921731686705,0.004073490032548524,20461230,4769,1.7886170148849487,-0.009585193358361721,-0.009585252031683922,0.443074107170105,0.22640360891819
v2-training-0309,training,309,0.0011033127406993785,0.004406940929608591,0.005290459269962765,20461231,4205,1.74211847782135,-0.026159603148698807,-0.026292648166418076,0.40117356181144714,0.22262756526470184
v2-training-0310,training,310,0.0010916554302190227,0.00574169821088841,0.005386543379171431,20461232,4973,1.3707094192504883,-0.01009318046271801,-0.010129021480679512,0.46054819226264954,0.23068580031394958
v2-training-0311,training,311,0.0009168538609067885,0.004462532905302496,0.004312425092581384,20461233,4217,1.2575209140777588,-0.015192287974059582,-0.01518297754228115,0.4439445436000824,0.23818260431289673
v2-training-0312,training,312,0.000830966662032495,0.004178785357887994,0.005716712612745353,20461234,4313,1.5706627368927002,-0.017283599823713303,-0.01733344979584217,0.4464622735977173,0.23183606564998627
v2-training-0313,training,313,0.0010574239657525192,0.005475512736444202,0.004200567855815079,20461235,4793,1.40137779712677,-0.015194904990494251,-0.015252415090799332,0.4591982960700989,0.23785248398780823
v2-training-0314,training,314,0.000979281013224643,0.005024110952331677,0.00481950716715089,20461236,4685,1.355454444885254,-0.015804708003997803,-0.016019601374864578,0.4563055634498596,0.23234640061855316
v2-training-0315,training,315,0.001106360715223591,0.005477224662087251,0.005981597715091378,20461237,5009,1.5404847860336304,-0.015275168232619762,-0.015318171121180058,0.44876545667648315,0.23359157145023346
v2-training-0316,training,316,0.001171224052862793,0.0048508227663083625,0.004609345063397555,20461238,4553,1.7009432315826416,-0.013594637624919415,-0.013670234009623528,0.4146205186843872,0.2299008071422577
v2-training-0317,training,317,0.001148538416432459,0.004989763924275095,0.004293771386126946,20461239,4481,1.5076407194137573,-0.023642145097255707,-0.023687416687607765,0.4172217845916748,0.2240651547908783
v2-training-0318,training,318,0.000944463321684849,0.004622904968518924,0.005370621992638315,20461240,4409,1.48762845993042,-0.015042146667838097,-0.014990994706749916,0.4484202563762665,0.2269141525030136
v2-training-0319,training,319,0.0011181339965998136,0.0056218586662502585,0.005401955780505372,20461241,5069,1.5300008058547974,-0.01726238988339901,-0.017109982669353485,0.4488151967525482,0.2319333255290985
v2-training-0320,training,320,0.0009118553793208697,0.004767749668084045,0.0054161681591420804,20461242,4493,1.63114333152771,-0.026796985417604446,-0.026817206293344498,0.45982444286346436,0.22966179251670837
v2-training-0321,training,321,0.0011859980478246238,0.005325397869247709,0.005939379373420376,20461243,4805,1.498599648475647,-0.02075807750225067,-0.020910749211907387,0.4294205904006958,0.22537371516227722
v2-training-0322,training,322,0.0010386068477452387,0.004017954686222714,0.005909308196570239,20461244,4145,1.741348385810852,-0.02469702810049057,-0.024796053767204285,0.3964865207672119,0.22440284490585327
v2-training-0323,training,323,0.0009699322567710977,0.004022971212952299,0.005465827563374065,20461245,4253,1.3606747388839722,-0.017750920727849007,-0.017795559018850327,0.41485822200775146,0.23198550939559937
v2-training-0324,training,324,0.0009980407370444805,0.004127826236733334,0.00484794848276704,20461246,4289,1.4412248134613037,-0.01467616856098175,-0.014672530815005302,0.4149572551250458,0.22573961317539215
v2-training-0325,training,325,0.0011912079665863508,0.004823874337582084,0.005293280282187083,20461247,4517,1.5239067077636719,-0.023918190971016884,-0.023974427953362465,0.4054540991783142,0.23054957389831543
v2-training-0326,training,326,0.000888250276480134,0.004707669765118875,0.004479379237099592,20461248,4433,1.6305419206619263,-0.01958395168185234,-0.01962270401418209,0.4613501727581024,0.22299690544605255
v2-training-0327,training,327,0.0010478065590794694,0.005394740528674078,0.005347788864736155,20461249,4925,1.3118566274642944,-0.017961248755455017,-0.01803608238697052,0.4558950662612915,0.23134204745292664
v2-training-0328,training,328,0.0008761214089527494,0.00433855096881533,0.00497155464261959,20461250,4109,1.838109016418457,-0.015090353786945343,-0.015084479004144669,0.4489970803260803,0.22766387462615967
v2-training-0329,training,329,0.0009689499393047105,0.004103159521640275,0.005569732751429816,20461251,4193,1.6754571199417114,-0.020391762256622314,-0.020388547331094742,0.41767796874046326,0.22376097738742828
v2-training-0330,training,330,0.0008215949415828986,0.004159766172108687,0.004449240871822829,20461252,4325,1.560848593711853,-0.023141011595726013,-0.023291368037462234,0.4503225088119507,0.22236774861812592
v2-training-0331,training,331,0.0011840477352036338,0.004060898027574626,0.005216500559859212,20461253,3905,1.5054959058761597,-0.02122008055448532,-0.02124476432800293,0.3706939220428467,0.22351667284965515
v2-training-0332,training,332,0.0009959966933067756,0.004364307337082467,0.004007914886006584,20461254,4421,1.4581259489059448,-0.0142911896109581,-0.014330388978123665,0.42563527822494507,0.23527200520038605
v2-training-0333,training,333,0.0008162091504485886,0.0052176580042379616,0.005617858501492465,20461255,4793,1.6082278490066528,-0.020735861733555794,-0.020662665367126465,0.4965178966522217,0.23026442527770996
v2-training-0334,training,334,0.0008683022237072685,0.004817525770137937,0.004976755014391717,20461256,4553,1.5103380680084229,-0.01660151593387127,-0.016708750277757645,0.46596887707710266,0.22305618226528168
v2-training-0335,training,335,0.000930160375795834,0.005030165387754039,0.005297062705905089,20461257,4709,1.7555569410324097,-0.014158166944980621,-0.014391954988241196,0.4632735252380371,0.22829493880271912
v2-training-0336,training,336,0.0008909358573714124,0.005960049784711548,0.00526233736793973,20461258,5177,1.2213155031204224,-0.017282525077462196,-0.017349902540445328,0.5068804621696472,0.23608572781085968
v2-training-0337,training,337,0.0009006715840695061,0.0043748968292375906,0.005229878308699694,20461259,4445,1.9318071603775024,-0.018347591161727905,-0.018375858664512634,0.4455011487007141,0.2296144664287567
v2-training-0338,training,338,0.0011694002050889954,0.004951660343212685,0.004459287111551172,20461260,4625,1.7965747117996216,-0.020730704069137573,-0.02070336975157261,0.4136917293071747,0.22454331815242767
v2-training-0339,training,339,0.0008139102123842642,0.005717461067092814,0.0040021705021657545,20461261,5165,1.8534830808639526,-0.010211603716015816,-0.01015697792172432,0.5115750432014465,0.2335052341222763
v2-training-0340,training,340,0.001068013559905196,0.004148749462904771,0.00464353558291468,20461262,4181,1.4908943176269531,-0.021095335483551025,-0.021152015775442123,0.3954237401485443,0.22507968544960022
v2-training-0341,training,341,0.0011254970257603117,0.0046185950657815404,0.005555302994349134,20461263,4373,1.3480268716812134,-0.017224207520484924,-0.017332933843135834,0.40884652733802795,0.22698327898979187
v2-training-0342,training,342,0.001105540575340095,0.005873458864954111,0.0052469149708837875,20461264,5117,1.5523890256881714,-0.01685076206922531,-0.016904018819332123,0.4590246379375458,0.23113052546977997
v2-training-0343,training,343,0.0008386303368918469,0.004502123635342608,0.004623958304895813,20461265,4289,1.3484227657318115,-0.013904599472880363,-0.013922720216214657,0.4670499265193939,0.2343326359987259
v2-training-0344,training,344,0.0010801338812913206,0.005014392411521873,0.005542047743694699,20461266,4625,1.9212427139282227,-0.023003652691841125,-0.023083273321390152,0.4347166419029236,0.2355423867702484
v2-training-0345,training,345,0.000980576733430522,0.004190623074238376,0.004759126061450939,20461267,4193,1.2393817901611328,-0.02211768738925457,-0.02212311141192913,0.41828617453575134,0.23454926908016205
v2-training-0346,training,346,0.0011043878929440768,0.004726226216191504,0.005355660524801834,20461268,4457,2.032158613204956,-0.018491296097636223,-0.018571995198726654,0.42270469665527344,0.22089643776416779
v2-training-0347,training,347,0.000940525561859964,0.005332749233855293,0.0053234618659116426,20461269,4865,1.9350881576538086,-0.017646295949816704,-0.01770341582596302,0.4758104681968689,0.232728973031044
v2-training-0348,training,348,0.0008111327034101924,0.005853692997337352,0.00570433947469719,20461270,5333,1.6202590465545654,-0.007271143142133951,-0.00725972093641758,0.5204476714134216,0.2251458466053009
v2-training-0349,training,349,0.0009372925661769727,0.005222686387193005,0.004426023587465183,20461271,4733,1.5899200439453125,-0.010530974715948105,-0.010593029670417309,0.4688780903816223,0.2362358421087265
v2-training-0350,training,350,0.0008188310314445544,0.004973428566233286,0.004823045075027142,20461272,4673,1.6127607822418213,-0.012370500713586807,-0.012359950691461563,0.48913609981536865,0.23151497542858124
v2-training-0351,training,351,0.001139942043007032,0.005845334977819257,0.005771427646199682,20461273,5213,1.6427538394927979,-0.02480604499578476,-0.025084620341658592,0.4525650143623352,0.21705619990825653
v2-training-0352,training,352,0.0010540652247786248,0.00446973228781612,0.005948682732063066,20461274,4361,1.2443526983261108,-0.025075962767004967,-0.025072148069739342,0.41535481810569763,0.22661593556404114
v2-training-0353,training,353,0.0010504116114521541,0.004164433649650497,0.004028138471604415,20461275,3965,1.4833117723464966,-0.018135327845811844,-0.018152296543121338,0.4028738737106323,0.2330687791109085
v2-training-0354,training,354,0.0011916137213914615,0.004791586226743364,0.004951208104816416,20461276,4481,1.335970401763916,-0.017215069383382797,-0.017157036811113358,0.4049832224845886,0.23635493218898773
v2-training-0355,training,355,0.000921946554289242,0.004485483161833137,0.004467969997697363,20461277,4481,1.5506597757339478,-0.015975644811987877,-0.015987753868103027,0.4456179738044739,0.23394116759300232
v2-training-0356,training,356,0.0010606819962834914,0.005581891624952168,0.004968648257278152,20461278,5057,1.576996088027954,-0.021447258070111275,-0.021470878273248672,0.4599051773548126,0.22960668802261353
v2-training-0357,training,357,0.000824888502849399,0.005149577136542019,0.004334436420795057,20461279,4805,1.2956292629241943,-0.01582423783838749,-0.015822716057300568,0.4946499764919281,0.22989578545093536
v2-training-0358,training,358,0.0009291007890845629,0.005193502244615498,0.004667248063723664,20461280,4865,1.3583942651748657,-0.014366122893989086,-0.014440935105085373,0.4699804484844208,0.2222381830215454
v2-training-0359,training,359,0.0009577123090411753,0.004354554501031099,0.005088069689139279,20461281,4217,1.5281001329421997,-0.01796644553542137,-0.018091440200805664,0.4286140501499176,0.23190787434577942
v2-training-0360,training,360,0.0009735857558178481,0.004511621214126726,0.00424897665684204,20461282,4277,1.9155696630477905,-0.023301897570490837,-0.023265860974788666,0.4325619637966156,0.2234073132276535
v2-training-0361,training,361,0.0011599523647982508,0.004168564966967612,0.005707158221086839,20461283,3929,1.505444884300232,-0.03119058720767498,-0.03135456517338753,0.37470847368240356,0.22437994182109833
v2-training-0362,training,362,0.0008781471170082262,0.005689858045497235,0.005137222706618376,20461284,5201,1.4828146696090698,-0.01896282657980919,-0.019161511212587357,0.49727293848991394,0.230802521109581
v2-training-0363,training,363,0.0009681297026816822,0.005147798208256001,0.004575701219878511,20461285,4793,1.8726811408996582,-0.0111220832914114,-0.01113419234752655,0.46046754717826843,0.22588437795639038
v2-training-0364,training,364,0.0011199397500512012,0.004533491004483721,0.005472123835628786,20461286,4349,1.4770212173461914,-0.015468659810721874,-0.01551595889031887,0.41011950373649597,0.22247226536273956
v2-training-0365,training,365,0.0008324902207840259,0.00468123248826843,0.005439307912453897,20461287,4433,2.064682960510254,-0.01868152618408203,-0.01876264624297619,0.47287997603416443,0.22960641980171204
v2-training-0366,training,366,0.000847248193856073,0.00435708256326337,0.00540337423020607,20461288,4217,1.5395525693893433,-0.018827885389328003,-0.018940100446343422,0.4581431746482849,0.2271736115217209
v2-training-0367,training,367,0.0008266029882592694,0.004446082534541627,0.004219470932346946,20461289,4481,1.7092363834381104,-0.017809314653277397,-0.017982229590415955,0.4650741219520569,0.23877154290676117
v2-training-0368,training,368,0.0009710837340061393,0.00552798275391019,0.004033722597781213,20461290,4997,1.2918599843978882,-0.014505279250442982,-0.014567701146006584,0.4724290072917938,0.2392517775297165
v2-training-0369,training,369,0.0009940102571492089,0.004257494486157848,0.004489686235606441,20461291,4061,1.9413982629776,-0.017133444547653198,-0.01715695485472679,0.4193313419818878,0.22748598456382751
v2-training-0370,training,370,0.0008667494069479245,0.0041235346956017506,0.005754083198337473,20461292,4253,1.5700076818466187,-0.02600150555372238,-0.0257424246519804,0.4379500448703766,0.2346363067626953
v2-training-0371,training,371,0.0009058413158309071,0.005054752159799251,0.005501613201498947,20461293,4769,1.41315495967865,-0.016378913074731827,-0.01643114723265171,0.46597856283187866,0.22885078191757202
v2-training-0372,training,372,0.0011664102155423558,0.004328942656657967,0.0054955030612669035,20461294,4277,1.4546633958816528,-0.025996632874011993,-0.02604658529162407,0.38733455538749695,0.22177128493785858
v2-training-0373,training,373,0.0008929532149681659,0.0048035573628179475,0.00450510806096386,20461295,4517,1.4800300598144531,-0.009548653848469257,-0.009569419547915459,0.46713292598724365,0.23441362380981445
v2-training-0374,training,374,0.0008556220466190603,0.0043956798703851255,0.0054897458367625445,20461296,4469,1.352251410484314,-0.017558321356773376,-0.017616020515561104,0.457206666469574,0.2310858815908432
v2-training-0375,training,375,0.0008747737357955698,0.0055558767016907675,0.005200615032136314,20461297,5081,1.9284706115722656,-0.014502163976430893,-0.01443204004317522,0.49695101380348206,0.22498930990695953
v2-training-0376,training,376,0.0010137081500426234,0.0054824739298691355,0.004372910192934716,20461298,5021,2.421501636505127,-0.014938111416995525,-0.014953725039958954,0.46761831641197205,0.22359231114387512
v2-training-0377,training,377,0.0010469288479491895,0.004078688612462245,0.004686083938781102,20461299,3953,1.9389479160308838,-0.014492102898657322,-0.014477258548140526,0.3980971574783325,0.22585070133209229
v2-training-0378,training,378,0.0008290735319785892,0.0057518985912715665,0.004832825775139152,20461300,5321,1.4896488189697266,-0.012997920624911785,-0.013069282285869122,0.5096619725227356,0.22630873322486877
v2-training-0379,training,379,0.0009945378177907663,0.004545108523299721,0.004746601416226033,20461301,4361,1.5009490251541138,-0.014136374928057194,-0.014143950305879116,0.42944878339767456,0.2269296497106552
v2-training-0380,training,380,0.0011937493492282837,0.005819741782254381,0.005014282644806845,20461302,5153,1.4528789520263672,-0.01840883120894432,-0.01843411847949028,0.4453497529029846,0.23096463084220886
v2-training-0381,training,381,0.0010742084680456223,0.004414820049256399,0.005473526682047052,20461303,4253,1.253588318824768,-0.02575397491455078,-0.025886215269565582,0.4076537787914276,0.22228868305683136
v2-training-0382,training,382,0.0010057568094813004,0.004303169559279638,0.005922285700768238,20461304,4109,1.589581847190857,-0.02646496705710888,-0.026531096547842026,0.418437659740448,0.2276286780834198
v2-training-0383,training,383,0.0009406810927557498,0.004347833905475662,0.005799828799586066,20461305,4169,1.7589722871780396,-0.02137034758925438,-0.02140706218779087,0.43348628282546997,0.22404085099697113
v2-training-0384,training,384,0.0010790351551999114,0.005231164674672095,0.005750732135269745,20461306,4745,2.035606861114502,-0.029849154874682426,-0.029892724007368088,0.4423176944255829,0.22823192179203033
v2-training-0385,training,385,0.0011766546170442643,0.004156198707880555,0.005636263737623714,20461307,3965,2.0498745441436768,-0.03042079508304596,-0.030447527766227722,0.37595051527023315,0.21521587669849396
v2-training-0386,training,386,0.0008482402351894919,0.005777912861457231,0.00479891693125231,20461308,5249,1.3588826656341553,-0.018140330910682678,-0.01812644489109516,0.5054523348808289,0.2255692481994629
v2-training-0387,training,387,0.001041784925275804,0.0045170230408266105,0.004778412733687193,20461309,4181,2.611372232437134,-0.02105671353638172,-0.021088533103466034,0.4167700707912445,0.2235504388809204
v2-training-0388,training,388,0.0011211798246943837,0.0050803506040137435,0.005966601393245663,20461310,4757,1.9291132688522339,-0.01736072078347206,-0.017432840541005135,0.43188998103141785,0.22625556588172913
v2-training-0389,training,389,0.0010147221286303015,0.005814457914406398,0.005850719694920494,20461311,5225,1.5511069297790527,-0.0193533543497324,-0.019442403689026833,0.47598791122436523,0.23130197823047638
v2-training-0390,training,390,0.0010444075625410565,0.005087652787314791,0.005942736248797052,20461312,4745,1.37254798412323,-0.022516189143061638,-0.022575534880161285,0.4413298964500427,0.23093155026435852
v2-training-0391,training,391,0.0011080800868872723,0.00571370631989507,0.00403515808951172,20461313,5141,1.6256262063980103,-0.00648102443665266,-0.006440736353397369,0.4574035704135895,0.22636976838111877
v2-training-0392,training,392,0.0009491451122247141,0.004885949837705186,0.005352998318335917,20461314,4577,1.4069902896881104,-0.01834688149392605,-0.0182957760989666,0.45523789525032043,0.22944270074367523
v2-training-0393,training,393,0.0008672718438708413,0.005047344907174824,0.005444015140595041,20461315,4649,1.3346166610717773,-0.01583126373589039,-0.015737518668174744,0.4810527563095093,0.23301459848880768
v2-training-0394,training,394,0.0010038336887838954,0.005114858526234651,0.005642322875217699,20461316,4745,1.5759257078170776,-0.019563449546694756,-0.019557207822799683,0.44846323132514954,0.22686293721199036
v2-training-0395,training,395,0.0010578607456381787,0.004345498377975414,0.0045083285406131175,20461317,4193,1.17500901222229,-0.013082550838589668,-0.013098524883389473,0.4091828465461731,0.2225348949432373
v2-training-0396,training,396,0.0011761280311284345,0.0044322566838891735,0.004675657588161489,20461318,4169,1.8582706451416016,-0.017144234851002693,-0.017324242740869522,0.3909457325935364,0.21974653005599976
v2-training-0397,training,397,0.0009376531963598484,0.005934629115312159,0.00419219239788342,20461319,5369,1.6828386783599854,-0.017733708024024963,-0.01770045980811119,0.4934702515602112,0.2204783856868744
v2-training-0398,training,398,0.0011623382994093005,0.005278539211832727,0.004706337207275572,20461320,4829,1.6723307371139526,-0.0181181151419878,-0.018094439059495926,0.4300549030303955,0.22548341751098633
v2-training-0399,training,399,0.001121043547585491,0.005444853912557294,0.0041382014991646265,20461321,4961,1.4093210697174072,-0.017727401107549667,-0.017895307391881943,0.44726136326789856,0.2314305454492569
v2-training-0400,training,400,0.0008942847095156142,0.005946282188016297,0.004363688749042264,20461322,5369,1.7020267248153687,-0.016306523233652115,-0.01629115641117096,0.5065721869468689,0.22860704362392426
v2-training-0401,training,401,0.001128506312245758,0.004876557087340927,0.0044204578755002765,20461323,4565,1.5138485431671143,-0.01372859813272953,-0.013810107484459877,0.4222974181175232,0.22815389931201935
v2-training-0402,training,402,0.0010651107620992739,0.0049832800855581505,0.005914858003537301,20461324,4637,1.4067769050598145,-0.022631272673606873,-0.02276630327105522,0.4396193325519562,0.2289676070213318
v2-training-0403,training,403,0.00119812373224458,0.004035583234393628,0.0048563094006016235,20461325,3905,1.8988986015319824,-0.02450939267873764,-0.024491216987371445,0.36377984285354614,0.21714965999126434
v2-training-0404,training,404,0.0008169847545864678,0.005187836687899601,0.004153491400339205,20461326,4769,1.4958038330078125,-0.017705267295241356,-0.01778493821620941,0.49332761764526367,0.2214840054512024
v2-training-0405,training,405,0.0008841181362067063,0.004119817907014894,0.005125583023956265,20461327,4277,1.144924283027649,-0.021312732249498367,-0.021217450499534607,0.4363252520561218,0.2326185554265976
v2-training-0406,training,406,0.0011832541654666585,0.004928141066585227,0.005271487496145312,20461328,4637,2.026413917541504,-0.020008059218525887,-0.02018187940120697,0.4132439196109772,0.2324611395597458
v2-training-0407,training,407,0.0008439620888755897,0.004146923521670691,0.004584445084450867,20461329,4301,1.3595337867736816,-0.01929694041609764,-0.019348200410604477,0.4472582936286926,0.22936342656612396
v2-training-0408,training,408,0.001164537831828463,0.004902552544564451,0.005921412724852438,20461330,4517,1.4663519859313965,-0.02396349608898163,-0.024022763594985008,0.4181884527206421,0.23747695982456207
v2-training-0409,training,409,0.0008058284200951249,0.00570633253087866,0.004207537382739996,20461331,5177,1.5002728700637817,-0.014059344306588173,-0.014152721501886845,0.513991117477417,0.2272443175315857
v2-training-0410,training,410,0.0011655995472071375,0.004862348450472499,0.004881566732776385,20461332,4565,1.7685171365737915,-0.02263208106160164,-0.02270955964922905,0.4139232039451599,0.22435148060321808
v2-training-0411,training,411,0.0011422974608454115,0.004662367264287478,0.00419868663445254,20461333,4361,1.7129909992218018,-0.02856544405221939,-0.028636954724788666,0.40227246284484863,0.2190379798412323
v2-training-0412,training,412,0.0010563804233854057,0.005573106521051275,0.005329558419182521,20461334,5045,1.477289080619812,-0.013621470890939236,-0.013643927872180939,0.46221399307250977,0.22456258535385132
v2-training-0413,training,413,0.0008700414537631509,0.005553707570471914,0.004125992123225834,20461335,5045,2.1939401626586914,-0.015981454402208328,-0.015972599387168884,0.4954209625720978,0.23111672699451447
v2-training-0414,training,414,0.0011947003751984593,0.004555249589703308,0.00525519344723032,20461336,4265,1.4504896402359009,-0.026279838755726814,-0.02642723172903061,0.39030060172080994,0.22241033613681793
v2-training-0415,training,415,0.0010337552840742339,0.004116301348214641,0.004803050174610872,20461337,3965,1.860905408859253,-0.01891203597187996,-0.01892218180000782,0.404421865940094,0.22477857768535614
v2-training-0416,training,416,0.0011814134324639488,0.004530765351739449,0.0040685953151539025,20461338,4289,1.5405304431915283,-0.02607220597565174,-0.026033565402030945,0.38974305987358093,0.22572211921215057
v2-training-0417,training,417,0.0009201855151136216,0.004238679659062585,0.004269175271273673,20461339,4385,1.2610583305358887,-0.020173311233520508,-0.020241711288690567,0.43060731887817383,0.23484505712985992
v2-training-0418,training,418,0.0008468232797515864,0.004584683258783561,0.004793857322544364,20461340,4361,1.7893342971801758,-0.01923724263906479,-0.019326750189065933,0.46535274386405945,0.22351385653018951
v2-training-0419,training,419,0.000990239014519672,0.004918543627280994,0.004520451289879282,20461341,4649,1.582821011543274,-0.016063593327999115,-0.016049738973379135,0.4500347375869751,0.22661936283111572
v2-training-0420,training,420,0.0010244445842738346,0.005868752568039631,0.005028378462453615,20461342,5069,1.5923231840133667,-0.0172504261136055,-0.017314761877059937,0.4758550226688385,0.22877448797225952
v2-training-0421,training,421,0.001100623646563059,0.005743043895846158,0.005040017082239304,20461343,5021,1.3464690446853638,-0.021943263709545135,-0.021911373361945152,0.45671534538269043,0.2226909101009369
v2-training-0422,training,422,0.0008751165335482598,0.0053600914978833725,0.005091593020514725,20461344,5057,1.2266089916229248,-0.0047186072915792465,-0.004554813727736473,0.49026408791542053,0.2340397834777832
v2-training-0423,training,423,0.0009966009716215647,0.005298423270073961,0.0058972826351055205,20461345,4901,1.7191112041473389,-0.01681911200284958,-0.01685239002108574,0.4652619957923889,0.2258194088935852
v2-training-0424,training,424,0.0011972665350375446,0.004243358819923868,0.005054280934487823,20461346,4061,2.0551748275756836,-0.02225746400654316,-0.022473249584436417,0.37583041191101074,0.22090046107769012
v2-training-0425,training,425,0.000977806465584234,0.004162713522704886,0.00459373833510705,20461347,4217,1.6415419578552246,-0.012492806650698185,-0.01251059491187334,0.4169044494628906,0.22112932801246643
v2-training-0426,training,426,0.0008719390921747852,0.00597675232145005,0.00467789549492749,20461348,5369,1.22617769241333,-0.01761234924197197,-0.017707843333482742,0.5097599029541016,0.226257786154747
v2-training-0427,training,427,0.0011323967862620129,0.0055666618088082,0.004341772709766053,20461349,4985,1.7703895568847656,-0.01743384823203087,-0.017771560698747635,0.444459468126297,0.23182383179664612
v2-training-0428,training,428,0.0011328589213680823,0.004995231619188698,0.004922160899271965,20461350,4649,2.294931411743164,-0.020241670310497284,-0.020362678915262222,0.42365971207618713,0.22295916080474854
v2-training-0429,training,429,0.0010781590562486743,0.0040295391458159075,0.005990409755432707,20461351,4121,1.3547080755233765,-0.03321542590856552,-0.03327120840549469,0.3847883939743042,0.22134210169315338
v2-training-0430,training,430,0.000806547525251039,0.005432510599258443,0.004041098700276855,20461352,5045,2.1393516063690186,-0.01291169784963131,-0.012970929965376854,0.5085808038711548,0.22192293405532837
v2-training-0431,training,431,0.0008992423985255221,0.004590136834197633,0.0050162722831280935,20461353,4577,1.4721574783325195,-0.019622623920440674,-0.01961391791701317,0.4526490569114685,0.22968550026416779
v2-training-0432,training,432,0.001030696367765939,0.004550859088157566,0.005452105574576982,20461354,4409,1.6519665718078613,-0.02135191485285759,-0.02161160111427307,0.42566409707069397,0.22603799402713776
v2-training-0433,training,433,0.001136900119921748,0.005246547348851045,0.004742601971672974,20461355,4793,1.4112679958343506,-0.019177991896867752,-0.019157452508807182,0.431575208902359,0.22684861719608307
v2-training-0434,training,434,0.0010325760431024096,0.005539249369120983,0.004627669352144735,20461356,5033,1.3395859003067017,-0.012135891243815422,-0.01220581866800785,0.4639241695404053,0.22767943143844604
v2-training-0435,training,435,0.0010661728932699183,0.004874103664943432,0.005699214836485765,20461357,4517,1.7049109935760498,-0.018723756074905396,-0.018736833706498146,0.4317810833454132,0.22001339495182037
v2-training-0436,training,436,0.0009014005912879342,0.005767523869757367,0.005725928260671883,20461358,5309,1.3488301038742065,-0.010221227072179317,-0.010249253362417221,0.496507465839386,0.22601355612277985
v2-training-0437,training,437,0.0011547093676283191,0.005119274154572215,0.005729804400807727,20461359,4793,1.2498518228530884,-0.018325405195355415,-0.018265536054968834,0.42467841506004333,0.2314295470714569
v2-training-0438,training,438,0.0008537650908934292,0.004276460121958899,0.004904935136643208,20461360,4145,1.7388745546340942,-0.017948009073734283,-0.017988868057727814,0.4513889253139496,0.22788339853286743
v2-training-0439,training,439,0.0008180773965949817,0.004377158906580478,0.0058181502127947985,20461361,4373,1.4349502325057983,-0.023028405383229256,-0.023115452378988266,0.4641394317150116,0.22769318521022797
v2-training-0440,training,440,0.0009041601409054573,0.004475264890556765,0.004916321877855603,20461362,4325,1.4141215085983276,-0.014942326582968235,-0.014970323070883751,0.45109260082244873,0.22555623948574066
v2-training-0441,training,441,0.0011554870923503003,0.004107203392044714,0.005026227318271206,20461363,4061,1.44391930103302,-0.022312108427286148,-0.022420896217226982,0.3774052560329437,0.21692104637622833
v2-training-0442,training,442,0.0009031691584960924,0.005423232774681326,0.005245037290174542,20461364,5009,1.9134567975997925,-0.015830617398023605,-0.015810664743185043,0.487497478723526,0.22492223978042603
v2-training-0443,training,443,0.0010532914133289154,0.005062000061940614,0.005762958706123944,20461365,4661,1.4340314865112305,-0.019217651337385178,-0.01929321512579918,0.4423852264881134,0.23497982323169708
v2-training-0444,training,444,0.0008585098136102118,0.005239848388961587,0.0044639283038243344,20461366,4865,1.625599980354309,-0.010009607300162315,-0.010082131251692772,0.48876985907554626,0.23039600253105164
v2-training-0445,training,445,0.0008616619011397483,0.004317671464551336,0.004084958092152175,20461367,4169,1.698222041130066,-0.01550119649618864,-0.015481444075703621,0.4502204358577728,0.23433783650398254
v2-training-0446,training,446,0.0008519982480549191,0.004997864510979895,0.0058784161611681734,20461368,4697,1.4069823026657104,-0.00840037502348423,-0.008463540114462376,0.47752296924591064,0.2248566746711731
v2-training-0447,training,447,0.0011277532237355563,0.0049251981024704536,0.005396401424092421,20461369,4637,1.2265340089797974,-0.020306507125496864,-0.02033114619553089,0.42261943221092224,0.22967006266117096
v2-training-0448,training,448,0.0009511075644691393,0.005701033880070868,0.005064784432947642,20461370,5105,1.4980101585388184,-0.012074347585439682,-0.012146854773163795,0.4849432110786438,0.22563722729682922
v2-training-0449,training,449,0.0011888022470247991,0.004798489009632114,0.0046500961585609814,20461371,4493,1.8658212423324585,-0.013080410659313202,-0.013165656477212906,0.4042659401893616,0.22234226763248444
v2-training-0450,training,450,0.0009216884802792683,0.0053009860134132294,0.0045389739760795834,20461372,4877,2.1409265995025635,-0.011437966488301754,-0.011462738737463951,0.47491875290870667,0.22429735958576202
v2-training-0451,training,451,0.0008513104713336619,0.005522949775115426,0.005326200825096221,20461373,5045,1.5714515447616577,-0.018219662830233574,-0.01821058616042137,0.4982430636882782,0.2171293944120407
v2-training-0452,training,452,0.0008178798466126718,0.004782050527068954,0.0047071921038194,20461374,4853,1.461007833480835,-0.017086584120988846,-0.01700792834162712,0.4821630120277405,0.2268812209367752
v2-training-0453,training,453,0.0010468689259846705,0.004327822049336415,0.0048970161866812465,20461375,4205,1.4131765365600586,-0.020632119849324226,-0.020655862987041473,0.41181591153144836,0.22415807843208313
v2-training-0454,training,454,0.0011807524025380938,0.005840879633281974,0.004109170057612667,20461376,5237,1.2656924724578857,-0.007345767226070166,-0.007412186823785305,0.4482504427433014,0.22932963073253632
v2-training-0455,training,455,0.0010762685867084095,0.004513634334329772,0.0058642906893797,20461377,4313,1.8816624879837036,-0.02791198343038559,-0.02791304886341095,0.4116591811180115,0.220161572098732
v2-training-0456,training,456,0.0011406468797832857,0.004793025713019832,0.004828569430210428,20461378,4493,1.5216912031173706,-0.016731593757867813,-0.016705607995390892,0.4158581495285034,0.2309085875749588
v2-training-0457,training,457,0.00112731010293616,0.0050464210568530185,0.005857352585210341,20461379,4673,1.691306710243225,-0.018714655190706253,-0.018742211163043976,0.4319394528865814,0.2230326235294342
v2-training-0458,training,458,0.0009358732459525913,0.004045238913013935,0.0057863489047661545,20461380,4169,1.869954228401184,-0.022757193073630333,-0.0228651762008667,0.4185122847557068,0.22733479738235474
v2-training-0459,training,459,0.0009713251856381525,0.005883715312853277,0.005959430765913973,20461381,5201,1.7315009832382202,-0.015796735882759094,-0.01583132892847061,0.483892023563385,0.22568626701831818
v2-training-0460,training,460,0.001190025495884314,0.005574680804507147,0.005748398276611398,20461382,5021,1.9355064630508423,-0.02352062240242958,-0.02359110862016678,0.43508604168891907,0.22498154640197754
v2-training-0461,training,461,0.0011954365165473323,0.005698669608809713,0.005522019339857753,20461383,5129,1.3003309965133667,-0.023736143484711647,-0.023861121386289597,0.44066697359085083,0.23138198256492615
v2-training-0462,training,462,0.0008553153440272344,0.004048907357889952,0.00443578641696292,20461384,4145,1.3584402799606323,-0.023367349058389664,-0.02338690310716629,0.44130733609199524,0.22676914930343628
v2-training-0463,training,463,0.0010191531952767022,0.004887540711843544,0.004680870757640403,20461385,4553,1.445119023323059,-0.020253943279385567,-0.020224185660481453,0.43952205777168274,0.23616677522659302
v2-training-0464,training,464,0.0008650109214570448,0.005501539355417202,0.0044408683530716975,20461386,5057,2.0013771057128906,-0.01770288497209549,-0.017769575119018555,0.4955027401447296,0.23406074941158295
v2-training-0465,training,465,0.00102338285786951,0.005995271235512776,0.004991160037787415,20461387,5381,1.404171347618103,-0.012175658717751503,-0.012193335220217705,0.48069655895233154,0.22272618114948273
v2-training-0466,training,466,0.0009312386622356409,0.004458607117687439,0.004502257288531667,20461388,4229,1.3912638425827026,-0.014831064268946648,-0.01489734835922718,0.44391733407974243,0.22719891369342804
v2-training-0467,training,467,0.0008045542045596256,0.005016273641421616,0.0052884416883410175,20461389,4721,1.5269070863723755,-0.018867172300815582,-0.01886840909719467,0.49005284905433655,0.22955167293548584
v2-training-0468,training,468,0.0009661202981743995,0.004960011933090467,0.004315866311353943,20461390,4649,1.6856005191802979,-0.016548532992601395,-0.016430160030722618,0.4556320607662201,0.22527195513248444
v2-training-0469,training,469,0.0008343722783629271,0.00537041771148703,0.005009583350626104,20461391,4997,2.1854822635650635,-0.014013400301337242,-0.013978678733110428,0.4993247091770172,0.21802279353141785
v2-training-0470,training,470,0.0010026803511262422,0.0044506470077703385,0.005169250672104008,20461392,4217,1.4233596324920654,-0.011157786473631859,-0.011165105737745762,0.426674485206604,0.22535090148448944
v2-training-0471,training,471,0.0011874044432584258,0.004011908903854939,0.005412866316349879,20461393,4097,1.4357099533081055,-0.023068491369485855,-0.023052629083395004,0.36855795979499817,0.22121888399124146
v2-training-0472,training,472,0.0009474709193869208,0.005921442394624663,0.005545884394423305,20461394,5153,2.1265971660614014,-0.011306490749120712,-0.011251323856413364,0.4907523989677429,0.2216489315032959
v2-training-0473,training,473,0.0011926330062936071,0.004296888440679613,0.005004436838220242,20461395,4073,1.6155675649642944,-0.021983560174703598,-0.021979209035634995,0.37959736585617065,0.21872302889823914
v2-training-0474,training,474,0.0011505608735822407,0.004213539808064666,0.004517224617734428,20461396,4085,1.4402003288269043,-0.020703839138150215,-0.020745737478137016,0.38669735193252563,0.2208481878042221
v2-training-0475,training,475,0.0010411287979458425,0.004947030513688436,0.00407686739560357,20461397,4613,1.271692156791687,-0.011625399813055992,-0.011567452922463417,0.4395289719104767,0.2287919819355011
v2-training-0476,training,476,0.0011895828549037812,0.004685918485493811,0.004398432190047131,20461398,4373,1.5405099391937256,-0.01830757036805153,-0.01815483346581459,0.4005015194416046,0.2242715209722519
v2-training-0477,training,477,0.0008259144302988165,0.005665894209359759,0.005702095233757334,20461399,5177,1.7146798372268677,-0.012048779055476189,-0.012059621512889862,0.5109832882881165,0.22043460607528687
v2-training-0478,training,478,0.0010731744476644666,0.005916057123542413,0.004239556633776168,20461400,5141,1.4644443988800049,-0.00952842552214861,-0.009563775733113289,0.46989208459854126,0.22592107951641083
v2-training-0479,training,479,0.000976701085900748,0.0059994871824844385,0.005538284236962813,20461401,5201,1.9993897676467896,-0.016905326396226883,-0.016910701990127563,0.49275654554367065,0.2228490710258484
v2-training-0480,training,480,0.001083890683510804,0.005631845880261839,0.005381738428503407,20461402,5069,1.605613112449646,-0.014303890988230705,-0.014338338747620583,0.4565940797328949,0.22874338924884796
v2-training-0481,training,481,0.0008143733612936462,0.004824746851776446,0.004938473964926336,20461403,4565,1.4188077449798584,-0.01694934442639351,-0.016921738162636757,0.48420730233192444,0.23486700654029846
v2-training-0482,training,482,0.001092918739905679,0.004208936881562108,0.005378473959724944,20461404,4157,1.5364099740982056,-0.023811712861061096,-0.023846812546253204,0.39188092947006226,0.22162844240665436
v2-training-0483,training,483,0.0010047266547117072,0.004727219276453727,0.005149942586579099,20461405,4409,1.139686942100525,-0.017718181014060974,-0.017803415656089783,0.43712806701660156,0.23484715819358826
v2-training-0484,training,484,0.000804934982571694,0.005281576065362194,0.004391410594059803,20461406,4913,2.0218749046325684,-0.015400992706418037,-0.015446886420249939,0.5027401447296143,0.22359271347522736
v2-training-0485,training,485,0.001141890672293622,0.0057355863099841885,0.00510996430759697,20461407,5165,1.3870474100112915,-0.016622459515929222,-0.016700679436326027,0.44941192865371704,0.22344157099723816
v2-training-0486,training,486,0.001099993412403384,0.005866469731917382,0.004711719223392804,20461408,5129,1.86002779006958,-0.012763610109686852,-0.012779413722455502,0.4647703170776367,0.2183394730091095
v2-training-0487,training,487,0.0010871229839833259,0.005201869418391836,0.0049747670285406,20461409,4793,1.4429935216903687,-0.02742348052561283,-0.02750907838344574,0.4358244240283966,0.22175726294517517
v2-training-0488,training,488,0.000801255860329933,0.005892119142057693,0.005838023317258925,20461410,5357,1.9917911291122437,-0.017413457855582237,-0.01746641844511032,0.5225040316581726,0.22264361381530762
v2-training-0489,training,489,0.0010985789372924366,0.004067917329688869,0.005033327289775219,20461411,4049,1.3207145929336548,-0.02328123152256012,-0.02335245907306671,0.38634422421455383,0.22688768804073334
v2-training-0490,training,490,0.0011245675821501505,0.004930978476518481,0.004631496946905495,20461412,4613,2.1777565479278564,-0.021497536450624466,-0.021548185497522354,0.4255344569683075,0.22397781908512115
v2-training-0491,training,491,0.0010205060239400288,0.005219275517367572,0.005406743131287189,20461413,4817,1.84183931350708,-0.016182217746973038,-0.016199186444282532,0.4525645077228546,0.2240494042634964
v2-training-0492,training,492,0.0009146219644041588,0.00457760205656328,0.005147799745890689,20461414,4373,1.4267529249191284,-0.01571759581565857,-0.01577739790081978,0.4521249532699585,0.2365458607673645
v2-training-0493,training,493,0.0011259532551484077,0.005876730826854727,0.0040890320807593925,20461415,5045,1.7266521453857422,-0.01266464963555336,-0.012735744006931782,0.4609886705875397,0.24068832397460938
v2-training-0494,training,494,0.0008849330708636716,0.005377913392918871,0.004548685408482811,20461416,5009,1.3253605365753174,-0.020087867975234985,-0.020173417404294014,0.4871123731136322,0.2238500565290451
v2-training-0495,training,495,0.0009188593732487057,0.005308994416492258,0.004751532595869281,20461417,4889,1.6500210762023926,-0.014534369111061096,-0.014527598395943642,0.47973236441612244,0.2281530797481537
v2-training-0496,training,496,0.0008497594906511111,0.004892149703502626,0.005827902308526638,20461418,4577,1.3203068971633911,-0.018714820966124535,-0.018804019317030907,0.4799041152000427,0.23274706304073334
v2-training-0497,training,497,0.0009245497582071924,0.004880675000811003,0.005869058577469943,20461419,4601,1.3090693950653076,-0.01494913175702095,-0.014932151883840561,0.4641091525554657,0.22641870379447937
v2-training-0498,training,498,0.0009752966285300367,0.005316764626224291,0.005581638269279267,20461420,4841,1.7675132751464844,-0.023464156314730644,-0.023626498878002167,0.4656803011894226,0.228138267993927
v2-training-0499,training,499,0.0008630121597377394,0.004917721147162467,0.00598529153757219,20461421,4601,1.7282044887542725,-0.020821794867515564,-0.021036718040704727,0.4745659828186035,0.22843191027641296
v2-training-0500,training,500,0.0011855819520238662,0.004831825149625026,0.005343342822736007,20461422,4589,1.4736862182617188,-0.03074999339878559,-0.03097378835082054,0.4057249128818512,0.22754134237766266
v2-training-0501,training,501,0.0011585810262113147,0.004667229850626164,0.004090909508424294,20461423,4421,1.3886486291885376,-0.015361247584223747,-0.015306573361158371,0.40587738156318665,0.23051132261753082
v2-training-0502,training,502,0.0008313734046082964,0.005832049318063922,0.005336536542106716,20461424,5321,1.8503960371017456,-0.015358715318143368,-0.015447303652763367,0.5146622657775879,0.22755463421344757
v2-training-0503,training,503,0.0008706962152304574,0.004832790333571977,0.0042863830677808,20461425,4553,1.624868631362915,-0.010067679919302464,-0.010060939937829971,0.47107163071632385,0.22934210300445557
v2-training-0504,training,504,0.0010266786579619651,0.004602452757030016,0.004014819732745233,20461426,4349,1.336164951324463,-0.01125427521765232,-0.011202724650502205,0.4290356934070587,0.234797865152359
v2-training-0505,training,505,0.001163377697676087,0.005091371288363273,0.005080734973956278,20461427,4709,1.5294544696807861,-0.021457578986883163,-0.02146475575864315,0.4200533628463745,0.22556905448436737
v2-training-0506,training,506,0.0011661732050588071,0.005387206840614006,0.005588560740696745,20461428,4973,1.2994476556777954,-0.020112041383981705,-0.020357629284262657,0.429389089345932,0.23008249700069427
v2-training-0507,training,507,0.001169924494356818,0.0048407004600688995,0.004382682912469336,20461429,4565,2.2628426551818848,-0.014007281512022018,-0.014021455310285091,0.4123779833316803,0.22542142868041992
v2-training-0508,training,508,0.0008729274834828648,0.004236481478443011,0.005432235040316388,20461430,4133,1.9267266988754272,-0.01756531186401844,-0.01762644574046135,0.44243285059928894,0.22588281333446503
v2-training-0509,training,509,0.0009275821138651855,0.004564714159349706,0.004570765790041144,20461431,4373,1.622514009475708,-0.018279211595654488,-0.01824861764907837,0.44407081604003906,0.22821472585201263
v2-training-0510,training,510,0.0009319320766789955,0.005005840685594802,0.004657333930419566,20461432,4661,1.589788794517517,-0.017987702041864395,-0.01803402788937092,0.4671627879142761,0.2231396734714508
v2-training-0511,training,511,0.0009840540547733899,0.005566042021242316,0.004872263268656876,20461433,5045,1.791133165359497,-0.016560230404138565,-0.016523156315088272,0.4727592170238495,0.23111361265182495
v2-validation-0000,validation,0,0.0010112157609560321,0.0048935576920433,0.005669248216525593,20560922,4589,2.048367738723755,-0.02273639664053917,-0.022685257717967033,0.44234758615493774,0.2278035581111908
v2-validation-0001,validation,1,0.0011321918153677306,0.004872636458405452,0.0050770887778237885,20560923,4529,2.020547389984131,-0.0154727129265666,-0.015545337460935116,0.4201640188694,0.22728224098682404
v2-validation-0002,validation,2,0.0009001059702200611,0.004725509867465742,0.004493340919398187,20560924,4457,1.5126062631607056,-0.014942390844225883,-0.014937086030840874,0.4617559015750885,0.2389088273048401
v2-validation-0003,validation,3,0.0009584279554419737,0.00416953567788197,0.005356472889467141,20560925,4229,1.1716197729110718,-0.020731007680296898,-0.020834214985370636,0.4228627383708954,0.2264063060283661
v2-validation-0004,validation,4,0.0010809233770278227,0.005072988839764104,0.0053160766560372726,20560926,4733,2.5392911434173584,-0.013209482654929161,-0.013287395238876343,0.4394805133342743,0.22645817697048187
v2-validation-0005,validation,5,0.0008440289678178433,0.004382252533504812,0.004450988376895079,20560927,4217,1.5168427228927612,-0.015268526040017605,-0.015285616740584373,0.4590436816215515,0.23083288967609406
v2-validation-0006,validation,6,0.0011630817725018499,0.0048328012950766865,0.005135984146821022,20560928,4505,1.7013660669326782,-0.02724529057741165,-0.027369551360607147,0.4067457616329193,0.2263810634613037
v2-validation-0007,validation,7,0.0008924712318084764,0.0045327187346950685,0.004932173323490794,20560929,4253,1.7415095567703247,-0.018693707883358,-0.018717726692557335,0.45455291867256165,0.22917911410331726
v2-validation-0008,validation,8,0.001187780014293585,0.004471434503099792,0.005643114482963409,20560930,4253,1.3935258388519287,-0.02449130266904831,-0.02462431788444519,0.3886881470680237,0.21832150220870972
v2-validation-0009,validation,9,0.001150153823665214,0.004688223361438287,0.005457570482401624,20560931,4433,1.301574945449829,-0.021546632051467896,-0.021631652489304543,0.4093163311481476,0.22231030464172363
v2-validation-0010,validation,10,0.0008017116064814958,0.005557613004730058,0.004149389479500274,20560932,5057,1.7001352310180664,-0.013071194291114807,-0.013151677325367928,0.5095387101173401,0.23238146305084229
v2-validation-0011,validation,11,0.0008962849463344242,0.004337414197968229,0.005861512248570453,20560933,4121,1.2627071142196655,-0.028144828975200653,-0.02820456214249134,0.44392096996307373,0.23178938031196594
v2-validation-0012,validation,12,0.0009359416917871935,0.004036235798906424,0.004848619193522636,20560934,4133,1.3828763961791992,-0.021004492416977882,-0.02108701691031456,0.41850852966308594,0.22518497705459595
v2-validation-0013,validation,13,0.001192723403235915,0.00430987780134285,0.005747927448138307,20560935,4037,1.5766847133636475,-0.026106953620910645,-0.026075195521116257,0.3793938159942627,0.2249143123626709
v2-validation-0014,validation,14,0.0010196556809790884,0.004460313989990731,0.005818481785781811,20560936,4229,1.6274324655532837,-0.017211204394698143,-0.01731559820473194,0.426492840051651,0.22498676180839539
v2-validation-0015,validation,15,0.0011004249280482372,0.004195775303547835,0.004034265441057005,20560937,4049,1.8781377077102661,-0.01579030230641365,-0.015789739787578583,0.3894828259944916,0.21897687017917633
v2-validation-0016,validation,16,0.0010591954459466895,0.004967345965246159,0.004701855619694752,20560938,4637,1.431375503540039,-0.018838591873645782,-0.018878445029258728,0.4382563531398773,0.22822923958301544
v2-validation-0017,validation,17,0.0009743234066038321,0.0042517316241364855,0.0051886272650598815,20560939,4121,1.5167721509933472,-0.017824579030275345,-0.017824318259954453,0.4235292077064514,0.23166392743587494
v2-validation-0018,validation,18,0.0010438522972493242,0.004998044042071427,0.005591717486988113,20560940,4625,1.6119880676269531,-0.021766413003206253,-0.021899757906794548,0.4437604546546936,0.22314414381980896
v2-validation-0019,validation,19,0.0011764390049168382,0.005686788835645942,0.005523603151931991,20560941,4901,2.355354070663452,-0.022808097302913666,-0.0228248480707407,0.4478153884410858,0.2267632633447647
v2-validation-0020,validation,20,0.0008591099917497305,0.005629373296590096,0.0059937588829887525,20560942,5081,1.4742799997329712,-0.018428698182106018,-0.018493184819817543,0.4987579882144928,0.22753222286701202
v2-validation-0021,validation,21,0.0009714965249203403,0.004489323895803053,0.005719459218697707,20560943,4277,1.5440735816955566,-0.021091464906930923,-0.021126067265868187,0.43422988057136536,0.2310340702533722
v2-validation-0022,validation,22,0.0009786629704711387,0.00525470187752189,0.005419198237297492,20560944,4853,2.1094558238983154,-0.015472675673663616,-0.01549212820827961,0.46525678038597107,0.23364591598510742
v2-validation-0023,validation,23,0.0008094215084424392,0.004409610550912046,0.004237779103511228,20560945,4397,1.6816825866699219,-0.017002172768115997,-0.017059721052646637,0.4654112458229065,0.23231597244739532
v2-validation-0024,validation,24,0.0010959640253043635,0.004757202812024545,0.004164252377249006,20560946,4517,1.7551566362380981,-0.02010408788919449,-0.02014269307255745,0.42025676369667053,0.22835707664489746
v2-validation-0025,validation,25,0.0008779517721845646,0.004524818044536861,0.005597477542168742,20560947,4337,2.236689567565918,-0.019399672746658325,-0.01946423575282097,0.45592156052589417,0.2316926270723343
v2-validation-0026,validation,26,0.0009338038860709288,0.00582716923609067,0.004836355391398165,20560948,5189,1.4871052503585815,-0.012350128963589668,-0.012506743893027306,0.49132972955703735,0.2344610095024109
v2-validation-0027,validation,27,0.001147244537937906,0.005809457333884792,0.005977391940393531,20560949,5261,1.346820592880249,-0.020254019647836685,-0.02028992399573326,0.4501924216747284,0.23383410274982452
v2-validation-0028,validation,28,0.001194427239747032,0.0057317613554037404,0.005396295177539147,20560950,4985,1.5389506816864014,-0.015956690534949303,-0.015920788049697876,0.4439433515071869,0.2315557897090912
v2-validation-0029,validation,29,0.0008298727809792716,0.00492529556267831,0.00429304196633359,20560951,4625,2.039745807647705,-0.016660811379551888,-0.016637301072478294,0.48252058029174805,0.2300659567117691
v2-validation-0030,validation,30,0.0011591616899509405,0.005046454413952761,0.005205299603421814,20560952,4697,1.4985833168029785,-0.0272689051926136,-0.027231499552726746,0.42135170102119446,0.22708022594451904
v2-validation-0031,validation,31,0.001024304528907408,0.004292436991535213,0.005386079040049872,20560953,4145,1.6508697271347046,-0.02637108601629734,-0.02638551965355873,0.4108445346355438,0.22048020362854004
v2-validation-0032,validation,32,0.0009526316137693528,0.004112790286958796,0.00579333382121279,20560954,4193,1.2411859035491943,-0.02253299579024315,-0.02280498296022415,0.42075207829475403,0.238336980342865
v2-validation-0033,validation,33,0.0010842666728805087,0.005399582641280266,0.004677229085621308,20560955,4913,2.1028547286987305,-0.01588120497763157,-0.016209054738283157,0.4481465220451355,0.2307346612215042
v2-validation-0034,validation,34,0.0009378233860649205,0.004084376870970467,0.004458400299217305,20560956,4241,1.6296790838241577,-0.011941020376980305,-0.012010104022920132,0.42517781257629395,0.22847826778888702
v2-validation-0035,validation,35,0.0009631990694104784,0.004712142846714207,0.005089662627781175,20560957,4433,1.351012110710144,-0.014306807890534401,-0.014286421239376068,0.4498710632324219,0.22520719468593597
v2-validation-0036,validation,36,0.0008383557903947702,0.004552327448031687,0.005695363389997701,20560958,4313,1.5142033100128174,-0.023780014365911484,-0.02397412806749344,0.4645557105541229,0.22681620717048645
v2-validation-0037,validation,37,0.0010873837701058224,0.0053075724611685434,0.0054922750441821575,20560959,4853,1.3904465436935425,-0.013748586177825928,-0.013687759637832642,0.4395500123500824,0.2331714630126953
v2-validation-0038,validation,38,0.0008176937481426057,0.005050442156163319,0.004474953946996241,20560960,4745,1.5920920372009277,-0.011642884463071823,-0.0116852056235075,0.4911384880542755,0.226040780544281
v2-validation-0039,validation,39,0.0008199222391227819,0.005017170398676239,0.004874550600727787,20560961,4673,1.9995677471160889,-0.015501444227993488,-0.015568042173981667,0.48482462763786316,0.23432978987693787
v2-validation-0040,validation,40,0.0009046032474394496,0.005146079764015288,0.00480904126561809,20560962,4769,1.5456042289733887,-0.00834626704454422,-0.008296173065900803,0.47393399477005005,0.22962504625320435
v2-validation-0041,validation,41,0.001075559744029617,0.005694989786738991,0.005566370855482462,20560963,5141,2.0709872245788574,-0.019916631281375885,-0.019862648099660873,0.4598451256752014,0.23167653381824493
v2-validation-0042,validation,42,0.0009994070115967452,0.005173412161397515,0.0050334256259792235,20560964,4865,1.266815423965454,-0.027931321412324905,-0.0281026903539896,0.456743448972702,0.2237984538078308
v2-validation-0043,validation,43,0.0009130014411009362,0.005463732882383301,0.005018995080757096,20560965,4925,1.645231008529663,-0.013943136669695377,-0.013971379026770592,0.48503389954566956,0.22913825511932373
v2-validation-0044,validation,44,0.0009119465257786049,0.0042792150132865145,0.004104763658381539,20560966,4289,1.7225916385650635,-0.011526219546794891,-0.011521019041538239,0.4367818534374237,0.22585998475551605
v2-validation-0045,validation,45,0.0010339605698936913,0.005984410532116399,0.004970978176814575,20560967,5405,1.4347749948501587,-0.02017771638929844,-0.020294416695833206,0.47752124071121216,0.22891531884670258
v2-validation-0046,validation,46,0.001106168491154316,0.004444955453973193,0.005881387851765154,20560968,4277,2.0548112392425537,-0.0324687585234642,-0.032492414116859436,0.40124160051345825,0.22343018651008606
v2-validation-0047,validation,47,0.001038955029604928,0.005900362242291941,0.004669123598457433,20560969,5129,1.5770002603530884,-0.01237232144922018,-0.012513574212789536,0.48187825083732605,0.22133788466453552
v2-validation-0048,validation,48,0.0009914453094931332,0.004366574438159364,0.005624578797730316,20560970,4145,1.5222766399383545,-0.02018820121884346,-0.02013811096549034,0.42287537455558777,0.2223823219537735
v2-validation-0049,validation,49,0.0008710856033421448,0.004315326961637719,0.004616616576836763,20560971,4217,1.4431618452072144,-0.013082736171782017,-0.01303362287580967,0.4474099278450012,0.22783789038658142
v2-validation-0050,validation,50,0.0009617455763584615,0.005436179657870188,0.004547197080705849,20560972,4961,1.480057954788208,-0.014183323830366135,-0.014185845851898193,0.47542187571525574,0.23226112127304077
v2-validation-0051,validation,51,0.0009666495496834105,0.005834146893117172,0.0042125008274635336,20560973,5261,1.331464171409607,-0.00941450148820877,-0.009435884654521942,0.48747518658638,0.23135404288768768
v2-validation-0052,validation,52,0.0008629582127566682,0.0049144534699106755,0.00494826656094549,20560974,4649,1.4864170551300049,-0.01942068710923195,-0.019505741074681282,0.4749380350112915,0.22746247053146362
v2-validation-0053,validation,53,0.0008860853090419114,0.004150470254403737,0.004000409969136169,20560975,4289,1.4769527912139893,-0.01370844803750515,-0.013640270568430424,0.43798771500587463,0.23681026697158813
v2-validation-0054,validation,54,0.0008783819441288573,0.00547300214018494,0.005501510088218062,20560976,5069,1.4735512733459473,-0.015182135626673698,-0.015182035975158215,0.4905240535736084,0.22397884726524353
v2-validation-0055,validation,55,0.0011295577750194989,0.005384138791869275,0.005329983369512138,20560977,4877,1.896345853805542,-0.026445958763360977,-0.026502568274736404,0.44055745005607605,0.230485200881958
v2-validation-0056,validation,56,0.0010676588724284803,0.004514063712798165,0.004219607124527595,20560978,4313,1.6125683784484863,-0.011607554741203785,-0.011566223576664925,0.41511040925979614,0.22338497638702393
v2-validation-0057,validation,57,0.0008824203770852583,0.0048040771918348765,0.005254313278866605,20560979,4529,1.6093554496765137,-0.019788620993494987,-0.01979139819741249,0.4674637019634247,0.2341553121805191
v2-validation-0058,validation,58,0.0011080407292723441,0.005754780320257412,0.005120460971562341,20560980,4937,1.3570466041564941,-0.019007831811904907,-0.019111594185233116,0.4564604163169861,0.22867827117443085
v2-validation-0059,validation,59,0.0010148102639474992,0.005566994036307105,0.004520522179428466,20560981,5021,1.6900451183319092,-0.009858849458396435,-0.009788810275495052,0.4662351608276367,0.22834888100624084
v2-validation-0060,validation,60,0.0011731049737176923,0.004618429747070391,0.005545156478247746,20560982,4421,1.2340028285980225,-0.02859080210328102,-0.028541335836052895,0.39847350120544434,0.22619019448757172
v2-validation-0061,validation,61,0.0010875883977274267,0.004431830951332017,0.00411668722415868,20560983,4289,1.4098262786865234,-0.016776664182543755,-0.01688467524945736,0.40714678168296814,0.2237057089805603
v2-validation-0062,validation,62,0.00116710858870553,0.0052057062949378,0.005474733563587168,20560984,4769,1.8338382244110107,-0.022188451141119003,-0.022242020815610886,0.4294385313987732,0.22765064239501953
v2-validation-0063,validation,63,0.0010174704100849514,0.00494292295416979,0.004580615804899712,20560985,4637,1.6992683410644531,-0.020566582679748535,-0.020579559728503227,0.444884717464447,0.22226445376873016
v2-validation-0064,validation,64,0.0008223447912344731,0.0053465578068903116,0.004531391982501912,20560986,4937,1.0697975158691406,-0.012455360032618046,-0.012361264787614346,0.49799826741218567,0.23386532068252563
v2-validation-0065,validation,65,0.0011134346523944245,0.005850540166442631,0.00490484585692412,20560987,5273,1.5513609647750854,-0.018824925646185875,-0.018782243132591248,0.45963552594184875,0.2297903150320053
v2-validation-0066,validation,66,0.0008412036946062107,0.005954844754665707,0.004326959484495383,20560988,5393,1.6499028205871582,-0.017206784337759018,-0.01709071174263954,0.5151081681251526,0.2228342890739441
v2-validation-0067,validation,67,0.001110906232949081,0.005080334359611439,0.004070280336969904,20560989,4733,1.4005708694458008,-0.012519406154751778,-0.012538183480501175,0.4345822036266327,0.22767750918865204
v2-validation-0068,validation,68,0.0010632018298816024,0.005337646165652218,0.004274214601338909,20560990,4877,1.4288898706436157,-0.014709929004311562,-0.014714669436216354,0.4543839395046234,0.23279984295368195
v2-validation-0069,validation,69,0.0010037268643851057,0.005242191645438347,0.004260906553181098,20560991,4781,1.4823837280273438,-0.015611832961440086,-0.015700913965702057,0.4577643573284149,0.22830544412136078
v2-validation-0070,validation,70,0.0010484540280407543,0.004010228856415834,0.005905316851894927,20560992,4097,1.53083074092865,-0.020515581592917442,-0.020453330129384995,0.3961386978626251,0.21854302287101746
v2-validation-0071,validation,71,0.0009279366302773234,0.005782286599768189,0.0058500898755598114,20560993,5225,1.4664393663406372,-0.015621793456375599,-0.015565560199320316,0.49114397168159485,0.23286743462085724
v2-validation-0072,validation,72,0.000994709254483335,0.00598341666645169,0.004793501163596517,20560994,5333,1.5174684524536133,-0.008364450186491013,-0.00837340485304594,0.48702672123908997,0.22269657254219055
v2-validation-0073,validation,73,0.0011432676859587305,0.005880943530282218,0.0040481588583189485,20560995,5105,1.4672805070877075,-0.012216086499392986,-0.012280039489269257,0.4579439163208008,0.23332445323467255
v2-validation-0074,validation,74,0.0009427329474383091,0.005716885531264834,0.004911243663738854,20560996,5153,1.4073970317840576,-0.01420457474887371,-0.014321821741759777,0.49092426896095276,0.24193541705608368
v2-validation-0075,validation,75,0.0011391016782994908,0.00413235565543638,0.004180313481026837,20560997,3977,1.5236252546310425,-0.018778009340167046,-0.018677111715078354,0.38224634528160095,0.21882718801498413
v2-validation-0076,validation,76,0.0009174112012024552,0.004826189700720716,0.005843315706011577,20560998,4541,1.9126554727554321,-0.019310491159558296,-0.019346054643392563,0.46105507016181946,0.23488923907279968
v2-validation-0077,validation,77,0.0008474247391589,0.004599652618990215,0.005432718567196113,20560999,4685,1.6467514038085938,-0.014088865369558334,-0.014000708237290382,0.46956631541252136,0.23699603974819183
v2-validation-0078,validation,78,0.0009869845027490156,0.005931426299469966,0.0055543321197727095,20561000,5105,1.5010673999786377,-0.02404671348631382,-0.024040788412094116,0.48538875579833984,0.2236184924840927
v2-validation-0079,validation,79,0.000889408288765137,0.005228573796529799,0.004705975815666258,20561001,4853,1.6558648347854614,-0.014913175255060196,-0.01501990482211113,0.4832557439804077,0.23237963020801544
v2-validation-0080,validation,80,0.0010719335893326883,0.005610504525416112,0.004777642389535922,20561002,5093,1.4726577997207642,-0.017487503588199615,-0.017367016524076462,0.4617699086666107,0.23416268825531006
v2-validation-0081,validation,81,0.0008345853043781919,0.005291246346932639,0.00591274569836636,20561003,4913,1.8211688995361328,-0.01778719201683998,-0.017867356538772583,0.498210608959198,0.22483991086483002
v2-validation-0082,validation,82,0.0011982121631342539,0.005860717154401625,0.005298729030424095,20561004,5285,1.4340349435806274,-0.015084518119692802,-0.01516216155141592,0.443410724401474,0.22902943193912506
v2-validation-0083,validation,83,0.0011860935225875933,0.004747581185457508,0.0046350508873982685,20561005,4349,1.6534018516540527,-0.019050195813179016,-0.01925940066576004,0.40194180607795715,0.23197223246097565
v2-validation-0084,validation,84,0.0009556391708164691,0.0059393532142327015,0.005442340036934806,20561006,5297,2.054654836654663,-0.02397841401398182,-0.023903027176856995,0.4905717372894287,0.22961530089378357
v2-validation-0085,validation,85,0.001182998471064476,0.004778935253519472,0.005179100593349739,20561007,4481,1.7328128814697266,-0.016515962779521942,-0.016806360334157944,0.40554705262184143,0.2246309369802475
v2-validation-0086,validation,86,0.0010346853581853746,0.004027834934017555,0.005164433510901935,20561008,3905,1.7925714254379272,-0.0184194203466177,-0.01834159716963768,0.39791354537010193,0.22546936571598053
v2-validation-0087,validation,87,0.0011218993582149095,0.004571549872449913,0.004968730605815173,20561009,4313,1.7987995147705078,-0.015220539644360542,-0.015296965837478638,0.40773797035217285,0.22268860042095184
v2-validation-0088,validation,88,0.0009302148163392568,0.004179942648423157,0.005241008317819709,20561010,4109,1.3943475484848022,-0.020285682752728462,-0.02029552310705185,0.43080005049705505,0.22168102860450745
v2-validation-0089,validation,89,0.0011548569201416641,0.0042452367030834616,0.004577808159302859,20561011,4061,1.294212818145752,-0.017958037555217743,-0.017979919910430908,0.3831294775009155,0.21953730285167694
v2-validation-0090,validation,90,0.0008727064973644398,0.005598648153878437,0.004731516136608392,20561012,5081,1.9036866426467896,-0.013034490868449211,-0.013003416359424591,0.49869683384895325,0.22755932807922363
v2-validation-0091,validation,91,0.0008503461915804898,0.005320362201995928,0.004431635182152347,20561013,4961,1.3664981126785278,-0.007951634004712105,-0.00797728355973959,0.4939621686935425,0.22257724404335022
v2-validation-0092,validation,92,0.0009065159058277754,0.0059150584168526825,0.005062436916509638,20561014,5117,2.5031790733337402,-0.018411636352539062,-0.018479742109775543,0.5002142190933228,0.22723008692264557
v2-validation-0093,validation,93,0.0010265743900195734,0.00422325533783903,0.005765402080880644,20561015,4097,2.0151686668395996,-0.022148936986923218,-0.02223571203649044,0.4070260226726532,0.21927407383918762
v2-validation-0094,validation,94,0.0010514668464580374,0.005125686475967395,0.004645213579340705,20561016,4733,1.4636586904525757,-0.012885287404060364,-0.012928655371069908,0.4440365135669708,0.2232007384300232
v2-validation-0095,validation,95,0.001007162696371082,0.005115872066911711,0.004137751559440001,20561017,4697,2.209271192550659,-0.01023188978433609,-0.010238917544484138,0.4536329507827759,0.22589197754859924
v2-validation-0096,validation,96,0.00105580115157934,0.00576825701893577,0.0043598062519389,20561018,5141,1.74961256980896,-0.015302803367376328,-0.015357841737568378,0.4670199453830719,0.22925445437431335
v2-validation-0097,validation,97,0.0010978369846635935,0.005197122834404292,0.004408760738406888,20561019,4817,1.524656891822815,-0.013239867985248566,-0.013289811089634895,0.44172635674476624,0.22288969159126282
v2-validation-0098,validation,98,0.0011618152943910606,0.005109304622263879,0.005946296198522243,20561020,4709,2.040142297744751,-0.0184878371655941,-0.018497712910175323,0.41937583684921265,0.22088193893432617
v2-validation-0099,validation,99,0.0010697278227184324,0.0041007109883381,0.005012556873738999,20561021,4169,1.382736086845398,-0.022516362369060516,-0.02255380153656006,0.39293453097343445,0.22524268925189972
v2-validation-0100,validation,100,0.0010019851412110242,0.0055911165255620905,0.005280810875794656,20561022,5081,1.3413543701171875,-0.01915973424911499,-0.019238969311118126,0.47098854184150696,0.23395878076553345
v2-validation-0101,validation,101,0.0009487177908272889,0.005012211650371697,0.005226162476621699,20561023,4709,1.6557294130325317,-0.00866374559700489,-0.00872846134006977,0.4635240137577057,0.22695596516132355
v2-validation-0102,validation,102,0.0009878597157533143,0.005502406868155144,0.004510888818222354,20561024,4781,1.4145387411117554,-0.01324143074452877,-0.013162819668650627,0.4667479395866394,0.22604738175868988
v2-validation-0103,validation,103,0.0011799351858983527,0.0055195581088655415,0.004745244252922316,20561025,4973,1.705223560333252,-0.019692931324243546,-0.019782185554504395,0.43775907158851624,0.22793978452682495
v2-validation-0104,validation,104,0.0008145514030937907,0.004846388765803066,0.004817836201141558,20561026,4649,2.024517059326172,-0.012862060219049454,-0.01285367552191019,0.4831712543964386,0.22015124559402466
v2-validation-0105,validation,105,0.0008260917136524849,0.004660663322036505,0.004335600134178899,20561027,4541,2.1808745861053467,-0.013885339722037315,-0.013825991190969944,0.4718347191810608,0.22558192908763885
v2-validation-0106,validation,106,0.001042878284582103,0.004064450775055659,0.005285872284336157,20561028,3905,1.5239908695220947,-0.024556156247854233,-0.02465660311281681,0.39848005771636963,0.22692130506038666
v2-validation-0107,validation,107,0.000920182688819356,0.004888023063977068,0.005934035371576501,20561029,4565,1.7478861808776855,-0.014076123014092445,-0.014105893671512604,0.4633726179599762,0.22389736771583557
v2-validation-0108,validation,108,0.0009813745717507276,0.0056513701539384455,0.004021732380745506,20561030,4901,1.9064648151397705,-0.01153375394642353,-0.011530048213899136,0.47820237278938293,0.22521571815013885
v2-validation-0109,validation,109,0.0011156472282126161,0.00439350352224081,0.004312072374582658,20561031,4169,1.6229050159454346,-0.017940495163202286,-0.018173571676015854,0.3958019018173218,0.22115950286388397
v2-validation-0110,validation,110,0.000805783492478232,0.0049733194336713075,0.0051541118302005934,20561032,4661,2.1981759071350098,-0.01566200517117977,-0.015632212162017822,0.49138277769088745,0.22478657960891724
v2-validation-0111,validation,111,0.0011276629022429069,0.005671050187450725,0.0058054955565665905,20561033,5033,1.8556849956512451,-0.0300592090934515,-0.0299735888838768,0.4495559334754944,0.22571028769016266
v2-validation-0112,validation,112,0.000831263511681372,0.0054850299404777605,0.004192874793070955,20561034,4961,1.4479209184646606,-0.010293564759194851,-0.010409520007669926,0.5022385120391846,0.22930431365966797
v2-validation-0113,validation,113,0.0011713582684417028,0.004685380281938985,0.004353576277818369,20561035,4409,1.320994257926941,-0.019916318356990814,-0.019801214337348938,0.40365085005760193,0.21960055828094482
v2-validation-0114,validation,114,0.0010932482984603448,0.005734879912487069,0.004984760002390337,20561036,5165,1.250726580619812,-0.021196454763412476,-0.021324213594198227,0.4588872194290161,0.22773237526416779
v2-validation-0115,validation,115,0.0011345699879546315,0.004358980133485663,0.004607336854464807,20561037,4169,1.692137598991394,-0.016226261854171753,-0.016239991411566734,0.39742863178253174,0.22474044561386108
v2-validation-0116,validation,116,0.0008671603505526198,0.005536013044819273,0.0053666240642836335,20561038,5129,1.6212550401687622,-0.014698531478643417,-0.014746999368071556,0.4967900216579437,0.22679193317890167
v2-validation-0117,validation,117,0.0008548192164789779,0.005368041485725122,0.004079452679343061,20561039,4949,1.2603120803833008,-0.009868635796010494,-0.009857675060629845,0.4933973252773285,0.22808758914470673
v2-validation-0118,validation,118,0.0011464008696486126,0.004640984616241239,0.005680477490622338,20561040,4325,1.659994125366211,-0.016250457614660263,-0.016476323828101158,0.40519821643829346,0.217975914478302
v2-validation-0119,validation,119,0.000898090790885915,0.004212532349074084,0.0057800360876677295,20561041,4085,1.5711697340011597,-0.02472846955060959,-0.024734849110245705,0.4392661154270172,0.23284783959388733
v2-validation-0120,validation,120,0.0010304586966528755,0.004589644076580354,0.0043783941347760825,20561042,4481,1.3613362312316895,-0.018265772610902786,-0.018390914425253868,0.4241815209388733,0.2244567573070526
v2-validation-0121,validation,121,0.0009450109423210508,0.0054107079427352205,0.0043999558219143045,20561043,4985,1.3536251783370972,-0.010198209434747696,-0.010204349644482136,0.4815824329853058,0.23012277483940125
v2-validation-0122,validation,122,0.000977727892272334,0.005448643642202211,0.004761525520125841,20561044,4973,1.5192216634750366,-0.012280259281396866,-0.01229836791753769,0.4686529040336609,0.2254067361354828
v2-validation-0123,validation,123,0.0008071003337863092,0.0047813136795049485,0.005717402445702446,20561045,4517,1.53624427318573,-0.014138273894786835,-0.013961099088191986,0.48464205861091614,0.23018448054790497
v2-validation-0124,validation,124,0.0010605861167269277,0.004635894607531007,0.005635708014353199,20561046,4409,2.1633665561676025,-0.025616316124796867,-0.02562037855386734,0.4257001578807831,0.22808440029621124
v2-validation-0125,validation,125,0.0011205164953500132,0.005280065550357168,0.004888336255385914,20561047,4865,1.347029447555542,-0.01564519852399826,-0.015748925507068634,0.44451549649238586,0.2259867787361145
v2-validation-0126,validation,126,0.0008599564559999012,0.004052404733418719,0.005968675683230204,20561048,4049,1.3788009881973267,-0.028177201747894287,-0.028190448880195618,0.43784818053245544,0.2230294644832611
v2-validation-0127,validation,127,0.0009221415526931726,0.00516942882075779,0.0051023516056473255,20561049,4829,1.42603600025177,-0.014302784577012062,-0.014409889467060566,0.47309690713882446,0.2269238978624344
