trajectory_index,time_0,time_1,time_2,time_3,time_4,time_5,time_6,time_7,time_8,time_9,time_10,time_11,time_12,time_13,time_14,time_15,time_16,time_17,time_18,time_19,time_20,time_21,time_22,time_23,time_24,time_25,time_26,time_27,time_28,time_29,time_30,time_31,time_32,time_33,time_34,time_35,time_36,time_37,time_38,time_39,time_40,time_41,time_42,time_43,time_44,time_45,time_46,time_47,time_48,time_49,time_50,time_51,time_52,time_53,time_54,time_55,time_56,time_57,time_58,time_59,time_60,time_61,time_62,time_63,time_64,time_65,time_66,time_67,time_68,time_69,time_70,time_71,time_72,time_73,time_74,time_75,time_76,time_77,time_78,time_79,time_80,time_81,time_82,time_83,time_84,time_85,time_86,time_87,time_88,time_89,time_90,time_91,time_92,time_93,time_94,time_95,time_96,time_97,time_98,time_99,time_100
0,0.0,0.023661895,0.029224576,0.03316127,0.03841569,0.044288274,0.050147776,0.055796474,0.061190695,0.06634969,0.07129106,0.07604558,0.08068881,0.08532734,0.09004018,0.09483598,0.09966725,0.10448424,0.10927433,0.114075735,0.11899293,0.12417275,0.12974042,0.13574041,0.14210911,0.1486913,0.15527666,0.16163859,0.1675686,0.17290218,0.17753622,0.18144543,0.18469039,0.18739913,0.18972917,0.1918324,0.19383478,0.19582984,0.19787918,0.20001766,0.20226045,0.20460992,0.20706077,0.20960398,0.2122295,0.21492803,0.21769193,0.22051583,0.22339724,0.22633685,0.22933905,0.23241132,0.23556343,0.23880474,0.24214083,0.245569,0.24907544,0.25263473,0.2562134,0.25977543,0.26328838,0.26672715,0.27007595,0.27332732,0.27648124,0.27954248,0.28251913,0.28542075,0.2882573,0.29103813,0.2937721,0.2964669,0.2991294,0.3017656,0.30438083,0.30697984,0.3095667,0.31214473,0.31471628,0.31728247,0.3198431,0.32239667,0.32494077,0.32747275,0.32999042,0.33249217,0.3349776,0.3374468,0.33990106,0.342342,0.34477186,0.34719342,0.34960958,0.3520237,0.354439,0.35685903,0.35928735,0.3617274,0.36418265,0.36665598,0.3691499
1,0.0,0.02384915,0.028752968,0.032402966,0.036774196,0.041560244,0.046687495,0.05218513,0.05792316,0.06371033,0.0693978,0.074896544,0.0801908,0.08532252,0.09033878,0.09525373,0.10004277,0.10466276,0.10908323,0.11330339,0.117348194,0.12125596,0.12506586,0.12881,0.13250995,0.13617676,0.13981448,0.1434242,0.14700645,0.15056208,0.15409304,0.15760286,0.16109535,0.16457309,0.1680366,0.17148478,0.17491561,0.17832683,0.18171652,0.1850833,0.18842609,0.191743,0.1950309,0.1982856,0.20150323,0.20468153,0.20782031,0.2109215,0.2139883,0.21702465,0.22003427,0.22302,0.2259834,0.22892462,0.23184288,0.23473734,0.23760805,0.24045722,0.24328944,0.24611108,0.2489297,0.25175324,0.25458977,0.2574472,0.26033258,0.26325116,0.26620513,0.26919264,0.27220696,0.2752362,0.27826378,0.28126994,0.28423345,0.28713408,0.2899547,0.29268274,0.29531083,0.29783672,0.3002627,0.30259436,0.30483952,0.30700704,0.3091059,0.31114486,0.31313148,0.3150726,0.31697384,0.31883976,0.32067424,0.32248032,0.32426047,0.32601684,0.32775104,0.32946458,0.3311586,0.33283418,0.33449224,0.3361336,0.33775908,0.33936945,0.3409655
2,0.0,0.03744388,0.028240401,0.03084097,0.03476491,0.03948292,0.045096423,0.051356204,0.057839986,0.0642103,0.07031022,0.076155685,0.08185955,0.087563485,0.09340322,0.09946243,0.10567416,0.111742586,0.117258415,0.12203219,0.12621601,0.13007453,0.13381097,0.13752927,0.14126372,0.14502445,0.14881483,0.15263382,0.15648063,0.1603597,0.16428292,0.1682665,0.17232718,0.17648691,0.18077798,0.18523444,0.18987858,0.19471118,0.19970918,0.2048292,0.21001615,0.21521321,0.22037043,0.22545059,0.23043115,0.23530371,0.2400715,0.24474642,0.24934596,0.2538903,0.2583997,0.26289216,0.26738107,0.27187383,0.27637005,0.28086194,0.28533453,0.28976852,0.29414386,0.29844448,0.30266073,0.30678967,0.31083363,0.31479803,0.31868958,0.32251492,0.3262798,0.3299888,0.33364582,0.33725378,0.3408154,0.34433335,0.34781048,0.35125,0.35465565,0.35803157,0.36138242,0.36471316,0.36802918,0.37133572,0.37463725,0.37793693,0.38123563,0.38453102,0.38781777,0.39108753,0.39433047,0.39753675,0.4006984,0.40381017,0.40687045,0.4098807,0.4128452,0.41577017,0.41866302,0.42153144,0.42438275,0.42722332,0.43005827,0.43289128,0.43572465
3,0.0,0.025825467,0.033823438,0.039870016,0.046136227,0.05152752,0.057036635,0.06331867,0.07043326,0.07818803,0.08627479,0.09434381,0.102092706,0.10935152,0.11614752,0.1227208,0.12944743,0.13669087,0.1446154,0.1530337,0.16142663,0.1691689,0.17579886,0.18115762,0.185376,0.18878499,0.19180785,0.19485636,0.19824904,0.20216306,0.20662063,0.21152802,0.2167507,0.22216856,0.22769259,0.23325957,0.23882401,0.24435194,0.24981737,0.25519994,0.26048344,0.2656553,0.2707062,0.27562988,0.28042272,0.28508338,0.28961268,0.29401317,0.29828903,0.30244574,0.30648965,0.3104278,0.3142676,0.31801647,0.32168183,0.32527092,0.32879055,0.33224717,0.3356465,0.3389937,0.34229308,0.34554842,0.3487626,0.351938,0.3550765,0.3581795,0.36124828,0.3642837,0.36728677,0.37025812,0.3731987,0.37610915,0.3789904,0.3818433,0.38466877,0.38746792,0.39024177,0.39299163,0.3957189,0.3984252,0.40111226,0.403782,0.40643653,0.4090778,0.4117081,0.41432968,0.41694474,0.4195555,0.4221643,0.42477316,0.42738435,0.42999977,0.43262154,0.43525156,0.4378921,0.44054613,0.44321698,0.44590887,0.4486266,0.45137534,0.45416057
4,0.0,0.023762768,0.030579394,0.036227066,0.04216307,0.0480148,0.05358086,0.05922877,0.065123044,0.07120117,0.07732589,0.08334734,0.0891729,0.09478876,0.10023138,0.10555352,0.11079328,0.11595879,0.121024035,0.12594071,0.13063377,0.13499641,0.1389331,0.14244522,0.14566885,0.1488061,0.1520209,0.15538938,0.15892227,0.16260569,0.1664227,0.17035739,0.17439365,0.1785146,0.182703,0.18694271,0.19121921,0.19552022,0.19983545,0.20415619,0.2084752,0.21278626,0.21708402,0.22136419,0.22562337,0.2298592,0.2340704,0.23825672,0.24241897,0.24655883,0.25067884,0.2547821,0.25887236,0.26295355,0.2670297,0.27110475,0.27518198,0.27926376,0.2833516,0.28744522,0.29154316,0.2956423,0.29973856,0.30382717,0.3079033,0.3119625,0.31600118,0.3200169,0.3240082,0.3279746,0.33191636,0.3358341,0.33972856,0.34360042,0.34745005,0.35127744,0.35508206,0.35886326,0.36262003,0.36635143,0.37005654,0.37373495,0.37738648,0.38101143,0.38461062,0.3881851,0.3917362,0.3952655,0.3987742,0.4022633,0.40573317,0.4091833,0.41261247,0.41601875,0.4193996,0.4227525,0.4260753,0.42936662,0.4326262,0.4358547,0.4390543
5,0.0,0.021406041,0.03294301,0.041790128,0.04703908,0.05179479,0.05668513,0.06134618,0.06565094,0.06982072,0.07415161,0.07878379,0.0836584,0.08862216,0.09354159,0.09834997,0.103045866,0.107676275,0.11231711,0.11704916,0.12192811,0.12695587,0.13206886,0.13715604,0.14209758,0.14679939,0.1512071,0.15530176,0.15909016,0.16259828,0.16586554,0.1689377,0.17186086,0.17467763,0.1774256,0.18013673,0.18283802,0.18555227,0.1882989,0.1910942,0.1939519,0.19688304,0.1998961,0.2029971,0.20618981,0.20947596,0.2128558,0.21632825,0.21989124,0.22354169,0.22727537,0.23108631,0.23496625,0.23890395,0.2428849,0.24689102,0.25090125,0.25489244,0.25884086,0.26272407,0.2665227,0.27022207,0.27381292,0.27729195,0.28066102,0.28392625,0.2870967,0.2901832,0.29319704,0.29614958,0.2990512,0.3019113,0.3047379,0.3075379,0.3103169,0.31307933,0.31582862,0.31856728,0.3212971,0.3240193,0.32673478,0.32944405,0.33214766,0.33484623,0.33754057,0.34023166,0.3429208,0.34560958,0.34829968,0.3509929,0.3536909,0.35639507,0.3591061,0.3618238,0.36454687,0.36727303,0.36999887,0.3727206,0.37543455,0.37813807,0.3808299
6,0.0,0.024270544,0.027462455,0.03232899,0.037812315,0.043875832,0.049939133,0.05563746,0.06093148,0.06595582,0.0708674,0.075766295,0.08069235,0.08564843,0.09061369,0.09555176,0.100422144,0.105191685,0.10984004,0.11435911,0.118751444,0.123028904,0.12721118,0.13132234,0.13538781,0.13943277,0.14348102,0.14755213,0.1516585,0.15580411,0.15998664,0.1642011,0.16844282,0.17270929,0.17700057,0.18131891,0.18566778,0.19005126,0.19447298,0.19893558,0.20343965,0.2079838,0.21256445,0.21717645,0.22181426,0.22647302,0.23115028,0.23584643,0.2405647,0.24531035,0.25009057,0.25491443,0.25979307,0.2647397,0.26976904,0.27489653,0.28013772,0.2855066,0.2910141,0.29666582,0.30245927,0.30838162,0.31440765,0.32049918,0.3266067,0.33267263,0.33863655,0.3444411,0.35003692,0.35538653,0.36046603,0.36526483,0.36978355,0.37403163,0.37802428,0.3817796,0.38531658,0.38865393,0.39180884,0.39479715,0.39763334,0.40033075,0.40290225,0.4053606,0.40771878,0.4099895,0.41218585,0.41431978,0.41640234,0.4184424,0.42044684,0.42242035,0.4243657,0.42628404,0.42817575,0.4300408,0.43187916,0.43369108,0.4354771,0.43723822,0.43897575
7,0.0,0.02227024,0.026527885,0.03072213,0.035740346,0.041560985,0.0482491,0.055395458,0.062699206,0.070210464,0.07801988,0.08609388,0.09429426,0.10246142,0.110471025,0.11824378,0.12574065,0.13296892,0.13999122,0.14690514,0.15381107,0.16078731,0.16785939,0.17499518,0.1821411,0.18926299,0.19635773,0.20344155,0.2105349,0.21765247,0.22480138,0.23198488,0.23920831,0.24648249,0.25382096,0.2612314,0.2687083,0.27623263,0.28377727,0.29130822,0.29878217,0.3061495,0.3133629,0.3203838,0.32718238,0.3337351,0.34002274,0.34603083,0.35175106,0.35718396,0.362339,0.3672331,0.37188813,0.3763281,0.38057715,0.38465828,0.3885927,0.39239964,0.39609557,0.3996944,0.4032067,0.40663975,0.40999767,0.4132818,0.41649178,0.41962647,0.42268494,0.42566693,0.42857325,0.43140563,0.4341668,0.4368599,0.43948856,0.4420565,0.44456744,0.44702518,0.44943333,0.4517957,0.4541155,0.4563962,0.458641,0.46085286,0.4630347,0.4651891,0.4673185,0.46942526,0.47151121,0.47357827,0.4756282,0.4776623,0.47968206,0.4816885,0.48368272,0.48566538,0.48763728,0.48959866,0.49155003,0.49349165,0.49542361,0.49734616,0.49925935
8,0.0,0.022721183,0.026115073,0.03125829,0.03729253,0.043421093,0.04952498,0.055822812,0.06267608,0.070368014,0.07897676,0.08837408,0.09826381,0.10824611,0.11785899,0.12663975,0.1343649,0.14112541,0.14710277,0.15238354,0.15702985,0.16118383,0.16505931,0.16887635,0.17279421,0.17688106,0.18111792,0.18542533,0.18969981,0.19384731,0.19780427,0.2015448,0.20507729,0.20843504,0.21166545,0.21482044,0.21794921,0.22109298,0.22428183,0.22753294,0.2308514,0.234233,0.23766752,0.24114196,0.2446433,0.24816021,0.25168428,0.25521043,0.25873703,0.26226526,0.2657986,0.2693417,0.27289993,0.27647805,0.28007996,0.28370738,0.28735983,0.29103407,0.29472446,0.29842365,0.30212343,0.3058163,0.30949605,0.31315875,0.316803,0.32042974,0.32404172,0.32764313,0.3312387,0.3348332,0.3384308,0.34203473,0.3456469,0.34926745,0.3528949,0.35652578,0.3601548,0.36377528,0.36737913,0.37095764,0.37450203,0.378004,0.38145608,0.38485238,0.38818836,0.39146128,0.39466986,0.39781412,0.40089524,0.40391517,0.4068763,0.40978146,0.41263357,0.41543558,0.41819027,0.4209003,0.423568,0.4261958,0.4287857,0.43133974,0.43385968
9,0.0,0.023257634,0.030533247,0.03517574,0.04098786,0.047660686,0.05523479,0.06432156,0.07479716,0.085851826,0.0966673,0.1067504,0.11597555,0.12453402,0.13270348,0.14062604,0.14823882,0.15526822,0.1612935,0.16594823,0.169161,0.1712063,0.17254342,0.1736126,0.17471293,0.17598791,0.17747432,0.17915674,0.1810037,0.18298665,0.18508679,0.1872939,0.1896003,0.19199619,0.1944687,0.19700406,0.1995899,0.20221703,0.20488007,0.20757711,0.2103087,0.2130771,0.21588492,0.21873452,0.22162706,0.22456224,0.22753808,0.23055117,0.23359698,0.23667036,0.23976578,0.24287798,0.24600202,0.24913366,0.25226936,0.25540635,0.25854278,0.2616774,0.2648097,0.2679397,0.2710679,0.27419508,0.27732223,0.28045067,0.2835816,0.2867164,0.28985617,0.29300213,0.29615518,0.29931623,0.30248576,0.3056641,0.30885124,0.31204686,0.3152504,0.3184609,0.3216771,0.32489738,0.32811996,0.3313427,0.33456331,0.33777937,0.3409885,0.34418797,0.3473755,0.35054883,0.35370576,0.35684443,0.35996318,0.36306062,0.36613563,0.36918738,0.37221524,0.3752188,0.37819794,0.38115257,0.38408276,0.38698882,0.38987112,0.39272988,0.3955658
10,0.0,0.021663854,0.027050344,0.031232748,0.037282534,0.043987483,0.050843373,0.05782753,0.06475241,0.07136436,0.07745912,0.08291395,0.08772892,0.09205276,0.09619131,0.10049109,0.105179794,0.11031447,0.11581778,0.12156508,0.12745215,0.13341871,0.13944235,0.14552107,0.1516585,0.1578552,0.16410547,0.17039844,0.17671862,0.18304548,0.18935488,0.19562425,0.20183666,0.20798127,0.21405369,0.22005641,0.22599778,0.23188992,0.23774561,0.24357581,0.24938807,0.2551866,0.26097172,0.26673946,0.27248597,0.27821717,0.28395033,0.28970566,0.2954979,0.301333,0.30720916,0.3131188,0.31904918,0.3249826,0.3308967,0.33676606,0.34256408,0.34826592,0.35385132,0.35930806,0.36463353,0.36983547,0.37492993,0.3799365,0.3848724,0.38974914,0.39457062,0.39933482,0.40403646,0.40866917,0.41322714,0.41770598,0.4221026,0.42641544,0.43064418,0.43478942,0.43885282,0.44283682,0.4467446,0.45057997,0.45434713,0.4580507,0.4616953,0.4652858,0.46882674,0.47232276,0.475778,0.47919655,0.4825822,0.48593858,0.4892688,0.49257624,0.49586368,0.49913397,0.5023896,0.50563323,0.50886697,0.5120932,0.515314,0.5185314,0.52174747
11,0.0,0.024665315,0.028528519,0.03432406,0.041270692,0.04791323,0.054007918,0.059771743,0.06537765,0.0709093,0.0763881,0.081760295,0.086908564,0.09171108,0.09610134,0.10008233,0.1037087,0.10706421,0.110243924,0.1133413,0.116440006,0.119608134,0.122894555,0.12632678,0.12990825,0.13362426,0.1374522,0.14136711,0.14534917,0.14939065,0.15349671,0.15768091,0.1619592,0.16634518,0.17084749,0.17546915,0.1802073,0.18505436,0.18999845,0.19502448,0.20011505,0.20525126,0.21041317,0.21558046,0.2207323,0.22584786,0.2309076,0.23589578,0.24080247,0.24562357,0.25036025,0.2550175,0.25960344,0.2641291,0.26860717,0.27305108,0.2774743,0.28188807,0.28630042,0.29071474,0.29512918,0.29953718,0.30392885,0.30829325,0.31262052,0.3169037,0.32113945,0.32532793,0.32947147,0.33357352,0.33763695,0.3416638,0.34565473,0.34960908,0.35352525,0.35740033,0.36123106,0.365014,0.36874643,0.37242743,0.37605911,0.3796466,0.38319638,0.3867146,0.39020616,0.39367512,0.3971243,0.400556,0.40397212,0.40737423,0.41076416,0.41414335,0.41751364,0.4208768,0.42423475,0.42758957,0.43094352,0.43429872,0.43765774,0.4410233,0.4443986
12,0.0,0.027646221,0.032933403,0.03891517,0.04486124,0.051150825,0.05758385,0.063950814,0.070176,0.0762232,0.08209548,0.08781258,0.09339195,0.09885074,0.10421602,0.109534286,0.11486649,0.12025585,0.12569997,0.13115948,0.13656867,0.14183424,0.14685129,0.1515363,0.15584289,0.15975997,0.16332142,0.16657905,0.16958657,0.17240162,0.17508309,0.17768696,0.18026505,0.1828649,0.18552922,0.18829502,0.19119304,0.19424741,0.19747566,0.20088856,0.20449045,0.20827942,0.21224809,0.21638454,0.2206738,0.22509864,0.22964075,0.23428057,0.23899771,0.24377061,0.24857649,0.25339153,0.25819147,0.2629524,0.26765195,0.2722703,0.2767912,0.28120235,0.28549567,0.28966677,0.2937148,0.29764137,0.3014501,0.30514583,0.30873412,0.31222084,0.31561184,0.3189128,0.32212907,0.32526565,0.32832745,0.33131894,0.33424464,0.33710873,0.33991548,0.34266907,0.34537357,0.34803322,0.35065213,0.35323456,0.35578465,0.35830662,0.36080477,0.36328337,0.3657466,0.36819893,0.370645,0.37308943,0.37553748,0.37799436,0.38046578,0.38295737,0.38547498,0.38802424,0.39061004,0.39323646,0.39590576,0.39861795,0.40137047,0.40415728,0.40696985
13,0.0,0.023423957,0.028139303,0.03202134,0.037422437,0.044110715,0.05139166,0.05878488,0.06617688,0.0735599,0.0809232,0.08827129,0.09565272,0.10314429,0.11078764,0.118512206,0.12609635,0.13325539,0.13977772,0.14555399,0.15054667,0.15477614,0.15832418,0.1613188,0.16390531,0.16622181,0.16838464,0.17048222,0.17257626,0.17470537,0.17688832,0.17912763,0.18141408,0.18373264,0.1860679,0.18840791,0.19074623,0.19308196,0.19541885,0.19776404,0.20012654,0.20251635,0.20494312,0.20741548,0.20994024,0.21252167,0.21516098,0.21785606,0.2206015,0.22338884,0.22620721,0.22904426,0.23188671,0.23472136,0.23753572,0.24031845,0.24305993,0.24575262,0.24839132,0.25097355,0.2534997,0.25597316,0.25840026,0.26078954,0.26315126,0.26549613,0.26783437,0.2701742,0.27252138,0.2748787,0.2772463,0.2796222,0.2820032,0.2843856,0.2867658,0.28914076,0.29150823,0.2938667,0.2962153,0.29855382,0.3008826,0.30320215,0.30551335,0.30781713,0.3101144,0.31240582,0.31469196,0.3169728,0.3192479,0.3215162,0.32377598,0.32602486,0.32825983,0.33047742,0.332674,0.3348461,0.33699107,0.33910745,0.34119606,0.34326044,0.3453071
14,0.0,0.019524492,0.024129244,0.028435938,0.03422368,0.040875807,0.047763888,0.0545257,0.061015323,0.06726387,0.073340334,0.079267524,0.08501655,0.09054105,0.09580494,0.10079991,0.10555861,0.11016456,0.11475362,0.119502075,0.12460379,0.1302431,0.13656464,0.14364116,0.15144575,0.15984398,0.16861984,0.17752987,0.18635985,0.19495925,0.20324574,0.211189,0.2187883,0.22605407,0.23299846,0.23963402,0.24597713,0.2520507,0.2578849,0.2635148,0.26897687,0.27430543,0.2795303,0.28467548,0.28975973,0.29479694,0.29979712,0.3047674,0.30971235,0.3146344,0.31953418,0.32441035,0.3292603,0.33408043,0.33886713,0.34361702,0.3483277,0.35299772,0.35762656,0.36221448,0.36676204,0.3712702,0.3757398,0.3801716,0.3845661,0.38892362,0.39324406,0.39752698,0.4017715,0.40597647,0.4101406,0.4142627,0.41834176,0.4223767,0.42636663,0.43031043,0.43420738,0.438057,0.44185942,0.44561502,0.44932505,0.4529908,0.4566142,0.46019694,0.46374112,0.46724886,0.47072202,0.4741623,0.47757137,0.48095044,0.48430058,0.48762265,0.49091733,0.49418524,0.4974269,0.50064284,0.5038338,0.5070005,0.51014364,0.513264,0.5163623
15,0.0,0.021291211,0.028459592,0.034244366,0.042348538,0.05088033,0.058704335,0.06603714,0.07367652,0.082230434,0.09180898,0.102085344,0.112532005,0.12264568,0.13206351,0.14056471,0.14803217,0.15442951,0.15979463,0.16423586,0.16792272,0.17106284,0.17386791,0.17652425,0.17917268,0.1818969,0.18472171,0.18762928,0.19058508,0.19355549,0.19651388,0.19944142,0.20232522,0.20515682,0.20793088,0.21064444,0.21329665,0.21588834,0.2184215,0.22089908,0.22332454,0.2257017,0.22803444,0.23032653,0.23258169,0.23480342,0.23699516,0.23916015,0.24130172,0.2434232,0.24552804,0.24762,0.24970305,0.25178143,0.25385985,0.25594297,0.25803578,0.26014313,0.26226947,0.2644188,0.26659438,0.26879832,0.2710318,0.27329493,0.27558687,0.2779062,0.2802507,0.28261805,0.2850055,0.28741017,0.28982884,0.29225817,0.2946946,0.29713458,0.29957455,0.30201137,0.3044422,0.30686492,0.30927828,0.3116819,0.31407642,0.31646362,0.31884623,0.32122782,0.3236122,0.32600322,0.32840437,0.33081824,0.33324698,0.33569196,0.3381539,0.34063298,0.3431291,0.34564167,0.34817007,0.35071346,0.35327116,0.35584238,0.35842648,0.3610227,0.3636304
16,0.0,0.024772417,0.030435631,0.035657406,0.040358953,0.045682188,0.052144658,0.05950487,0.06709344,0.0744404,0.08145752,0.08826768,0.09499836,0.10167269,0.10819004,0.11432981,0.11976463,0.12420593,0.12760383,0.13019513,0.13241701,0.13470125,0.13731588,0.14035945,0.14382266,0.14764109,0.15172802,0.155995,0.16036461,0.16477664,0.16918957,0.1735796,0.17793839,0.18226942,0.18658224,0.19088836,0.19519922,0.19952475,0.20387237,0.2082463,0.21264714,0.21707158,0.22151284,0.22596107,0.23040421,0.2348289,0.23922135,0.24356808,0.24785624,0.25207436,0.25621247,0.26026264,0.26421937,0.26807913,0.27184036,0.275503,0.27906826,0.28253826,0.28591582,0.28920454,0.2924083,0.29553145,0.29857862,0.30155456,0.30446404,0.30731195,0.31010327,0.31284294,0.31553578,0.3181867,0.32080036,0.32338113,0.3259329,0.32845914,0.33096233,0.33344406,0.3359047,0.33834362,0.34075934,0.34315017,0.3455146,0.34785202,0.35016283,0.35244808,0.35470924,0.3569479,0.35916534,0.36136267,0.36354074,0.3657,0.36784077,0.3699631,0.3720668,0.37415203,0.37621886,0.37826803,0.38030094,0.38231975,0.3843276,0.38632864,0.388328
17,0.0,0.020426825,0.024872506,0.030389603,0.036096178,0.041987292,0.048158888,0.054687798,0.061545596,0.06859173,0.07557969,0.082223415,0.088298336,0.09372076,0.09855407,0.10294327,0.10703981,0.11096217,0.11479296,0.11859288,0.1224129,0.12629336,0.13025095,0.13426493,0.13826983,0.14216559,0.1458481,0.14924175,0.1523203,0.1551102,0.15768123,0.16012761,0.16254547,0.1650133,0.16757862,0.1702568,0.17304127,0.17591381,0.17884952,0.18182059,0.18479942,0.18776144,0.19068664,0.19356033,0.19637355,0.19912237,0.2018072,0.20443127,0.20699942,0.20951687,0.2119886,0.214419,0.2168118,0.21917024,0.22149697,0.22379442,0.22606483,0.2283102,0.23053238,0.23273326,0.23491451,0.23707777,0.2392246,0.2413564,0.24347453,0.24558021,0.2476745,0.24975833,0.25183263,0.25389802,0.2559551,0.25800425,0.26004598,0.2620804,0.26410773,0.26612812,0.26814166,0.2701484,0.2721485,0.27414203,0.27612907,0.27810982,0.28008413,0.28205198,0.28401294,0.28596625,0.2879109,0.28984553,0.29176837,0.29367784,0.29557234,0.2974506,0.2993119,0.30115604,0.3029833,0.30479458,0.30659094,0.3083738,0.31014484,0.31190565,0.31365794
18,0.0,0.019600522,0.025955098,0.03234085,0.03953681,0.046115942,0.051442496,0.056046825,0.061377887,0.06874191,0.07839555,0.08961769,0.1013915,0.112941496,0.12391792,0.13436384,0.14457281,0.15490128,0.16560884,0.17673247,0.1880223,0.1989987,0.2091192,0.21796265,0.22532757,0.2312176,0.23577549,0.23922962,0.24186411,0.24399185,0.24591954,0.24790435,0.25010863,0.25258878,0.25532928,0.25828418,0.26140362,0.26464447,0.26797268,0.2713627,0.27479482,0.2782521,0.28171855,0.28517896,0.28862008,0.29203153,0.29540622,0.29874015,0.30203217,0.30528328,0.30849642,0.3116754,0.31482434,0.3179473,0.32104754,0.3241278,0.32718965,0.33023432,0.3332623,0.33627373,0.3392687,0.34224698,0.34520835,0.34815243,0.3510788,0.35398698,0.35687634,0.35974628,0.36259615,0.36542532,0.36823326,0.37101954,0.37378415,0.3765276,0.37925118,0.3819565,0.38464576,0.38732138,0.3899858,0.3926413,0.39528966,0.39793238,0.4005706,0.40320483,0.40583527,0.4084615,0.4110827,0.41369745,0.416304,0.41890013,0.42148346,0.4240517,0.4266027,0.42913458,0.43164575,0.4341351,0.43660185,0.43904534,0.44146553,0.44386253,0.4462367
19,0.0,0.025343744,0.029497474,0.034693193,0.041061386,0.04795162,0.055208288,0.06277086,0.07062356,0.07883438,0.08752899,0.09677825,0.10658815,0.116956346,0.127902,0.13945417,0.15157296,0.16403179,0.17642197,0.1883259,0.1994595,0.20969631,0.21904293,0.22760616,0.2355462,0.24302574,0.25017408,0.25707474,0.26376703,0.27025375,0.27651522,0.2825263,0.28826916,0.29373914,0.29894423,0.30390134,0.3086319,0.31315866,0.31750345,0.3216863,0.32572517,0.32963613,0.33343372,0.33713144,0.34074193,0.34427723,0.34774882,0.3511669,0.35453957,0.35787162,0.3611635,0.3644117,0.36760968,0.37074983,0.3738251,0.37683088,0.3797663,0.3826341,0.38544014,0.3881913,0.39089504,0.393558,0.39618614,0.39878434,0.40135637,0.40390503,0.40643242,0.40894,0.4114288,0.41389963,0.41635302,0.4187894,0.42120913,0.42361265,0.4260004,0.42837253,0.4307295,0.43307152,0.43539885,0.4377118,0.4400105,0.4422951,0.44456574,0.44682243,0.44906524,0.45129412,0.45350903,0.45570984,0.45789638,0.46006852,0.462226,0.46436876,0.4664964,0.46860877,0.4707057,0.47278684,0.4748522,0.4769016,0.47893497,0.4809523,0.48295358
20,0.0,0.021996057,0.027854016,0.032932743,0.03867339,0.044533506,0.050108645,0.05540769,0.06063043,0.06601094,0.0717186,0.077812694,0.08424754,0.090899386,0.09760385,0.10419982,0.11056757,0.116646916,0.122434266,0.1279673,0.1333077,0.13852736,0.14369999,0.14889635,0.15418077,0.15960597,0.16520593,0.17098865,0.17693187,0.18298507,0.18907818,0.19513479,0.20108536,0.20687671,0.21247618,0.21787071,0.22306299,0.22806627,0.23289908,0.23758143,0.24213165,0.24656542,0.25089517,0.25512987,0.25927418,0.26332718,0.2672832,0.27113444,0.27487475,0.27850187,0.28201798,0.2854291,0.28874335,0.29197016,0.29511937,0.29820102,0.30122486,0.30420014,0.30713588,0.31004113,0.31292507,0.31579778,0.3186698,0.3215529,0.3244598,0.32740384,0.33039844,0.33345562,0.33658412,0.33978724,0.3430609,0.34639275,0.3497633,0.35314846,0.35652307,0.3598643,0.36315376,0.3663786,0.36953068,0.3726063,0.3756056,0.3785325,0.38139254,0.38419235,0.38693863,0.389638,0.39229703,0.39492184,0.3975176,0.40008914,0.40264076,0.40517652,0.40769997,0.4102138,0.4127187,0.41521353,0.41769657,0.42016765,0.42262834,0.4250811,0.42752877
21,0.0,0.021256575,0.028062198,0.033838574,0.038975373,0.044338368,0.050187174,0.056733705,0.06392345,0.0714319,0.078785434,0.08555948,0.091521725,0.096632056,0.10095636,0.10459904,0.10768513,0.110359974,0.11277954,0.11509094,0.11741653,0.11984852,0.122452185,0.12527314,0.1283445,0.13169257,0.13533965,0.1393039,0.14359705,0.14822124,0.15316524,0.15840062,0.16387954,0.16953556,0.1752866,0.18104084,0.18671384,0.19224907,0.19761875,0.2028163,0.20784898,0.21273142,0.21748249,0.22212428,0.22667967,0.23116893,0.23560464,0.23998767,0.24430543,0.24853414,0.25264496,0.25661144,0.2604159,0.2640527,0.2675271,0.2708524,0.27404603,0.27712682,0.28011307,0.2830214,0.2858657,0.2886574,0.2914052,0.2941157,0.29679382,0.29944324,0.30206713,0.304668,0.30724832,0.30981022,0.3123559,0.3148874,0.31740648,0.31991485,0.32241404,0.32490543,0.32739025,0.3298699,0.33234552,0.33481824,0.33728924,0.33975962,0.34223032,0.34470233,0.34717634,0.34965304,0.3521328,0.35461614,0.35710314,0.35959393,0.36208847,0.36458674,0.3670886,0.36959383,0.37210232,0.3746138,0.377128,0.37964472,0.38216347,0.38468397,0.38720578
22,0.0,0.023110855,0.028052175,0.032162473,0.03593531,0.039916147,0.044661894,0.05003283,0.055645794,0.06116833,0.0663898,0.07129414,0.07603834,0.0808522,0.08591882,0.09130992,0.09699818,0.10290197,0.108927526,0.11499161,0.121030115,0.12699927,0.13286628,0.13858739,0.14409184,0.14930312,0.15417723,0.15872775,0.16301581,0.16712347,0.17113118,0.17510103,0.17907213,0.1830646,0.18708585,0.19113638,0.19521357,0.1993142,0.20343593,0.2075778,0.2117404,0.21592563,0.22013596,0.22437352,0.22863932,0.23293193,0.23724666,0.24157459,0.24590194,0.25021037,0.25447702,0.2586763,0.2627816,0.2667684,0.2706168,0.27431437,0.27785775,0.28125268,0.2845132,0.2876593,0.2907131,0.29369596,0.2966252,0.29951274,0.3023647,0.30518234,0.3079632,0.31070352,0.3133997,0.31604916,0.31865075,0.32120484,0.32371268,0.32617638,0.3285983,0.33098093,0.3333268,0.33563843,0.33791828,0.34016865,0.34239185,0.34459,0.34676516,0.34891933,0.3510543,0.3531719,0.35527375,0.35736135,0.3594362,0.3614996,0.36355275,0.3655969,0.3676331,0.36966234,0.37168556,0.3737037,0.37571755,0.377728,0.37973565,0.38174143,0.3837459
23,0.0,0.025758697,0.03490632,0.041654356,0.046675824,0.05196454,0.058492057,0.06658526,0.07597132,0.08604399,0.09608863,0.10550487,0.113959305,0.12141847,0.12807287,0.13419423,0.13998269,0.1454918,0.15066935,0.15544811,0.15979704,0.16372721,0.16729014,0.17057367,0.17368379,0.17671922,0.17975613,0.18284583,0.18601723,0.18927947,0.19262315,0.1960239,0.19945475,0.20290223,0.20637141,0.20987788,0.21343704,0.21705832,0.2207451,0.22449717,0.22831343,0.23219363,0.23613894,0.24015225,0.24423757,0.24839973,0.25264317,0.25697127,0.26138464,0.26587978,0.27044764,0.27507237,0.27973184,0.28439906,0.28904513,0.29364267,0.2981689,0.3026074,0.30694863,0.3111892,0.3153304,0.3193763,0.3233325,0.32720512,0.33099997,0.3347221,0.338376,0.34196517,0.3454927,0.34896103,0.35237226,0.35572836,0.35903117,0.36228275,0.3654854,0.36864144,0.37175363,0.3748248,0.37785783,0.38085577,0.3838214,0.38675758,0.389667,0.3925523,0.39541566,0.39825955,0.40108618,0.40389755,0.40669584,0.40948313,0.41226137,0.41503268,0.41779906,0.42056254,0.423325,0.42608833,0.4288541,0.43162417,0.4343998,0.4371826,0.43997386
24,0.0,0.022139486,0.026105085,0.028480567,0.032585476,0.038275905,0.045149855,0.052789636,0.060624164,0.06821279,0.07534294,0.08198847,0.088237174,0.09422229,0.10007719,0.10592681,0.11189623,0.1181054,0.124648124,0.13156891,0.13884796,0.14640282,0.15413389,0.16195114,0.16973107,0.17731225,0.18456468,0.19144204,0.19798988,0.20432687,0.21060048,0.21693881,0.22342104,0.2300752,0.23688763,0.24381086,0.25077468,0.257699,0.26450336,0.27111468,0.2774733,0.28353673,0.2892809,0.2946997,0.29980227,0.30460927,0.30914825,0.31344977,0.31754464,0.3214626,0.3252317,0.32887852,0.3324285,0.3359059,0.33933344,0.34273148,0.34611654,0.3495004,0.3528908,0.35629165,0.35970506,0.36313215,0.36657384,0.37003127,0.373506,0.37700012,0.38051638,0.38405803,0.3876289,0.39123303,0.39487427,0.3985558,0.4022793,0.40604404,0.4098464,0.4136793,0.4175325,0.42139268,0.42524514,0.4290762,0.43287495,0.43663514,0.44035468,0.44403479,0.44767871,0.45129037,0.45487353,0.4584311,0.46196488,0.465475,0.4689601,0.47241768,0.4758439,0.47923452,0.48258546,0.485893,0.48915452,0.49236846,0.49553475,0.49865448,0.5017294
25,0.0,0.023504648,0.029885273,0.036198653,0.04218238,0.047315724,0.05190231,0.056571793,0.061884012,0.06825884,0.07581849,0.08434473,0.09340926,0.10260856,0.111651905,0.12037368,0.12868546,0.13652521,0.14385098,0.15073898,0.15739076,0.16398089,0.17056969,0.17711873,0.18353,0.18969716,0.19555311,0.20108151,0.20630042,0.21124128,0.21593404,0.2204019,0.2246632,0.2287354,0.23263739,0.2363903,0.24001719,0.24354231,0.24699005,0.25038403,0.25374618,0.2570958,0.26044813,0.26381308,0.26719362,0.2705845,0.2739725,0.27733693,0.2806525,0.2838925,0.28703249,0.29005325,0.29294246,0.2956951,0.2983126,0.30080155,0.30317187,0.30543542,0.30760455,0.30969143,0.3117071,0.31366158,0.31556347,0.31742015,0.31923792,0.32102194,0.32277682,0.32450622,0.32621345,0.32790142,0.3295725,0.33122906,0.33287308,0.33450645,0.3361308,0.33774772,0.3393587,0.34096503,0.34256783,0.34416837,0.34576753,0.34736633,0.34896556,0.35056594,0.3521682,0.3537729,0.3553806,0.35699165,0.35860658,0.3602256,0.36184898,0.36347702,0.3651099,0.3667477,0.3683906,0.37003863,0.37169188,0.37335038,0.37501425,0.37668347,0.37835813
26,0.0,0.020910513,0.026819741,0.031113394,0.034696843,0.038675178,0.04349681,0.049044725,0.055025935,0.061248004,0.067634486,0.074158855,0.08074154,0.08716973,0.09319944,0.09873893,0.10400895,0.10932266,0.1148262,0.1205122,0.12632158,0.13219579,0.13809088,0.14397845,0.14984116,0.15566687,0.16144618,0.1671743,0.17285392,0.17849685,0.184122,0.18974817,0.19538608,0.20103934,0.20670582,0.21237782,0.21804973,0.223719,0.22937976,0.2350186,0.24061671,0.24615449,0.25161368,0.25697652,0.26222512,0.26734293,0.27231756,0.27714148,0.28181186,0.28632993,0.29070145,0.29493666,0.29904914,0.30305418,0.30696648,0.31079823,0.3145582,0.3182519,0.32188252,0.32545242,0.32896402,0.3324213,0.3358303,0.33919987,0.34254107,0.34586653,0.34918943,0.3525222,0.35587436,0.35925037,0.3626485,0.3660602,0.36947206,0.37286803,0.37623197,0.37954992,0.38281068,0.38600656,0.38913277,0.3921866,0.39516756,0.398076,0.40091306,0.40368047,0.40638053,0.40901572,0.41158915,0.41410455,0.41656622,0.4189791,0.42134863,0.42368037,0.42597967,0.42825133,0.4304989,0.43272462,0.4349292,0.437112,0.43927154,0.4414057,0.44351226
27,0.0,0.020959023,0.024603058,0.02772331,0.032585744,0.038642567,0.04503067,0.05166565,0.058624413,0.06585143,0.07311201,0.08004422,0.08627474,0.09156424,0.09590926,0.09950683,0.10264664,0.105612494,0.10856301,0.111528024,0.1144769,0.11738279,0.120247275,0.12309667,0.12597013,0.12890896,0.13194959,0.13512157,0.13844784,0.14194195,0.14560455,0.14942263,0.1533718,0.15741883,0.16152523,0.16565192,0.16976401,0.17383394,0.17784287,0.18178034,0.18564236,0.18942979,0.19314618,0.19679675,0.2003869,0.2039216,0.20740458,0.21083848,0.21422456,0.21756344,0.22085558,0.22410195,0.22730431,0.23046526,0.23358822,0.236677,0.2397357,0.242768,0.24577741,0.24876691,0.25173908,0.25469607,0.25763956,0.26057085,0.2634911,0.26640105,0.26930124,0.27219215,0.27507395,0.27794683,0.28081074,0.28366563,0.2865113,0.28934756,0.29217398,0.2949902,0.2977957,0.30058992,0.3033722,0.3061419,0.30889848,0.31164122,0.31436962,0.31708306,0.3197811,0.3224631,0.3251285,0.32777667,0.33040705,0.33301893,0.33561185,0.33818516,0.34073848,0.3432714,0.3457838,0.34827542,0.3507463,0.3531964,0.35562596,0.3580351,0.36042416
28,0.0,0.02272023,0.026749967,0.029627286,0.033267375,0.03777375,0.04307402,0.04881935,0.054725632,0.060657,0.06653466,0.07234657,0.07816964,0.08413782,0.09037062,0.096908726,0.10369864,0.110630214,0.117592864,0.12450255,0.1312841,0.13785191,0.14412321,0.15005393,0.15566833,0.1610421,0.16625378,0.17135225,0.17635272,0.181248,0.18602125,0.19065426,0.19513126,0.19944173,0.20358223,0.20755665,0.21137495,0.21505094,0.21859953,0.22203496,0.2253699,0.22861478,0.23177822,0.23486705,0.23788664,0.24084127,0.24373445,0.24656934,0.24934885,0.25207585,0.2547533,0.25738403,0.259971,0.26251712,0.2650251,0.26749766,0.26993728,0.27234644,0.27472752,0.2770827,0.27941415,0.28172386,0.2840138,0.28628588,0.28854188,0.29078358,0.2930127,0.29523084,0.29743955,0.2996404,0.3018346,0.30402347,0.30620813,0.3083895,0.31056848,0.31274578,0.31492192,0.31709749,0.31927285,0.3214483,0.32362393,0.32579997,0.32797632,0.33015305,0.33233005,0.33450708,0.33668405,0.33886066,0.3410367,0.3432118,0.34538552,0.34755763,0.3497276,0.35189512,0.35405973,0.356221,0.3583786,0.36053205,0.36268112,0.36482546,0.36696467
29,0.0,0.023998862,0.027480552,0.033225242,0.039889928,0.047289167,0.054660857,0.061570857,0.06794835,0.07393716,0.079685375,0.08524998,0.09063053,0.095832005,0.10089225,0.105879396,0.11088419,0.11601225,0.121366225,0.12701312,0.13294716,0.1390705,0.14521113,0.1511742,0.15679872,0.16199218,0.16673782,0.1710828,0.17511687,0.17894852,0.18268289,0.18640636,0.19017902,0.19403487,0.19798672,0.20203273,0.20616195,0.21035826,0.21460362,0.21887994,0.22317086,0.22746292,0.23174618,0.23601373,0.24026026,0.24448009,0.24866524,0.25280425,0.2568825,0.26088417,0.26479587,0.26861012,0.27232826,0.27596065,0.27952528,0.2830437,0.2865372,0.29002345,0.2935149,0.29701856,0.3005366,0.30406755,0.30760783,0.31115296,0.31469798,0.3182386,0.32177117,0.32529336,0.32880396,0.3323026,0.33579004,0.33926716,0.34273514,0.34619495,0.34964737,0.35309258,0.3565308,0.35996157,0.36338428,0.36679804,0.3702018,0.3735944,0.37697452,0.38034114,0.38369307,0.38702947,0.39034957,0.39365292,0.39693892,0.40020752,0.4034585,0.40669197,0.40990824,0.4131075,0.41629052,0.41945776,0.42260998,0.42574796,0.4288725,0.4319844,0.43508437
30,0.0,0.0241413,0.028667023,0.03270827,0.037558053,0.043333966,0.049570985,0.056028973,0.06287538,0.07035011,0.078593574,0.08757669,0.09715734,0.1071855,0.11756183,0.12824029,0.13920137,0.15040654,0.16171727,0.17279497,0.18308538,0.1919974,0.19920132,0.20480527,0.20927463,0.2131866,0.21701011,0.22102748,0.22536168,0.23002465,0.23496594,0.24011414,0.24540575,0.25080234,0.25629267,0.26187983,0.2675614,0.27331457,0.27909112,0.28482476,0.2904482,0.29591003,0.3011851,0.30627376,0.31119487,0.3159764,0.3206479,0.325235,0.329757,0.3342262,0.33864808,0.3430234,0.3473497,0.35162368,0.35584232,0.3600043,0.36411002,0.3681618,0.372163,0.3761181,0.38003176,0.38390863,0.38775325,0.39157045,0.3953659,0.39914656,0.40292042,0.40669635,0.41048256,0.41428584,0.4181106,0.42195842,0.42582795,0.42971566,0.43361592,0.43752226,0.44142732,0.44532424,0.44920698,0.45307124,0.45691392,0.4607336,0.4645294,0.46830115,0.47204897,0.47577327,0.47947475,0.48315442,0.48681355,0.49045372,0.49407697,0.4976853,0.50128126,0.5048674,0.5084463,0.51202047,0.5155924,0.51916385,0.52273595,0.5263085,0.5298798
31,0.0,0.025355013,0.030342657,0.03664734,0.04394745,0.050591484,0.056124195,0.06112039,0.06618023,0.071590416,0.07740699,0.08354948,0.08986536,0.096189,0.10238891,0.10839615,0.11420809,0.11987017,0.12544951,0.13101195,0.13660598,0.1422559,0.14796409,0.15371728,0.15949318,0.16526586,0.17100991,0.17670365,0.18233103,0.18788232,0.19335341,0.19874457,0.20405897,0.20930141,0.21447723,0.21959195,0.22465104,0.22965954,0.23462224,0.23954326,0.24442612,0.24927372,0.2540883,0.25887182,0.26362625,0.26835385,0.27305728,0.27773887,0.282399,0.28703547,0.29164332,0.2962155,0.3007431,0.30521727,0.3096317,0.3139828,0.318269,0.3224901,0.32664713,0.330742,0.33477744,0.33875665,0.34268284,0.34655908,0.3503881,0.35417196,0.3579125,0.36161098,0.3652685,0.36888582,0.3724636,0.3760023,0.37950256,0.38296488,0.3863901,0.3897792,0.3931333,0.39645395,0.39974228,0.40299946,0.4062262,0.40942305,0.41259047,0.41572928,0.41884068,0.42192626,0.42498827,0.42802897,0.431051,0.43405694,0.43704945,0.4400313,0.44300494,0.44597307,0.44893843,0.45190364,0.45487174,0.4578456,0.460828,0.46382114,0.46682638
32,0.0,0.022086877,0.025985276,0.029161261,0.034466997,0.04135205,0.049185824,0.057538506,0.066027895,0.074324265,0.08218125,0.08945706,0.09612707,0.1022722,0.10803874,0.11356469,0.11891782,0.12408631,0.12901399,0.1336507,0.13798761,0.14204675,0.1458641,0.14948928,0.15298519,0.15643154,0.15991467,0.16350743,0.16725029,0.17114349,0.1751543,0.17923157,0.18331887,0.18736412,0.19132511,0.19517212,0.19888802,0.20246737,0.20591363,0.20923632,0.21244803,0.21556233,0.21859218,0.22154914,0.22444288,0.22728115,0.2300699,0.23281366,0.2355157,0.23817852,0.24080405,0.24339387,0.2459492,0.24847107,0.25096032,0.25341758,0.25584334,0.25823805,0.26060212,0.26293612,0.26524085,0.2675174,0.2697673,0.27199256,0.27419534,0.27637812,0.27854353,0.28069425,0.28283286,0.28496182,0.2870833,0.2891992,0.29131112,0.29342,0.2955266,0.29763126,0.2997341,0.30183485,0.3039332,0.3060289,0.30812156,0.31021112,0.31229758,0.3143811,0.31646237,0.31854215,0.3206217,0.32270256,0.32478648,0.32687542,0.32897145,0.3310763,0.3331912,0.3353166,0.3374517,0.3395944,0.3417411,0.3438872,0.3460273,0.34815577,0.3502675
33,0.0,0.021054035,0.026957072,0.03185763,0.03790931,0.043904506,0.049693592,0.05521529,0.060456675,0.06553079,0.07059416,0.075853854,0.081540614,0.0878544,0.094882764,0.10248419,0.11029808,0.11785519,0.12474504,0.13094388,0.136922,0.14336261,0.15069063,0.1589022,0.16766909,0.1765377,0.18510361,0.19310617,0.20044255,0.20713392,0.21327598,0.21899341,0.22440845,0.2296236,0.23471552,0.23973472,0.2447086,0.24964565,0.25454116,0.25938267,0.26415524,0.26884618,0.2734481,0.27796033,0.28238854,0.28674307,0.29103628,0.2952794,0.29948074,0.30364475,0.3077725,0.31186178,0.3159074,0.31990156,0.32383582,0.3277038,0.33150366,0.33523732,0.3389089,0.34252328,0.34608582,0.34960216,0.3530785,0.35652152,0.35993835,0.36333695,0.36672547,0.37011194,0.37350288,0.37690228,0.38030973,0.38371918,0.38711792,0.39048782,0.39380705,0.39705402,0.40021023,0.40326312,0.40620652,0.4090405,0.4117701,0.4144035,0.4169506,0.41942188,0.42182764,0.4241775,0.4264802,0.4287439,0.43097574,0.43318257,0.43537065,0.4375459,0.4397139,0.44188002,0.44404918,0.44622558,0.44841284,0.4506134,0.45282838,0.455057,0.457297
34,0.0,0.029561184,0.030604076,0.034106214,0.039187077,0.04570082,0.05318342,0.061231755,0.06945324,0.07755244,0.08546556,0.09332386,0.101361334,0.10976099,0.11845292,0.1271011,0.1351559,0.14218767,0.14839725,0.15435371,0.16048223,0.16692193,0.17359588,0.18030387,0.18686017,0.19317676,0.1992448,0.20508374,0.2107053,0.21611029,0.22129802,0.22627112,0.23103696,0.23561002,0.24001314,0.24427672,0.24843587,0.2525268,0.256583,0.26063207,0.26469308,0.2687744,0.2728734,0.27697718,0.28106493,0.28511214,0.2890948,0.29299334,0.29679444,0.30049175,0.30408487,0.30757776,0.3109769,0.31429,0.31752467,0.32068795,0.323786,0.3268238,0.32980543,0.33273426,0.33561286,0.33844334,0.34122762,0.34396726,0.34666386,0.349319,0.35193428,0.35451135,0.35705194,0.3595578,0.36203074,0.3644724,0.3668841,0.36926705,0.3716218,0.37394857,0.37624747,0.3785191,0.3807646,0.38298574,0.38518474,0.38736406,0.38952643,0.39167473,0.3938125,0.39594406,0.3980748,0.40021116,0.40235996,0.40452468,0.40670055,0.40887415,0.41103178,0.413168,0.41528407,0.41738328,0.41946822,0.42154086,0.42360243,0.425654,0.42769626
35,0.0,0.022745231,0.029607808,0.0339978,0.03922222,0.04501809,0.050924104,0.056856956,0.0629047,0.069232985,0.07599452,0.08321843,0.0907674,0.09834742,0.10556108,0.11204651,0.11768268,0.122754775,0.12786028,0.1334271,0.13939436,0.14546487,0.15141952,0.1571818,0.16276218,0.168166,0.17335907,0.17830144,0.18298467,0.18743671,0.19170874,0.19586134,0.19995476,0.20404005,0.20815316,0.21231453,0.21653335,0.22081284,0.22515479,0.22956201,0.23403889,0.23859015,0.24321799,0.24791868,0.25267917,0.25747687,0.2622824,0.2670658,0.27180275,0.2764785,0.28108832,0.28563467,0.29012424,0.2945645,0.2989617,0.30331942,0.3076383,0.31191674,0.3161518,0.32033983,0.32447654,0.3285573,0.33257753,0.33653358,0.34042346,0.34424686,0.34800467,0.3516988,0.35533172,0.35890597,0.36242408,0.36588803,0.36929956,0.3726599,0.37597018,0.37923136,0.38244444,0.38561088,0.3887323,0.39181113,0.3948501,0.3978526,0.40082228,0.40376312,0.40667892,0.40957376,0.41245183,0.41531697,0.41817352,0.42102578,0.4238783,0.426736,0.42960423,0.4324887,0.435396,0.43833303,0.44130746,0.44432744,0.44740108,0.450536,0.45373812
36,0.0,0.021458546,0.027469246,0.031264424,0.035288643,0.039988976,0.045585904,0.051950842,0.058872167,0.06618872,0.07373679,0.08132464,0.08878703,0.09606448,0.10324114,0.11048706,0.1179591,0.12575902,0.13389158,0.14221805,0.15049236,0.15846208,0.16597633,0.17303751,0.17977034,0.18633844,0.19286479,0.19939354,0.20589161,0.21227,0.2184168,0.2242309,0.2296415,0.23461165,0.23913331,0.24321993,0.24689947,0.2502102,0.25319728,0.25591102,0.25840494,0.26073447,0.26295528,0.26512042,0.26727796,0.26946852,0.27172396,0.2740664,0.2765083,0.27905488,0.2817062,0.28445905,0.28730714,0.29024315,0.2932596,0.29634959,0.29950717,0.3027273,0.30600628,0.3093411,0.31272987,0.31617126,0.3196646,0.32320973,0.32680687,0.33045658,0.33415982,0.33791748,0.3417305,0.34559935,0.34952375,0.35350215,0.3575316,0.36160734,0.36572355,0.36987284,0.37404832,0.37824354,0.38245377,0.38667607,0.39090943,0.3951541,0.39941087,0.40368113,0.40796643,0.41226864,0.4165901,0.42093372,0.42530304,0.42970273,0.43413752,0.43861195,0.44312912,0.44768992,0.45229208,0.4569294,0.4615922,0.4662684,0.4709446,0.47560805,0.480247
37,0.0,0.021261929,0.027687835,0.033146407,0.03969729,0.046415936,0.05304498,0.059855457,0.06724809,0.07539048,0.08417863,0.09335484,0.102613255,0.111657426,0.12021368,0.12803343,0.13491935,0.14077444,0.14562048,0.14955333,0.15269056,0.15517725,0.15721975,0.15907663,0.16101228,0.16325888,0.1659997,0.16936189,0.17341278,0.17816183,0.18356925,0.18955928,0.19603406,0.2028841,0.2099941,0.2172479,0.22453763,0.23177335,0.23888847,0.24584003,0.25260487,0.25917524,0.26555404,0.27175146,0.27778178,0.2836615,0.28940815,0.29503927,0.30057168,0.30602145,0.311403,0.31672955,0.32201236,0.32726136,0.3324849,0.33769014,0.34288326,0.34806997,0.3532558,0.3584465,0.36364865,0.36886954,0.37411758,0.3794018,0.3847311,0.39011183,0.39554447,0.40101835,0.40650982,0.41198453,0.41740337,0.42272723,0.42792168,0.43296033,0.43782628,0.4425124,0.44702005,0.45135722,0.45553604,0.4595706,0.46347558,0.46726504,0.47095227,0.474549,0.4780654,0.4815101,0.48489043,0.48821244,0.49148107,0.49470064,0.4978747,0.5010065,0.5040988,0.50715405,0.5101745,0.5131623,0.51611936,0.51904756,0.5219485,0.52482384,0.52767533
38,0.0,0.035518568,0.033833332,0.03857432,0.04620578,0.05451931,0.06282616,0.07114881,0.07970952,0.088594444,0.09764608,0.10660405,0.11528003,0.12364811,0.1318455,0.14011744,0.14872299,0.15781967,0.16737324,0.17714967,0.18679549,0.19594462,0.20429747,0.21166453,0.21798362,0.2233134,0.2278044,0.23165648,0.2350749,0.23824093,0.2412997,0.24435893,0.24749218,0.2507452,0.25414366,0.2577004,0.2614212,0.26530826,0.26936132,0.27357757,0.2779509,0.2824718,0.28712752,0.29190382,0.29678407,0.3017472,0.3067689,0.31182694,0.3169053,0.32199296,0.3270799,0.33215404,0.3372009,0.34220383,0.3471444,0.35200408,0.35676518,0.36141244,0.36593392,0.37032157,0.37457183,0.37868455,0.3826632,0.38651323,0.39024204,0.39385766,0.39736858,0.40078315,0.40410933,0.40735462,0.4105259,0.41362938,0.41667104,0.4196561,0.42258942,0.4254757,0.42831922,0.43112415,0.43389443,0.43663386,0.43934608,0.4420345,0.4447026,0.44735333,0.44998974,0.45261455,0.45523018,0.45783898,0.46044317,0.4630447,0.4656454,0.46824703,0.47085124,0.47345942,0.47607303,0.47869313,0.48132074,0.48395666,0.48660162,0.489256,0.49192026
39,0.0,0.028656987,0.03461838,0.039012782,0.04380988,0.048650693,0.05332423,0.05796197,0.06274941,0.06780609,0.0731498,0.07870814,0.08437339,0.09005044,0.09568726,0.10127738,0.10684584,0.11242544,0.11802122,0.12357995,0.12899467,0.13415025,0.13897571,0.14347912,0.14774486,0.15189357,0.15603463,0.16023493,0.16450688,0.16881458,0.17309302,0.17727181,0.18129495,0.18513106,0.18877542,0.19224545,0.19557418,0.19880338,0.20197822,0.2051423,0.20833404,0.21158282,0.2149061,0.21830717,0.221775,0.22528628,0.22881047,0.23231666,0.23578034,0.23918828,0.24254014,0.24584706,0.24912849,0.2524076,0.2557072,0.25904548,0.26243332,0.26587236,0.26935503,0.27286637,0.27638698,0.2798965,0.28337678,0.2868138,0.29019842,0.29352614,0.2967963,0.3000109,0.30317342,0.3062882,0.30935946,0.31239107,0.3153863,0.31834775,0.32127738,0.32417643,0.32704574,0.32988566,0.33269638,0.33547765,0.3382293,0.340951,0.3436425,0.34630352,0.34893382,0.35153323,0.35410172,0.35663912,0.35914555,0.36162114,0.36406597,0.3664803,0.36886448,0.37121865,0.3735433,0.37583876,0.3781054,0.38034377,0.38255432,0.38473752,0.38689393
40,0.0,0.022583371,0.02489235,0.029316029,0.03452437,0.040082503,0.045707934,0.051236704,0.056654125,0.06197855,0.06718016,0.07218094,0.0768946,0.081260346,0.08525986,0.08892281,0.092315376,0.09551872,0.09861176,0.10166224,0.10472544,0.10784668,0.111064084,0.11440978,0.117909715,0.12158281,0.1254392,0.12947822,0.13368759,0.13804509,0.1425228,0.14709182,0.15172628,0.1564057,0.16111578,0.1658484,0.17060107,0.1753762,0.18017969,0.18501851,0.18989761,0.1948165,0.19976641,0.20472886,0.20967631,0.21457508,0.21939053,0.22409151,0.22865446,0.2330646,0.2373158,0.24140874,0.24534924,0.24914673,0.25281313,0.25636163,0.25980598,0.26315928,0.2664337,0.2696399,0.27278715,0.27588308,0.278934,0.28194502,0.2849204,0.2878637,0.29077792,0.2936655,0.29652852,0.29936874,0.3021876,0.30498645,0.30776668,0.31052962,0.31327665,0.31600925,0.31872877,0.3214367,0.32413432,0.32682315,0.32950455,0.3321799,0.33485064,0.3375183,0.34018463,0.34285098,0.34551755,0.34818244,0.3508417,0.35349062,0.35612562,0.35874596,0.36135337,0.36395127,0.36654368,0.36913463,0.37172815,0.3743283,0.37693933,0.37956595,0.38221335
41,0.0,0.024492113,0.032037474,0.040858783,0.049205687,0.056400437,0.062705666,0.068653375,0.074540175,0.08054034,0.08679627,0.09346014,0.100691624,0.10863417,0.117385045,0.12695572,0.1372164,0.14784086,0.1583104,0.1680341,0.17654091,0.18360922,0.18927267,0.19376323,0.19743283,0.20066054,0.20377463,0.20701796,0.21055141,0.21446872,0.21880941,0.22356904,0.22870871,0.23416431,0.23985533,0.24569438,0.2515963,0.25748444,0.26329458,0.2689763,0.2744933,0.2798225,0.28495172,0.2898773,0.2946018,0.29913136,0.303475,0.30764282,0.3116457,0.31549445,0.3191997,0.32277155,0.32621956,0.3295524,0.3327783,0.33590463,0.3389381,0.34188476,0.3447503,0.3475396,0.35025737,0.3529076,0.3554941,0.3580203,0.36048922,0.36290365,0.36526623,0.36757925,0.36984494,0.37206534,0.3742425,0.37637857,0.37847564,0.38053623,0.3825629,0.38455865,0.3865267,0.38847065,0.39039427,0.3923015,0.39419618,0.39608225,0.3979632,0.39984244,0.4017229,0.40360713,0.40549746,0.4073957,0.40930346,0.41122228,0.41315323,0.41509762,0.4170565,0.41903087,0.42102185,0.42303047,0.42505768,0.42710432,0.42917106,0.43125823,0.43336636
42,0.0,0.022688212,0.027691975,0.032300778,0.03800895,0.04391942,0.05030107,0.057355635,0.06502092,0.073136576,0.08150273,0.08991642,0.09822141,0.10635204,0.114420526,0.1227853,0.1318575,0.1417546,0.15205938,0.16193554,0.17057677,0.17757331,0.18294153,0.18695083,0.1899492,0.19226158,0.19414999,0.19580922,0.19737919,0.19896255,0.20064181,0.20249021,0.20457558,0.20695618,0.20966886,0.21271072,0.21603386,0.21956366,0.2232236,0.2269496,0.23069361,0.23442191,0.23811166,0.24174824,0.24532333,0.24883364,0.25227964,0.25566468,0.25899398,0.26227403,0.26551178,0.26871443,0.27188912,0.2750424,0.27818054,0.28130925,0.28443408,0.28756005,0.29069185,0.29383388,0.29698992,0.30016336,0.3033569,0.30657217,0.3098101,0.3130703,0.31635112,0.31964973,0.3229621,0.3262833,0.32960784,0.33293012,0.33624482,0.33954754,0.34283474,0.34610426,0.34935498,0.35258713,0.35580173,0.35900065,0.36218622,0.36536118,0.36852852,0.37169105,0.3748518,0.3780135,0.3811789,0.38435054,0.3875308,0.390722,0.39392608,0.39714482,0.40037972,0.40363207,0.4069027,0.4101923,0.41350126,0.41682962,0.42017695,0.42354262,0.42692548
43,0.0,0.022465112,0.027501293,0.029920772,0.03306265,0.037426624,0.04281395,0.048851833,0.055462867,0.06271486,0.07064083,0.07927705,0.08868633,0.09892854,0.10994116,0.121302806,0.13214196,0.14145947,0.14866911,0.15386173,0.15757349,0.16043696,0.1629606,0.16546476,0.16811794,0.1709828,0.17405364,0.17728744,0.18062745,0.18401769,0.18741058,0.19076969,0.19407001,0.19729723,0.20044656,0.20352177,0.20653369,0.20949794,0.21243253,0.21535546,0.21828291,0.22122844,0.22420292,0.22721514,0.2302723,0.23338053,0.23654516,0.23977087,0.24306196,0.24642196,0.2498531,0.25335494,0.2569235,0.2605501,0.2642215,0.26792008,0.2716253,0.2753154,0.27896908,0.28256768,0.28609633,0.2895446,0.29290694,0.29618168,0.29937077,0.30247876,0.3055117,0.30847672,0.31138095,0.31423157,0.3170351,0.31979746,0.32252377,0.32521862,0.32788563,0.33052805,0.33314842,0.33574894,0.33833143,0.34089735,0.343448,0.34598437,0.3485074,0.35101792,0.35351652,0.35600388,0.35848057,0.36094704,0.36340395,0.36585167,0.36829084,0.3707219,0.3731455,0.3755622,0.37797266,0.3803777,0.38277802,0.38517457,0.38756832,0.3899606,0.39235258
44,0.0,0.021773834,0.02652471,0.03046853,0.03494749,0.039795652,0.045047816,0.05072238,0.056744043,0.06299618,0.06938465,0.075913206,0.08270357,0.08991505,0.09763678,0.105817854,0.11427133,0.12274419,0.13101068,0.13895516,0.1466132,0.15412474,0.16162406,0.16914117,0.17658561,0.18382607,0.1907718,0.19739734,0.2037299,0.20982113,0.21571867,0.22145393,0.22704355,0.2324947,0.23781084,0.24299532,0.24805331,0.25299168,0.25781843,0.2625416,0.2671688,0.27170625,0.27615893,0.28053036,0.28482288,0.28903803,0.29317668,0.29723954,0.30122736,0.30514112,0.30898216,0.31275228,0.31645373,0.32008934,0.32366237,0.32717627,0.3306346,0.33404103,0.33739907,0.34071213,0.34398335,0.3472157,0.35041204,0.3535748,0.3567064,0.35980913,0.36288503,0.36593604,0.36896428,0.3719716,0.37496015,0.37793192,0.38088915,0.38383394,0.3867686,0.3896954,0.3926164,0.39553374,0.39844933,0.4013648,0.4042814,0.40719977,0.41012022,0.41304252,0.41596654,0.41889268,0.42182174,0.42475468,0.42769256,0.43063635,0.4335863,0.43654275,0.4395059,0.4424765,0.44545552,0.44844487,0.4514468,0.4544639,0.4574988,0.46055418,0.46363282
45,0.0,0.02448483,0.028591791,0.033824235,0.0386761,0.043740507,0.049315587,0.055352375,0.06151467,0.06756754,0.0734743,0.07931579,0.08518511,0.09114871,0.09726371,0.10359862,0.110215016,0.117087945,0.12400489,0.1305651,0.13636056,0.14120978,0.1452226,0.14866857,0.15182608,0.15490212,0.15801197,0.16119137,0.16442345,0.16766761,0.17088252,0.17403814,0.17711759,0.18011321,0.18302274,0.18584749,0.18859175,0.19126233,0.19386822,0.19641966,0.19892696,0.20139925,0.20384352,0.20626424,0.2086635,0.21104178,0.21339872,0.21573411,0.21804816,0.22034189,0.22261687,0.22487515,0.2271189,0.2293503,0.23157133,0.23378372,0.23598896,0.23818825,0.24038261,0.24257287,0.24475971,0.24694376,0.24912545,0.25130522,0.2534832,0.25565952,0.25783408,0.26000664,0.2621769,0.26434448,0.266509,0.26867,0.27082717,0.27298018,0.27512902,0.27727357,0.279414,0.28155074,0.28368422,0.28581527,0.28794482,0.2900742,0.29220483,0.2943385,0.2964774,0.29862407,0.30078125,0.30295214,0.30513987,0.30734754,0.30957764,0.31183168,0.31410977,0.31641003,0.31872877,0.32106072,0.32339966,0.32573932,0.32807413,0.33039978,0.33271357
46,0.0,0.022314183,0.026530381,0.030864485,0.036804743,0.042809334,0.04819024,0.053304546,0.058667,0.06463175,0.07129001,0.07849144,0.085940234,0.093298994,0.10029249,0.10678471,0.112830125,0.11867798,0.12463528,0.13089426,0.13741612,0.14396118,0.15023333,0.15601748,0.1612405,0.16595848,0.1703053,0.17443833,0.17850031,0.18260266,0.18682408,0.19121763,0.19581974,0.20065771,0.2057541,0.21112823,0.21679445,0.22275782,0.22900842,0.23551552,0.24222687,0.24907473,0.2559847,0.26287943,0.26967928,0.27630866,0.28270695,0.28883493,0.29467657,0.30023694,0.30553725,0.31060848,0.3154842,0.3201946,0.32476315,0.32920435,0.33352363,0.33772022,0.341792,0.3457394,0.34956637,0.35327926,0.35688558,0.36039275,0.36380777,0.36713684,0.37038594,0.3735608,0.37666687,0.37970936,0.38269317,0.3856228,0.38850206,0.39133468,0.39412385,0.3968725,0.3995834,0.40225938,0.40490338,0.40751898,0.41011032,0.41268227,0.4152405,0.41779074,0.42033863,0.422889,0.42544472,0.4280071,0.43057543,0.43314758,0.4357206,0.43829122,0.44085646,0.4434139,0.4459617,0.4484989,0.45102492,0.45353973,0.4560437,0.45853728,0.46102136
47,0.0,0.020282963,0.02543744,0.030059423,0.03580152,0.041873023,0.048095156,0.054199163,0.060066763,0.06575306,0.07129146,0.076622404,0.081661545,0.086372264,0.0907874,0.095004804,0.099167235,0.103438735,0.107970595,0.11286407,0.118164636,0.12387661,0.12997597,0.136416,0.14312991,0.15005092,0.15712625,0.16429073,0.17144781,0.17849188,0.18533485,0.19192225,0.19824615,0.20435008,0.21031897,0.21625811,0.22226912,0.22842988,0.23478347,0.24133657,0.2480654,0.2549277,0.2618749,0.26886,0.27584013,0.2827771,0.28963804,0.29639626,0.30303353,0.30954126,0.31591895,0.3221709,0.3283026,0.33431786,0.34021726,0.34599808,0.35165513,0.35718185,0.36257133,0.36781666,0.37291172,0.37785178,0.38263363,0.38725612,0.39172035,0.39602983,0.40019038,0.40420994,0.40809864,0.41186824,0.4155317,0.41910255,0.422595,0.4260228,0.42939955,0.43273807,0.43604976,0.43934444,0.4426297,0.44591072,0.44918987,0.45246765,0.45574287,0.45901346,0.4622771,0.4655315,0.46877447,0.4720044,0.47522026,0.4784212,0.4816072,0.4847783,0.4879347,0.4910769,0.49420515,0.49731988,0.50042146,0.50351024,0.5065863,0.5096499,0.51270115
48,0.0,0.021251982,0.023168333,0.026475973,0.03096471,0.036059503,0.04153467,0.04712276,0.052635603,0.057965748,0.063023545,0.06776236,0.07221467,0.076480694,0.08068592,0.084935196,0.0892827,0.09373249,0.09825204,0.102785975,0.10728901,0.11172894,0.11608018,0.120341375,0.1245252,0.12864144,0.13269673,0.13669962,0.14066193,0.1445963,0.14851436,0.15242676,0.15634432,0.1602789,0.16424333,0.16825004,0.17230925,0.17642656,0.18060072,0.18481976,0.189061,0.19330026,0.19751988,0.20170885,0.20586325,0.20998691,0.2140898,0.2181858,0.22229005,0.22641684,0.23057872,0.23478593,0.23904635,0.24336515,0.24774416,0.252181,0.25666833,0.26119325,0.26573795,0.27028066,0.27479795,0.27926716,0.28366882,0.28798822,0.29221627,0.296349,0.3003866,0.3043322,0.30819052,0.31196725,0.31566808,0.3192983,0.32286265,0.32636532,0.32980976,0.33319888,0.33653498,0.33982015,0.34305614,0.34624448,0.34938693,0.35248503,0.35554045,0.35855493,0.3615303,0.3644685,0.36737123,0.37024057,0.37307826,0.3758862,0.37866625,0.3814201,0.38414955,0.38685644,0.3895423,0.392209,0.39485803,0.3974911,0.40010968,0.40271533,0.40530953
49,0.0,0.024281515,0.030071443,0.034320448,0.039198056,0.044662442,0.050308276,0.056465805,0.06368809,0.072251685,0.081944406,0.09222379,0.10249192,0.112279184,0.121327095,0.12960115,0.13723573,0.14444025,0.15142378,0.15836278,0.16539465,0.17261596,0.18008971,0.18785706,0.19593167,0.2042811,0.21280815,0.22134276,0.22966337,0.2375465,0.2448177,0.25137967,0.25721377,0.26236445,0.26691604,0.270969,0.27462137,0.27795833,0.28105164,0.28396523,0.28676143,0.2895016,0.29224402,0.2950408,0.29793555,0.30096415,0.30415648,0.30753663,0.31112292,0.31492624,0.31894583,0.3231629,0.32753563,0.33200157,0.33648887,0.3409303,0.3452733,0.34948325,0.35354292,0.35744834,0.36120522,0.3648251,0.36832196,0.37171048,0.37500435,0.3782157,0.38135517,0.38443157,0.38745245,0.3904241,0.39335206,0.3962411,0.39909568,0.4019196,0.4047162,0.4074881,0.41023704,0.41296425,0.41567034,0.4183559,0.42102194,0.42366967,0.42630073,0.42891675,0.43151936,0.4341102,0.4366903,0.43926087,0.44182253,0.4443757,0.4469204,0.4494565,0.45198372,0.45450157,0.45700943,0.45950687,0.46199328,0.4644681,0.466931,0.4693816,0.47181973
50,0.0,0.023431798,0.028198363,0.032156374,0.036921587,0.042833056,0.04962545,0.056822404,0.0640268,0.07100264,0.07763908,0.08392939,0.08992739,0.09569419,0.101258926,0.10661137,0.111735806,0.116647385,0.12139728,0.12605126,0.13066491,0.13526917,0.13986848,0.14444834,0.14898607,0.15346186,0.15786536,0.16219443,0.1664483,0.17062093,0.17469935,0.17866571,0.18250048,0.18618563,0.18970871,0.19306602,0.19626367,0.19931479,0.20223625,0.2050459,0.20776074,0.21039617,0.21296553,0.21548001,0.21794875,0.22037919,0.22277766,0.22515003,0.22750226,0.22983971,0.23216687,0.2344867,0.236801,0.23911063,0.24141568,0.24371591,0.24601047,0.24829797,0.25057626,0.2528424,0.25509295,0.25732478,0.25953558,0.26172403,0.2638898,0.26603314,0.26815474,0.27025548,0.27233636,0.27439824,0.2764421,0.2784687,0.2804789,0.28247342,0.28445297,0.2864182,0.28836972,0.2903082,0.29223418,0.29414806,0.29605043,0.29794168,0.29982227,0.30169252,0.30355275,0.30540323,0.30724433,0.30907625,0.31089923,0.31271353,0.3145194,0.316317,0.3181066,0.3198884,0.32166272,0.3234296,0.32518944,0.32694238,0.3286888,0.3304289,0.3321629
51,0.0,0.036093835,0.028882233,0.030859422,0.03529763,0.040861256,0.046749473,0.052612513,0.058398403,0.0641982,0.07008244,0.07603848,0.08200789,0.087929204,0.09374901,0.0994321,0.10497168,0.11037835,0.1156654,0.12087035,0.12606925,0.13134514,0.13676092,0.14235847,0.14816764,0.15420704,0.16047016,0.16691254,0.17346172,0.1800434,0.18659575,0.1930681,0.19941847,0.2056121,0.21162114,0.21742572,0.22301558,0.2283911,0.23356237,0.23854637,0.24336396,0.24803725,0.2525878,0.2570356,0.26139852,0.26569206,0.26992953,0.27412242,0.27828062,0.28241265,0.28652617,0.29062784,0.29472345,0.29881832,0.30291706,0.30702415,0.3111437,0.3152798,0.3194364,0.32361716,0.32782516,0.33206272,0.33633098,0.34062937,0.34495547,0.34930453,0.3536694,0.35804033,0.36240554,0.3667515,0.37106374,0.37532818,0.3795323,0.38366574,0.38772047,0.39169034,0.3955709,0.39935955,0.40305614,0.40666306,0.41018462,0.41362673,0.41699597,0.42029923,0.42354304,0.42673364,0.42987627,0.43297505,0.4360328,0.43905154,0.4420327,0.4449781,0.44789043,0.45077324,0.45363128,0.45646933,0.459292,0.46210307,0.4649056,0.4677017,0.47049347
52,0.0,0.018968001,0.02351828,0.026592942,0.030626303,0.03579636,0.04185653,0.048272043,0.054603014,0.06061491,0.066259265,0.071586855,0.076680906,0.0816297,0.086517125,0.091412954,0.09636243,0.10138055,0.10645212,0.11153744,0.11658141,0.12152395,0.12631138,0.13090597,0.1352899,0.13946262,0.1434354,0.14722641,0.15085675,0.15434757,0.15771815,0.16098489,0.16416113,0.16725741,0.1702817,0.17323993,0.17613623,0.17897333,0.18175292,0.18447596,0.18714276,0.18975334,0.19230744,0.1948047,0.19724478,0.19962722,0.20195195,0.20421891,0.20642862,0.20858209,0.21068121,0.21272922,0.21473117,0.21669488,0.21863148,0.22055602,0.22248739,0.22444735,0.22645846,0.22854133,0.2307109,0.23297352,0.2353261,0.23775737,0.24025093,0.24278893,0.24535552,0.24793872,0.25053024,0.25312522,0.25572115,0.2583171,0.2609135,0.2635112,0.26611137,0.26871517,0.27132353,0.27393728,0.27655697,0.279183,0.28181568,0.2844551,0.2871013,0.2897542,0.29241377,0.29507983,0.29775226,0.30043083,0.3031155,0.30580604,0.30850238,0.31120452,0.3139124,0.31662616,0.31934592,0.32207182,0.32480422,0.32754344,0.3302899,0.33304402,0.33580637
53,0.0,0.021141903,0.024828995,0.027499452,0.0313939,0.036278293,0.041655544,0.04725287,0.052994166,0.05889735,0.06493881,0.07104223,0.077148005,0.08325167,0.08938841,0.09559862,0.10190801,0.1083257,0.11484981,0.12146999,0.1281628,0.13488466,0.14156663,0.14811338,0.15440902,0.16033563,0.16580155,0.17076509,0.17523965,0.17927933,0.18295605,0.18634291,0.18951146,0.19253874,0.1955117,0.19852097,0.20164476,0.20493422,0.20840964,0.21206716,0.21588819,0.21984656,0.22391212,0.22805215,0.23223227,0.23641782,0.24057561,0.24467655,0.24869743,0.25262243,0.25644344,0.26015913,0.26377353,0.26729414,0.27073023,0.2740915,0.2773872,0.28062528,0.2838122,0.28695297,0.29005128,0.29310986,0.29613027,0.29911363,0.3020611,0.3049746,0.30785707,0.31071225,0.3135442,0.31635725,0.31915548,0.32194313,0.32472423,0.32750264,0.33028215,0.33306643,0.33585894,0.33866334,0.34148297,0.3443213,0.34718183,0.35006803,0.35298347,0.3559319,0.35891712,0.3619431,0.3650138,0.36813343,0.37130573,0.37453476,0.3778236,0.38117495,0.38459015,0.38806883,0.3916088,0.39520508,0.39885,0.4025331,0.40624136,0.4099599,0.41367316
54,0.0,0.021574404,0.027945466,0.032988932,0.03956323,0.047269423,0.055596627,0.06425626,0.07279901,0.08067075,0.08748887,0.0932129,0.09805359,0.10231546,0.106316745,0.11033166,0.11455949,0.119120866,0.124052525,0.12930161,0.13473623,0.1401874,0.14550969,0.15061934,0.15549177,0.16013804,0.16458301,0.16885301,0.17297035,0.17695217,0.18081126,0.18455704,0.18819632,0.19173364,0.19517215,0.19851394,0.20176092,0.20491509,0.20797887,0.2109556,0.21384965,0.21666643,0.21941215,0.22209339,0.22471663,0.227288,0.22981288,0.23229593,0.23474096,0.23715106,0.23952858,0.24187554,0.24419343,0.24648373,0.24874748,0.25098583,0.25319976,0.25539008,0.25755778,0.2597038,0.26182902,0.2639344,0.26602098,0.26808983,0.27014217,0.27217922,0.2742023,0.27621275,0.27821195,0.28020108,0.28218135,0.28415367,0.28611884,0.28807732,0.29002947,0.29197538,0.293915,0.29584822,0.2977749,0.29969507,0.30160877,0.30351633,0.30541822,0.30731493,0.30920714,0.31109536,0.31298015,0.3148619,0.316741,0.31861773,0.32049224,0.32236463,0.324235,0.32610342,0.32796994,0.3298346,0.33169767,0.33355942,0.33542022,0.33728063,0.33914134
55,0.0,0.022249114,0.027879281,0.031984456,0.036757883,0.04318856,0.050745644,0.058646087,0.066422716,0.073938586,0.08121856,0.088358946,0.09548367,0.10268565,0.11001007,0.11745265,0.124930434,0.13224667,0.13910276,0.14516562,0.15018909,0.15415804,0.15729818,0.15992329,0.16230707,0.16465111,0.16709207,0.16971333,0.17255536,0.17562637,0.1789133,0.18239082,0.18602808,0.18979403,0.19366185,0.19761212,0.2016332,0.2057185,0.20986177,0.21405156,0.21826826,0.22248426,0.2266669,0.23078285,0.23480219,0.23870182,0.24246661,0.24608958,0.24957077,0.25291565,0.25613308,0.25923386,0.2622292,0.26512975,0.26794523,0.27068418,0.27335382,0.2759604,0.27850902,0.28100428,0.28344995,0.28584942,0.28820562,0.29052112,0.29279804,0.29503846,0.29724398,0.29941627,0.30155656,0.30366606,0.30574578,0.30779666,0.3098196,0.31181538,0.31378472,0.3157284,0.31764713,0.31954163,0.3214128,0.32326138,0.3250882,0.32689422,0.3286804,0.33044773,0.33219716,0.33392978,0.33564666,0.33734894,0.33903763,0.3407139,0.34237885,0.34403357,0.34567913,0.34731656,0.3489469,0.35057122,0.35219032,0.3538052,0.35541674,0.35702577,0.35863295
56,0.0,0.022818943,0.026469242,0.029649468,0.034720838,0.040820654,0.04730638,0.053897616,0.060400385,0.0666874,0.07268808,0.07838746,0.083806105,0.088977896,0.09393635,0.09870725,0.10330677,0.107755765,0.11210083,0.11641842,0.12080284,0.12535033,0.13014683,0.1352605,0.14073563,0.1465855,0.15278238,0.15924905,0.16585787,0.17244439,0.1788341,0.18487333,0.19045232,0.19551358,0.20004681,0.20407699,0.20765091,0.2108257,0.21366017,0.21620944,0.21852204,0.22063905,0.22259486,0.2244185,0.2261348,0.22776547,0.22933011,0.2308475,0.23233621,0.23381485,0.23530138,0.23681247,0.23836233,0.23996206,0.2416191,0.24333724,0.24511737,0.2469582,0.24885724,0.2508113,0.25281668,0.25486958,0.25696647,0.25910392,0.26127902,0.26348895,0.26573148,0.26800442,0.2703058,0.272634,0.2749874,0.2773646,0.27976424,0.28218493,0.28462544,0.28708452,0.28956082,0.292053,0.2945597,0.29707932,0.29961047,0.30215144,0.3047007,0.30725646,0.30981705,0.31238082,0.31494603,0.31751102,0.32007435,0.32263452,0.32519037,0.32774088,0.33028513,0.33282268,0.33535317,0.33787656,0.34039298,0.3429027,0.34540617,0.34790406,0.35039684
57,0.0,0.025608076,0.030940728,0.03642306,0.042237952,0.04759597,0.052711707,0.05778277,0.063142546,0.069094524,0.07574144,0.083002634,0.09074449,0.098904595,0.10752548,0.11666882,0.12618852,0.13548702,0.1436432,0.15002306,0.15471561,0.15838112,0.16177346,0.1654188,0.1695543,0.1742037,0.17929108,0.18472624,0.19044603,0.19641179,0.20257,0.20879075,0.2148567,0.22056065,0.2257567,0.23036402,0.23437347,0.23784043,0.24085213,0.24349512,0.24584593,0.2479753,0.24995106,0.25183463,0.25367433,0.2555025,0.25733688,0.25918642,0.26105696,0.26295462,0.26488647,0.26686013,0.26888213,0.27095738,0.27308878,0.2752771,0.27752155,0.27982014,0.28217024,0.2845689,0.28701308,0.28949997,0.2920267,0.29459047,0.29718837,0.2998173,0.3024741,0.30515555,0.3078584,0.31057972,0.31331685,0.31606752,0.3188298,0.32160202,0.32438284,0.32717115,0.32996598,0.33276638,0.33557156,0.33838075,0.3411932,0.34400806,0.34682488,0.34964296,0.35246196,0.35528162,0.35810193,0.3609231,0.36374542,0.36656946,0.36939594,0.37222567,0.37505928,0.37789762,0.3807414,0.38359123,0.38644797,0.38931233,0.39218503,0.39506713,0.39795926
58,0.0,0.022574013,0.025851414,0.030183801,0.035854932,0.04254945,0.04958652,0.056553636,0.0634878,0.070577905,0.07791051,0.08538187,0.092746906,0.09973113,0.106130324,0.111862525,0.116975464,0.12162464,0.12603372,0.13044298,0.13505231,0.13997008,0.14518625,0.15058514,0.1559955,0.1612526,0.1662426,0.17091699,0.17528394,0.17938995,0.18330197,0.18709368,0.19083671,0.19459601,0.19842751,0.20237727,0.20648117,0.21076514,0.21524642,0.2199355,0.22483905,0.22996157,0.23530607,0.2408728,0.24665658,0.25264305,0.2588057,0.2651037,0.27148208,0.27787343,0.2842023,0.2903917,0.29637194,0.3020901,0.3075161,0.3126436,0.31748605,0.32207012,0.32642892,0.33059648,0.33460432,0.3384795,0.34224397,0.34591514,0.34950608,0.35302716,0.35648656,0.35989076,0.36324525,0.3665541,0.3698201,0.37304497,0.37622955,0.3793742,0.38247898,0.38554415,0.38857022,0.3915581,0.39450955,0.39742664,0.4003124,0.40317032,0.40600434,0.40881875,0.41161788,0.41440612,0.4171876,0.41996613,0.422745,0.42552695,0.42831412,0.43110788,0.43390915,0.4367184,0.43953574,0.44236112,0.44519445,0.44803554,0.45088425,0.4537407,0.45660487
59,0.0,0.021112764,0.028213087,0.03359102,0.038889736,0.044227943,0.04955035,0.05496335,0.060557034,0.06637604,0.072389916,0.078491844,0.08453703,0.090391986,0.095964,0.101206146,0.10611093,0.1107007,0.11501576,0.1191027,0.12300614,0.12676471,0.1304099,0.13396566,0.13744648,0.14085393,0.14417908,0.14741589,0.15057708,0.15369622,0.15681605,0.15997623,0.16320905,0.1665411,0.16999486,0.17358688,0.17732157,0.18118656,0.18514168,0.18911013,0.19303907,0.19693336,0.20081383,0.2046941,0.20857906,0.21246757,0.21635497,0.22023506,0.22410052,0.22794233,0.2317489,0.2355056,0.23919605,0.24280417,0.24631728,0.24972802,0.25303486,0.2562416,0.25935593,0.262388,0.26534885,0.26824963,0.27110082,0.2739118,0.27669087,0.27944493,0.28217953,0.28489897,0.28760612,0.29030278,0.29299012,0.2956687,0.29833934,0.30100298,0.30366087,0.3063145,0.30896544,0.31161544,0.3142661,0.31691894,0.31957546,0.32223698,0.3249049,0.3275804,0.3302649,0.3329599,0.33566704,0.33838832,0.3411256,0.3438805,0.34665343,0.3494437,0.35225046,0.35507387,0.35791603,0.36078015,0.36367026,0.36659062,0.36954528,0.37253785,0.375571
60,0.0,0.019786919,0.025278226,0.030107696,0.035846207,0.04176062,0.047704946,0.054104295,0.061180998,0.06882176,0.07674646,0.08466684,0.09236979,0.09973879,0.10674553,0.11342853,0.11986381,0.12614436,0.13236931,0.13863486,0.14502509,0.15160604,0.15842085,0.16547924,0.17274302,0.18011566,0.18744664,0.19455922,0.201298,0.20757599,0.21339345,0.21882048,0.22396226,0.22892015,0.23376633,0.2385366,0.2432344,0.24783972,0.25232008,0.25664324,0.26078996,0.26476178,0.26858035,0.2722806,0.27590388,0.27949134,0.28307816,0.2866892,0.29033604,0.2940184,0.2977264,0.30144522,0.3051585,0.30885145,0.3125121,0.3161321,0.31970656,0.3232335,0.32671314,0.33014742,0.3335391,0.33689183,0.34020936,0.3434957,0.34675485,0.34999081,0.3532076,0.35640898,0.35959885,0.36278102,0.3659592,0.36913726,0.37231883,0.37550762,0.37870675,0.38191885,0.3851454,0.3883868,0.3916421,0.3949091,0.39818528,0.40146786,0.40475467,0.40804458,0.4113364,0.41462854,0.41791928,0.42120758,0.4244946,0.42778513,0.43108913,0.43441814,0.43777868,0.44116563,0.44456255,0.4479538,0.4513292,0.4546808,0.45799997,0.46127748,0.4645042
61,0.0,0.021381734,0.028390767,0.033025946,0.037915222,0.04356386,0.05002777,0.057203826,0.06479763,0.07253735,0.080232754,0.087815836,0.09537783,0.10308767,0.11104264,0.11912538,0.126986,0.13415219,0.14021719,0.1451136,0.14915232,0.1527517,0.1562039,0.15964179,0.16310264,0.16659099,0.17011179,0.1736795,0.17731456,0.1810357,0.18485306,0.18876438,0.19275497,0.1968007,0.20087221,0.20493925,0.20897384,0.21295165,0.2168532,0.22066359,0.22437192,0.22797097,0.23145604,0.23482461,0.23807608,0.24121147,0.24423313,0.24714436,0.24994875,0.25265005,0.255252,0.2577584,0.26017332,0.26250145,0.26474816,0.2669201,0.26902518,0.27107283,0.27307403,0.27504122,0.2769878,0.2789274,0.2808732,0.2828367,0.28482676,0.2868493,0.28890705,0.29100022,0.2931272,0.29528588,0.29747415,0.299691,0.30193606,0.30421034,0.30651528,0.30885255,0.31122357,0.31362918,0.31606904,0.31854156,0.3210439,0.32357186,0.32612026,0.3286832,0.3312544,0.3338276,0.33639738,0.33895895,0.3415087,0.34404427,0.34656456,0.34906992,0.35156155,0.35404179,0.35651353,0.35898048,0.36144656,0.36391634,0.36639428,0.36888528,0.37139392
62,0.0,0.02460751,0.030901717,0.03518809,0.040105995,0.04579632,0.052365664,0.059911106,0.06830814,0.07709779,0.08568757,0.093681775,0.1010528,0.10804335,0.11482661,0.12130456,0.12725633,0.13259922,0.13746648,0.14210536,0.14676303,0.1516246,0.15679704,0.16231674,0.16816373,0.17427571,0.18055928,0.18690185,0.19318822,0.1993189,0.20522383,0.21086602,0.21623713,0.22135054,0.22623311,0.23091844,0.23544191,0.23983827,0.2441395,0.24837373,0.25256416,0.25672898,0.26088116,0.26502913,0.2691775,0.27332833,0.27748188,0.2816374,0.2857935,0.28994843,0.29409957,0.29824352,0.30237547,0.30648932,0.31057763,0.31463245,0.31864598,0.32261154,0.32652414,0.3303811,0.3341817,0.33792725,0.3416205,0.34526518,0.34886554,0.35242596,0.35595065,0.35944355,0.36290827,0.36634797,0.36976546,0.37316328,0.3765437,0.3799089,0.38326114,0.38660264,0.3899359,0.39326343,0.39658853,0.39991438,0.40324497,0.40658453,0.40993795,0.4133104,0.41670737,0.4201342,0.42359534,0.42709336,0.43062758,0.43419307,0.43777922,0.44136938,0.44494188,0.44847196,0.45193577,0.45531443,0.45859697,0.46177995,0.46486622,0.467862,0.4707754
63,0.0,0.021309024,0.027626058,0.032499675,0.03722199,0.04276706,0.049799707,0.05840403,0.06830386,0.0791518,0.090508975,0.1018434,0.11272919,0.123068534,0.13306335,0.14298177,0.15292239,0.1627255,0.1721035,0.18086177,0.18901652,0.19676189,0.20434391,0.21193598,0.21959268,0.22727737,0.23490594,0.24237585,0.24958731,0.256464,0.26296657,0.26909116,0.27485505,0.28028372,0.28540978,0.29027826,0.29494527,0.29946676,0.3038881,0.30824038,0.312541,0.31679437,0.3209913,0.32510805,0.32910722,0.3329459,0.3365868,0.34000388,0.34318385,0.34612945,0.3488603,0.35140583,0.35379788,0.35606685,0.35823983,0.36034015,0.36238724,0.36439684,0.36638123,0.36834955,0.37030813,0.37226078,0.37420905,0.37615284,0.3780906,0.3800199,0.38193795,0.38384172,0.38572812,0.3875948,0.38943982,0.39126268,0.39306414,0.39484695,0.3966158,0.39837757,0.4001408,0.40191498,0.4037099,0.405534,0.407394,0.40929404,0.41123644,0.41322166,0.41524976,0.41732094,0.4194366,0.42159948,0.42381412,0.42608574,0.42842016,0.43082237,0.43329555,0.43583992,0.4384525,0.44112673,0.44385347,0.44662118,0.44941786,0.45223123,0.45505014
64,0.0,0.023243187,0.029553642,0.03681055,0.045206852,0.053348232,0.06093707,0.068146884,0.075159125,0.08201541,0.08869385,0.09519499,0.101573,0.10791071,0.11427866,0.12071119,0.12719594,0.13367356,0.14004928,0.14621083,0.15204704,0.15746565,0.16240883,0.1668629,0.170859,0.17446297,0.17775872,0.1808306,0.18375053,0.18657207,0.18933082,0.19204827,0.19473669,0.197403,0.2000515,0.20268552,0.20530821,0.20792301,0.2105334,0.21314307,0.21575548,0.21837407,0.22100207,0.22364244,0.22629783,0.22897042,0.23166206,0.23437414,0.23710763,0.23986317,0.24264115,0.24544172,0.24826501,0.2511112,0.25398058,0.25687367,0.2597913,0.26273483,0.26570597,0.26870707,0.27174097,0.2748114,0.2779225,0.2810793,0.28428733,0.2875527,0.29088187,0.29428115,0.29775637,0.3013119,0.30495012,0.30866995,0.31246594,0.31632733,0.32023737,0.3241735,0.3281086,0.33201224,0.3358534,0.339603,0.3432364,0.3467348,0.35008666,0.35328752,0.3563394,0.3592497,0.3620299,0.36469412,0.36725762,0.36973605,0.37214422,0.37449586,0.37680304,0.3790759,0.38132307,0.38355118,0.38576546,0.38796988,0.39016718,0.3923593,0.3945475
65,0.0,0.02137667,0.025046127,0.029401667,0.0347349,0.04092995,0.04744074,0.05374598,0.059740078,0.065576345,0.07145683,0.07745535,0.08350464,0.08949819,0.09536574,0.10110348,0.10676644,0.112412564,0.11806097,0.12368909,0.12924486,0.13469914,0.1400653,0.14535841,0.1505847,0.15574223,0.16081618,0.165781,0.1706062,0.17526402,0.17973682,0.18402202,0.18813248,0.19209138,0.19592458,0.19965364,0.20329206,0.20684558,0.210315,0.2136995,0.21699898,0.22021517,0.22335172,0.2264138,0.22940734,0.2323387,0.23521402,0.23803928,0.24081974,0.24356024,0.24626493,0.24893737,0.25158063,0.25419718,0.2567891,0.25935784,0.26190475,0.2644304,0.2669356,0.2694207,0.27188644,0.27433378,0.27676448,0.2791812,0.28158772,0.2839888,0.28638995,0.2887963,0.2912116,0.29363707,0.296071,0.29850924,0.30094668,0.3033792,0.30580485,0.3082247,0.31064245,0.31306338,0.31549317,0.31793645,0.32039624,0.32287335,0.32536677,0.32787403,0.33039197,0.33291736,0.33544737,0.3379798,0.34051362,0.34304872,0.345586,0.34812707,0.35067362,0.3532273,0.3557887,0.3583577,0.36093298,0.36351264,0.36609456,0.368677,0.3712586
66,0.0,0.023369526,0.02636576,0.029846646,0.034309756,0.039637063,0.045620907,0.052052528,0.058860235,0.06605205,0.07351974,0.08105369,0.08850508,0.09587914,0.10329243,0.11083924,0.118446045,0.12587026,0.13293383,0.13964638,0.14602071,0.15194213,0.15723526,0.16179791,0.16566221,0.16896717,0.1718993,0.17463906,0.17733164,0.18008116,0.18295532,0.18599175,0.18920556,0.19259833,0.196166,0.19990438,0.20381226,0.20789193,0.21214926,0.21659222,0.22122888,0.22606508,0.23110114,0.23632926,0.24173136,0.24727814,0.2529287,0.2586308,0.26432103,0.26992744,0.2753771,0.2806078,0.28557935,0.2902794,0.29472083,0.29893467,0.3029613,0.30684316,0.3106202,0.3143277,0.3179956,0.32164896,0.32530758,0.32898566,0.33269066,0.33642206,0.3401724,0.34392893,0.3476772,0.3514042,0.3551004,0.35875937,0.36237583,0.3659432,0.36945453,0.37290332,0.37628454,0.37959445,0.3828306,0.38599098,0.3890735,0.39207503,0.39499113,0.39781678,0.40054727,0.4031799,0.4057152,0.40815744,0.41051418,0.4127951,0.41501004,0.4171679,0.4192758,0.42133898,0.4233615,0.42534617,0.42729497,0.42920908,0.43108898,0.43293515,0.43475005
67,0.0,0.02482293,0.035689287,0.04159783,0.048166487,0.05541992,0.06264994,0.069373034,0.07553995,0.08130435,0.0868166,0.092149176,0.097309105,0.102267526,0.10698565,0.111445166,0.11567528,0.11975315,0.123776235,0.12783414,0.13199748,0.13631554,0.14081316,0.1454884,0.15031616,0.15525828,0.16027568,0.16533796,0.17042743,0.17553854,0.180675,0.18584612,0.19106372,0.19633947,0.20168303,0.20710063,0.21259397,0.21815959,0.22378795,0.22946243,0.23515797,0.24084017,0.24646546,0.25198296,0.25733873,0.2624822,0.2673736,0.27198973,0.27632606,0.28039533,0.28422287,0.28784132,0.29128554,0.29458886,0.2977807,0.3008855,0.30392256,0.30690634,0.3098472,0.3127522,0.31562564,0.31847012,0.32128677,0.32407597,0.32683733,0.32956997,0.33227235,0.33494267,0.33757934,0.34018162,0.34274966,0.3452848,0.34778887,0.35026437,0.35271367,0.35513943,0.35754392,0.35992938,0.36229786,0.36465132,0.3669917,0.36932093,0.3716412,0.37395474,0.37626433,0.37857285,0.38088375,0.38320088,0.38552845,0.38787135,0.39023498,0.39262545,0.3950497,0.39751527,0.4000305,0.4026043,0.40524566,0.40796283,0.4107627,0.41364902,0.41662145
68,0.0,0.022806643,0.028088588,0.031689446,0.036626406,0.042177606,0.047304735,0.051910486,0.05638403,0.06112311,0.066311456,0.07196534,0.07803887,0.08442213,0.090895064,0.097185805,0.10304383,0.10831318,0.11312498,0.11778533,0.12257262,0.12774535,0.13350719,0.13991697,0.14686017,0.15411031,0.16142239,0.16859728,0.17549536,0.18202043,0.18810418,0.19370377,0.19880645,0.20343103,0.20762217,0.2114408,0.21495399,0.21822725,0.22131974,0.22428165,0.22715367,0.22996733,0.2327459,0.235506,0.2382586,0.2410105,0.24376532,0.24652447,0.24928781,0.25205427,0.25482205,0.2575891,0.26035345,0.2631133,0.26586765,0.26861605,0.27135873,0.27409607,0.27682844,0.27955624,0.2822799,0.28499994,0.28771707,0.2904322,0.2931461,0.29585922,0.29857132,0.3012816,0.30398867,0.30669084,0.30938652,0.3120742,0.3147526,0.31742072,0.3200778,0.3227234,0.3253573,0.32797965,0.33059087,0.33319154,0.3357823,0.33836395,0.34093717,0.3435023,0.34605944,0.34860784,0.35114622,0.35367227,0.3561831,0.35867515,0.36114457,0.3635879,0.366002,0.36838496,0.37073597,0.3730555,0.37534484,0.3776063,0.37984258,0.38205674,0.38425192
69,0.0,0.027536474,0.036948953,0.041997615,0.046115544,0.05003591,0.054088853,0.058710087,0.0638786,0.06931361,0.0747743,0.08015324,0.08545573,0.09074949,0.09612541,0.101678014,0.107497975,0.11366752,0.12025424,0.12730348,0.13483082,0.14281651,0.15120097,0.1598811,0.16870983,0.17750834,0.18610172,0.1943489,0.20213588,0.20938239,0.21606985,0.22223105,0.2279282,0.23323345,0.23821011,0.24290249,0.2473388,0.25154266,0.25553957,0.2593561,0.26301786,0.26654905,0.2699734,0.2733157,0.27660283,0.27986374,0.28312784,0.286422,0.2897674,0.29317626,0.2966508,0.30018482,0.30376682,0.30738336,0.3110203,0.31466323,0.3182973,0.3219086,0.3254858,0.32902077,0.3325081,0.33594406,0.33932602,0.34265178,0.34591934,0.3491264,0.352271,0.3553518,0.35836872,0.36132294,0.36421686,0.36705342,0.369836,0.37256792,0.37525254,0.37789297,0.3804923,0.38305333,0.38557893,0.38807172,0.3905344,0.39296955,0.39537978,0.39776763,0.40013573,0.40248644,0.4048222,0.4071451,0.40945682,0.41175866,0.41405126,0.41633493,0.41860962,0.42087522,0.42313182,0.4253794,0.42761782,0.42984676,0.43206587,0.43427467,0.43647274
70,0.0,0.022272717,0.028654091,0.03184228,0.03611504,0.040915303,0.046082027,0.051680066,0.057743467,0.06418947,0.070800334,0.07731258,0.08350223,0.08923583,0.09448715,0.0993302,0.103896976,0.10836688,0.11296398,0.11788268,0.1232017,0.12884568,0.13460621,0.14020994,0.14540963,0.15006343,0.15416181,0.1577945,0.16108516,0.16413882,0.16702871,0.16980413,0.17249773,0.17512691,0.17769575,0.18020011,0.18263319,0.1849897,0.18726757,0.18946807,0.19159529,0.19365518,0.19565514,0.19760379,0.19951098,0.20138767,0.20324554,0.20509665,0.20695293,0.20882565,0.21072505,0.21265996,0.21463795,0.21666542,0.21874808,0.22089124,0.22309944,0.22537553,0.22771993,0.23013064,0.23260434,0.23513757,0.2377274,0.24037196,0.24306992,0.24582064,0.24862377,0.2514791,0.25438637,0.2573453,0.26035544,0.26341635,0.26652753,0.26968834,0.2728975,0.27615294,0.27945083,0.28278542,0.28614825,0.28952852,0.29291317,0.29628792,0.2996385,0.30295166,0.30621654,0.3094251,0.31257218,0.3156554,0.31867447,0.32163045,0.32452527,0.32736155,0.33014226,0.3328712,0.33555236,0.3381904,0.3407899,0.3433555,0.3458917,0.3484027,0.3508923
71,0.0,0.023417344,0.029180657,0.033774678,0.03863195,0.043751232,0.049473416,0.056030005,0.063440196,0.071484335,0.079815395,0.0881668,0.09644628,0.104668096,0.11278302,0.12065219,0.12815385,0.13529965,0.14214754,0.14861056,0.15451108,0.15974943,0.16435242,0.16842802,0.17211045,0.17552482,0.17877203,0.1819258,0.18503566,0.18813193,0.19123077,0.19433866,0.19745576,0.20057838,0.20370093,0.20681798,0.20992573,0.21302238,0.21610795,0.21918373,0.22225155,0.22531353,0.22837174,0.2314281,0.23448439,0.2375425,0.24060433,0.24367197,0.24674764,0.24983366,0.25293225,0.25604543,0.2591748,0.26232135,0.26548576,0.26866826,0.27186897,0.27508792,0.2783252,0.28158072,0.28485438,0.28814572,0.29145408,0.29477835,0.2981175,0.30147037,0.30483583,0.30821273,0.31159976,0.3149954,0.31839824,0.32180688,0.3252199,0.32863653,0.33205572,0.3354768,0.33889902,0.34232143,0.3457431,0.34916282,0.35257933,0.35599127,0.35939732,0.3627964,0.36618763,0.3695704,0.37294436,0.37630904,0.37966418,0.3830092,0.3863436,0.38966653,0.39297703,0.39627394,0.399556,0.40282187,0.40607038,0.40930033,0.41251063,0.41570053,0.4188693
72,0.0,0.022377376,0.027901322,0.033072617,0.038998075,0.045098778,0.051039126,0.056608856,0.061707962,0.066344246,0.070602335,0.07460122,0.078450784,0.082226485,0.08596683,0.08968223,0.09336887,0.097024545,0.10065801,0.104288995,0.10794442,0.11165462,0.11544895,0.11935129,0.12337538,0.12752095,0.13177231,0.13610086,0.14047082,0.14484522,0.14918911,0.15347296,0.1576767,0.16179217,0.16582175,0.16977444,0.17366245,0.17749858,0.18129513,0.18506335,0.18881314,0.19255285,0.19628952,0.20002869,0.2037749,0.20753181,0.2113023,0.21508902,0.21889426,0.2227201,0.22656855,0.23044153,0.23434056,0.23826717,0.24222235,0.24620697,0.25022158,0.25426632,0.25834066,0.26244295,0.26657015,0.27071732,0.27487752,0.2790422,0.283201,0.28734294,0.2914569,0.29553273,0.29956165,0.30353698,0.30745414,0.311311,0.3151073,0.3188444,0.32252496,0.32615238,0.32973045,0.33326295,0.33675355,0.34020555,0.3436218,0.34700465,0.3503559,0.35367697,0.3569685,0.36023074,0.36346337,0.36666587,0.36983785,0.3729793,0.3760908,0.37917313,0.38222718,0.3852537,0.38825315,0.39122579,0.39417195,0.39709204,0.39998686,0.40285766,0.40570644
73,0.0,0.024650583,0.02806407,0.03234273,0.037672713,0.043418147,0.049329408,0.055479124,0.061991144,0.068898804,0.07607847,0.0833038,0.09038032,0.09722842,0.103859104,0.11029621,0.116499946,0.122340016,0.12766583,0.13242283,0.13668205,0.14056695,0.14416498,0.14749375,0.15053658,0.153301,0.15584908,0.1582847,0.16071814,0.16323598,0.16588888,0.16869497,0.17165105,0.17474346,0.17795517,0.18126853,0.1846651,0.18812463,0.19162385,0.19513606,0.19863164,0.20208058,0.2054562,0.20874064,0.2119286,0.21502738,0.21805282,0.22102386,0.22395839,0.22687091,0.22977173,0.23266728,0.23556073,0.23845279,0.24134262,0.24422862,0.24710885,0.2499815,0.25284502,0.2556985,0.25854135,0.26137328,0.26419443,0.26700482,0.26980463,0.27259412,0.27537367,0.27814367,0.28090474,0.28365755,0.28640285,0.2891414,0.291874,0.29460135,0.29732415,0.30004293,0.30275816,0.30547014,0.3081791,0.31088525,0.31358877,0.31628987,0.31898886,0.32168612,0.32438207,0.32707736,0.3297725,0.33246818,0.33516514,0.337864,0.34056547,0.3432703,0.34597915,0.34869257,0.35141125,0.3541357,0.3568664,0.35960373,0.36234814,0.36510012,0.36785984
74,0.0,0.022920469,0.028915735,0.034153678,0.040625937,0.04754781,0.054046843,0.059662122,0.06426882,0.067928985,0.0708454,0.07332943,0.07566046,0.077993445,0.08040959,0.08295919,0.08567324,0.088560894,0.09161321,0.09481426,0.098148584,0.101604074,0.1051727,0.10885007,0.11263416,0.11652395,0.12051819,0.12461443,0.12880863,0.13309479,0.13746493,0.14190918,0.14641649,0.15097484,0.15557218,0.16019663,0.16483685,0.16948223,0.17412297,0.17875007,0.18335539,0.18793148,0.19247158,0.19696954,0.2014198,0.20581743,0.21015814,0.21443811,0.21865402,0.22280298,0.22688241,0.23089021,0.23482479,0.23868515,0.24247088,0.24618217,0.24981984,0.2533852,0.25687996,0.26030633,0.26366672,0.2669638,0.2702005,0.2733797,0.2765044,0.2795777,0.2826025,0.28558177,0.28851828,0.29141474,0.2942737,0.29709762,0.29988882,0.3026496,0.30538207,0.30808842,0.31077084,0.31343165,0.3160731,0.31869766,0.32130823,0.3239077,0.32649955,0.32908762,0.33167624,0.3342705,0.33687612,0.33949953,0.34214786,0.34482875,0.34755,0.35031855,0.35313982,0.3560159,0.3589445,0.3619178,0.36492243,0.36794075,0.37095317,0.3739409,0.37688822
75,0.0,0.02139961,0.02929925,0.03383649,0.03932173,0.04588852,0.052917197,0.0600482,0.0671388,0.07411831,0.080925815,0.08755336,0.09406937,0.10058461,0.107203946,0.11399546,0.12098481,0.12818027,0.13561226,0.14332516,0.15129791,0.15937294,0.16727751,0.17473315,0.18156348,0.18772702,0.19328086,0.1983272,0.20297645,0.20732957,0.21147111,0.21546769,0.2193685,0.22320819,0.22701102,0.23079565,0.2345793,0.23838092,0.24222283,0.24613085,0.25013265,0.2542545,0.2585174,0.2629336,0.26750353,0.27221474,0.27704293,0.28195453,0.2869109,0.291873,0.29680562,0.30168012,0.30647576,0.31117982,0.3157861,0.3202935,0.32470405,0.32902125,0.33324897,0.33739096,0.34145015,0.34542918,0.3493306,0.35315695,0.35691127,0.36059704,0.3642183,0.3677793,0.3712848,0.37473947,0.37814784,0.38151443,0.38484326,0.38813832,0.3914031,0.3946408,0.3978544,0.40104637,0.40421918,0.40737498,0.41051543,0.41364235,0.41675708,0.41986075,0.42295447,0.42603916,0.42911536,0.43218377,0.43524483,0.43829897,0.44134647,0.4443877,0.4474229,0.45045218,0.45347577,0.45649385,0.45950657,0.462514,0.4655167,0.4685148,0.47150892
76,0.0,0.023749657,0.026952684,0.029914271,0.034618195,0.040322337,0.046893932,0.053894967,0.06105124,0.068307094,0.07577831,0.08366749,0.092175014,0.10143349,0.111467205,0.122160465,0.13326402,0.14442182,0.15526251,0.16551949,0.17505157,0.18378015,0.1916661,0.1987286,0.20504615,0.21074112,0.21595743,0.22083254,0.22547464,0.22995256,0.234298,0.23851514,0.24259411,0.24652272,0.25029454,0.25391206,0.25738657,0.26073617,0.2639829,0.26715055,0.27026248,0.27334058,0.27640444,0.27947125,0.2825558,0.28567037,0.28882504,0.2920275,0.29528338,0.29859605,0.30196658,0.30539384,0.30887446,0.31240296,0.31597185,0.31957194,0.3231927,0.32682264,0.3304499,0.3340628,0.33765036,0.3412027,0.34471166,0.34817106,0.3515767,0.35492668,0.35822114,0.3614622,0.36465356,0.3678002,0.37090808,0.3739834,0.37703267,0.3800617,0.3830753,0.38607684,0.38906795,0.39204854,0.3950165,0.39796847,0.4009003,0.40380755,0.40668628,0.40953344,0.41234726,0.41512698,0.41787317,0.42058706,0.42327031,0.42592484,0.42855248,0.431155,0.43373394,0.43629047,0.43882564,0.44134024,0.4438349,0.44631076,0.448769,0.451211,0.45363843
77,0.0,0.020603498,0.026598385,0.0327273,0.039123114,0.046062022,0.05284851,0.059462883,0.0664537,0.07445719,0.08389164,0.09482677,0.10695394,0.11980162,0.13292727,0.14612216,0.15935221,0.17220637,0.18400513,0.19428012,0.2029431,0.21014826,0.21616971,0.22132708,0.22591795,0.23017374,0.23424533,0.23820986,0.2420908,0.24588352,0.2495764,0.2531639,0.2566513,0.26005417,0.26339468,0.26669818,0.26998952,0.27329084,0.2766208,0.27999452,0.2834245,0.2869211,0.29049304,0.2941469,0.2978861,0.30170962,0.30561045,0.30957496,0.31358325,0.31761077,0.32163146,0.32562125,0.32956144,0.33344087,0.33725673,0.34101364,0.34472108,0.34839022,0.35203016,0.35564452,0.35923028,0.36277783,0.36627305,0.36970073,0.3730472,0.37630272,0.37946203,0.38252476,0.38549447,0.38837758,0.3911827,0.3939195,0.39659798,0.39922804,0.40181902,0.4043797,0.40691778,0.40944058,0.41195467,0.41446623,0.41698116,0.4195051,0.42204374,0.42460293,0.42718863,0.4298073,0.43246558,0.43517056,0.4379295,0.44074973,0.44363782,0.44659925,0.4496373,0.45275214,0.45593962,0.4591911,0.46249294,0.46582723,0.46917367,0.47251096,0.47581902
78,0.0,0.020811738,0.026357641,0.032146513,0.038355757,0.044467784,0.050369147,0.056114685,0.061618462,0.066785485,0.07152802,0.07582151,0.07977114,0.08356616,0.087367155,0.091253735,0.095238775,0.0993087,0.103454694,0.107682995,0.11201403,0.11647575,0.12109529,0.12589197,0.13087393,0.13603814,0.14137313,0.14686243,0.15248749,0.15822886,0.16406552,0.16997305,0.17592229,0.18187976,0.18781008,0.19367982,0.19946122,0.20513423,0.21068704,0.21611491,0.2214185,0.22660188,0.231671,0.23663276,0.24149472,0.2462651,0.25095287,0.25556746,0.26011875,0.2646168,0.2690716,0.27349353,0.27789322,0.28228176,0.28667057,0.2910708,0.29549268,0.29994407,0.30442852,0.3089435,0.31347847,0.31801417,0.32252347,0.32697394,0.33133185,0.33556703,0.339656,0.3435846,0.34734803,0.35094956,0.3543986,0.35770845,0.360894,0.36397037,0.36695203,0.3698517,0.3726805,0.37544778,0.3781613,0.3808275,0.38345143,0.3860376,0.38858953,0.3911104,0.39360294,0.39606956,0.39851257,0.40093407,0.4033363,0.40572113,0.4080907,0.41044703,0.4127921,0.41512796,0.4174567,0.41978022,0.4221005,0.42441937,0.42673862,0.42905983,0.4313845
79,0.0,0.021747906,0.025982033,0.02994164,0.034595087,0.04000907,0.045880098,0.05243222,0.06054206,0.07087875,0.08345743,0.09780271,0.11337417,0.12978324,0.14677069,0.16406429,0.18121943,0.19752711,0.21207052,0.22395429,0.2326009,0.2379543,0.24048667,0.24100907,0.24041936,0.23952232,0.23892798,0.23898545,0.23977363,0.24120137,0.2431225,0.24539953,0.24792807,0.25064105,0.25350252,0.25649667,0.25961813,0.26286563,0.26623827,0.2697327,0.27334136,0.2770505,0.28083986,0.2846828,0.28854817,0.29240268,0.2962146,0.29995653,0.30360755,0.30715394,0.31058937,0.31391335,0.31713024,0.3202481,0.32327744,0.3262307,0.3291215,0.33196452,0.33477473,0.33756736,0.3403571,0.3431578,0.3459819,0.3488403,0.35174212,0.35469472,0.3577037,0.36077294,0.36390454,0.36709857,0.37035277,0.37366202,0.37701747,0.3804064,0.38381168,0.38721243,0.39058527,0.39390588,0.39715147,0.400303,0.40334728,0.40627766,0.40909392,0.41180143,0.4144099,0.41693228,0.41938412,0.42178228,0.42414403,0.4264854,0.4288203,0.43115985,0.4335121,0.43588233,0.43827358,0.4406873,0.4431236,0.44558212,0.44806188,0.45056176,0.45308012
80,0.0,0.020543687,0.026987936,0.031821016,0.037561048,0.04348132,0.04932649,0.055383075,0.062109616,0.06975913,0.07830337,0.08756424,0.09737287,0.10763926,0.11829871,0.12919071,0.14001791,0.15039538,0.15992418,0.16841485,0.1760017,0.1829252,0.1893375,0.19531195,0.20089841,0.20615023,0.21112825,0.21589378,0.22050078,0.22499128,0.22939377,0.23372476,0.23799177,0.24219815,0.24634816,0.25044915,0.25451267,0.2585556,0.26259947,0.26666692,0.27077645,0.2749375,0.27914765,0.28339183,0.28764358,0.2918689,0.29603174,0.30009982,0.30404928,0.30786663,0.31154868,0.31510034,0.31853214,0.32185772,0.32509142,0.32824677,0.33133504,0.33436477,0.3373414,0.3402677,0.34314433,0.3459707,0.34874547,0.35146785,0.3541376,0.35675552,0.35932338,0.36184356,0.36431903,0.36675292,0.36914885,0.37151042,0.3738414,0.37614557,0.37842652,0.3806879,0.38293308,0.3851653,0.38738763,0.38960296,0.3918139,0.39402297,0.39623272,0.39844534,0.4006633,0.40288875,0.4051241,0.4073716,0.40963387,0.41191316,0.41421163,0.4165313,0.41887358,0.42123947,0.42362887,0.42604047,0.4284719,0.43091977,0.43337995,0.43584788,0.43831894
81,0.0,0.020093868,0.026845856,0.031762995,0.036498897,0.041231584,0.04609704,0.05129725,0.056794487,0.062456205,0.06812038,0.07361404,0.07880694,0.08365791,0.0882244,0.09264195,0.09708739,0.10174037,0.10674469,0.112163216,0.11791927,0.123786524,0.1294613,0.13471627,0.13958958,0.14431779,0.14912881,0.15414545,0.15939867,0.16486679,0.17051134,0.17629142,0.18215737,0.18805134,0.1939162,0.1997024,0.20537211,0.21090081,0.21627527,0.22149055,0.22654676,0.23144744,0.23619798,0.24080542,0.24527794,0.24962462,0.25385523,0.2579797,0.26200792,0.26594946,0.26981348,0.27360848,0.27734226,0.2810221,0.28465447,0.2882453,0.29179987,0.2953229,0.29881856,0.30229056,0.30574206,0.3091758,0.312594,0.31599852,0.31939086,0.32277226,0.32614383,0.32950634,0.33286068,0.3362076,0.33954805,0.342883,0.34621385,0.3495421,0.35286948,0.3561979,0.35952938,0.36286616,0.3662105,0.36956492,0.37293202,0.3763145,0.3797151,0.38313648,0.3865812,0.39005136,0.39354852,0.3970736,0.40062687,0.40420777,0.40781477,0.41144568,0.41509774,0.41876796,0.42245358,0.42615256,0.4298637,0.4335867,0.4373243,0.44108495,0.44488335
82,0.0,0.024274984,0.025643004,0.0286599,0.033247635,0.039577805,0.047176458,0.05545986,0.064082965,0.07284234,0.08153515,0.09001063,0.09825674,0.10645472,0.1149178,0.12383043,0.13308197,0.14237918,0.1513842,0.15987128,0.16794756,0.17588899,0.1838896,0.1919909,0.20008355,0.20800687,0.21566811,0.22306724,0.23024616,0.23723811,0.24405403,0.25069076,0.25714096,0.26339796,0.26945803,0.27532217,0.28099662,0.2864925,0.2918241,0.29700714,0.30205613,0.30698287,0.31179482,0.31649497,0.32108164,0.3255498,0.32989267,0.33410293,0.338175,0.34210563,0.3458949,0.34954587,0.35306445,0.35645851,0.35973734,0.36291066,0.36598834,0.36897993,0.37189403,0.3747387,0.37752074,0.38024643,0.3829208,0.3855484,0.38813296,0.39067766,0.3931853,0.39565817,0.39809838,0.40050775,0.40288797,0.40524054,0.40756676,0.40986803,0.41214544,0.4144,0.41663283,0.41884464,0.42103633,0.42320865,0.42536214,0.42749745,0.42961517,0.43171567,0.43379965,0.4358675,0.43791977,0.43995678,0.4419792,0.4439875,0.445982,0.4479634,0.449932,0.45188823,0.45383266,0.45576563,0.45768756,0.45959878,0.4614997,0.46339074,0.46527213
83,0.0,0.02004018,0.024931148,0.031460628,0.037850678,0.044248234,0.05067997,0.057061706,0.06332928,0.069463424,0.07546476,0.08134624,0.08711599,0.0927577,0.0982215,0.10343284,0.10832053,0.11284613,0.11701982,0.12090032,0.12457929,0.12815724,0.13172324,0.13534382,0.13906123,0.14289664,0.14685561,0.15093347,0.15512036,0.15940581,0.16378193,0.16824487,0.17279388,0.17742811,0.1821403,0.1869096,0.19169725,0.19645119,0.20111789,0.20565476,0.21003664,0.21425605,0.21831936,0.22224219,0.22604507,0.22974978,0.23337713,0.2369455,0.24047011,0.24396288,0.24743268,0.2508856,0.2543255,0.25775456,0.2611739,0.26458398,0.2679853,0.27137837,0.27476338,0.2781397,0.2815052,0.28485516,0.28818217,0.29147628,0.2947256,0.2979181,0.3010431,0.30409288,0.3070636,0.30995554,0.3127724,0.31552055,0.31820756,0.320841,0.32342756,0.32597235,0.32847872,0.33094874,0.33338353,0.33578387,0.33815116,0.3404869,0.34279355,0.34507388,0.3473311,0.3495686,0.35178962,0.35399744,0.356195,0.358385,0.36057,0.36275226,0.36493376,0.36711633,0.36930165,0.37149104,0.37368593,0.37588722,0.3780959,0.38031247,0.38253736
84,0.0,0.029145673,0.033330176,0.03836679,0.04504823,0.05110047,0.056063958,0.061005574,0.06692676,0.074272715,0.08287864,0.092357844,0.10238745,0.11275842,0.123315774,0.13385664,0.14400968,0.15328121,0.1611441,0.16717826,0.17126909,0.17369834,0.17513222,0.17645758,0.17855152,0.18206958,0.18730518,0.1941801,0.20235808,0.21139616,0.22086005,0.23038784,0.2397142,0.24867061,0.25717437,0.265214,0.2728308,0.28009576,0.28708357,0.29384965,0.30041638,0.30677333,0.3128907,0.31873807,0.32429925,0.3295772,0.3345922,0.33937532,0.3439624,0.34838933,0.35268962,0.35689294,0.3610251,0.36510804,0.36916006,0.3731962,0.37722826,0.3812643,0.3853092,0.38936362,0.39342475,0.39748627,0.40153897,0.40557188,0.40957353,0.41353294,0.4174409,0.42129004,0.42507568,0.42879516,0.43244785,0.43603426,0.43955582,0.44301447,0.44641238,0.44975156,0.4530344,0.4562631,0.45944014,0.46256787,0.46564865,0.46868494,0.47167873,0.47463214,0.47754696,0.48042476,0.4832672,0.48607555,0.48885134,0.49159577,0.4943102,0.49699575,0.49965367,0.502285,0.504891,0.50747246,0.51003045,0.512566,0.5150797,0.5175724,0.52004504
85,0.0,0.031327263,0.03783983,0.043697193,0.050178144,0.057107974,0.06391498,0.071469285,0.08080266,0.09270032,0.10748752,0.12469871,0.14291853,0.16032323,0.17538582,0.18716133,0.19536798,0.20056328,0.20386527,0.20638138,0.20891605,0.2119086,0.21549988,0.21966094,0.22429535,0.2292923,0.23454888,0.23997492,0.24549016,0.25102177,0.2565068,0.2618971,0.26716337,0.27229598,0.27730215,0.2822014,0.28701866,0.291778,0.29649776,0.30118772,0.30584767,0.3104666,0.3150232,0.31948856,0.32382977,0.32801422,0.33201393,0.33580858,0.33938682,0.34274647,0.34589404,0.34884351,0.3516143,0.3542284,0.3567098,0.3590873,0.36139268,0.36365524,0.36589822,0.36813816,0.37038574,0.3726474,0.37492627,0.3772235,0.37953869,0.38187072,0.38421774,0.38657779,0.38894865,0.3913284,0.39371502,0.39610693,0.39850277,0.4009015,0.4033024,0.4057051,0.40810934,0.4105152,0.41292277,0.41533238,0.41774437,0.4201594,0.4225781,0.4250013,0.42743024,0.4298663,0.4323112,0.4347672,0.4372364,0.43972158,0.44222534,0.44475037,0.44729927,0.44987428,0.45247686,0.45510778,0.4577666,0.46045208,0.46316236,0.46589535,0.4686494
86,0.0,0.022856807,0.030014722,0.036615364,0.04439459,0.052453328,0.060376585,0.06794815,0.0752015,0.08237532,0.08975786,0.097527936,0.10560102,0.11362175,0.12117011,0.1280273,0.13426541,0.14007041,0.1455939,0.15093103,0.15614139,0.1612637,0.16631262,0.17126451,0.17605542,0.18061052,0.18488468,0.18887427,0.19260637,0.19612695,0.19948833,0.20273879,0.20591666,0.20904957,0.21215712,0.21525344,0.21834879,0.22144973,0.22455944,0.22767834,0.23080489,0.23393671,0.23707117,0.2402055,0.24333729,0.24646428,0.24958473,0.2526972,0.25580055,0.25889406,0.26197726,0.26504984,0.26811168,0.2711627,0.27420285,0.27723226,0.2802508,0.28325853,0.2862552,0.28924075,0.29221478,0.2951769,0.29812655,0.30106315,0.30398613,0.3068946,0.3097879,0.3126652,0.3155258,0.31836894,0.321194,0.3240003,0.32678738,0.32955477,0.3323021,0.33502918,0.33773577,0.34042186,0.34308743,0.34573257,0.3483575,0.35096237,0.35354748,0.35611317,0.35865968,0.36118755,0.3636971,0.36618888,0.3686633,0.37112087,0.37356225,0.37598795,0.37839866,0.38079494,0.3831776,0.38554737,0.3879051,0.39025158,0.3925877,0.39491442,0.39723286
87,0.0,0.02412505,0.029165737,0.033040743,0.038004853,0.044026084,0.050249368,0.056437153,0.06251408,0.06837504,0.07389677,0.079032585,0.0838929,0.08870396,0.093699835,0.09902009,0.10467851,0.1105941,0.11660535,0.122457534,0.127832,0.13246563,0.1362934,0.1394991,0.14243868,0.14546609,0.14878573,0.15245503,0.15646723,0.16080672,0.16546634,0.17044584,0.17574286,0.18134071,0.18719609,0.19323142,0.19933552,0.20537576,0.21121904,0.21675451,0.22191009,0.22665747,0.23100701,0.23499668,0.23868021,0.24211688,0.24536467,0.24847594,0.25149554,0.2544605,0.25740114,0.26034147,0.26329976,0.266289,0.2693187,0.2723968,0.27553022,0.27872443,0.281983,0.28530672,0.28869325,0.29213768,0.29563275,0.29917035,0.30274177,0.30633882,0.30995443,0.31358278,0.31721923,0.32085994,0.32450148,0.32814047,0.33177325,0.335396,0.33900434,0.342594,0.34616062,0.34969977,0.35320744,0.35668024,0.36011517,0.36351004,0.36686364,0.37017533,0.3734453,0.37667423,0.3798632,0.38301337,0.38612637,0.3892043,0.39224955,0.39526424,0.39825004,0.4012078,0.40413776,0.40703964,0.40991256,0.41275588,0.41556898,0.4183512,0.42110237
88,0.0,0.022061823,0.026152248,0.02933411,0.035014257,0.042614825,0.051030792,0.05897825,0.06613304,0.07279269,0.07912835,0.08517233,0.09092599,0.0964309,0.101789184,0.10713302,0.11259456,0.11827316,0.12419723,0.13029563,0.13638976,0.14221841,0.14750552,0.152054,0.15581448,0.15888807,0.16146621,0.16373205,0.16580467,0.16776359,0.16968,0.17162001,0.17363948,0.1757829,0.17808428,0.18056592,0.18323466,0.1860777,0.18906134,0.1921351,0.19524033,0.19832109,0.2013326,0.20424558,0.20704673,0.20973596,0.21232273,0.21482228,0.21725246,0.21963121,0.22197501,0.22429815,0.22661218,0.22892627,0.23124705,0.23357956,0.23592705,0.23829174,0.24067494,0.24307741,0.24549942,0.24794087,0.25040156,0.25288105,0.25537878,0.25789413,0.26042637,0.26297474,0.26553845,0.2681166,0.27070835,0.27331278,0.27592897,0.2785562,0.2811936,0.28384063,0.2864967,0.28916144,0.2918346,0.29451606,0.29720584,0.29990375,0.30260965,0.30532312,0.30804336,0.31076917,0.31349897,0.31623077,0.3189626,0.32169232,0.32441795,0.32713786,0.32985058,0.3325549,0.3352499,0.337935,0.34060976,0.34327406,0.34592807,0.34857213,0.35120675
89,0.0,0.02131237,0.0280734,0.03356607,0.04040937,0.048501868,0.057330254,0.06638228,0.07528451,0.083763264,0.09160264,0.098635666,0.10477284,0.11002714,0.114495516,0.11831785,0.12165058,0.12465217,0.12746847,0.13021706,0.13297746,0.13579212,0.13867648,0.14163122,0.144652,0.14773434,0.15087426,0.15406632,0.15730143,0.16056567,0.16384141,0.16711013,0.17035544,0.17356564,0.17673497,0.17986357,0.18295655,0.1860225,0.18907186,0.19211529,0.1951623,0.19822022,0.20129387,0.20438498,0.20749277,0.21061407,0.21374425,0.21687786,0.2200091,0.2231325,0.22624302,0.22933643,0.23240915,0.23545833,0.2384817,0.24147764,0.24444485,0.24738236,0.2502895,0.25316587,0.2560111,0.2588251,0.2616079,0.2643595,0.26708028,0.26977044,0.27243042,0.2750607,0.27766183,0.28023422,0.28277856,0.28529543,0.2877854,0.290249,0.29268682,0.29509953,0.2974875,0.29985142,0.3021918,0.30450913,0.30680397,0.30907685,0.31132826,0.31355882,0.31576902,0.31795946,0.32013068,0.32228327,0.32441786,0.32653502,0.32863536,0.33071956,0.3327881,0.3348417,0.33688098,0.33890647,0.34091875,0.3429185,0.3449062,0.3468825,0.3488479
90,0.0,0.023465075,0.03130675,0.034849152,0.03892558,0.044173703,0.05041181,0.057139106,0.063824944,0.07012612,0.075920686,0.08122727,0.08612731,0.09073239,0.09517588,0.09959718,0.104119055,0.10883305,0.11379408,0.11902162,0.12450665,0.13022056,0.13612291,0.14216405,0.14827842,0.1543754,0.16034184,0.16606042,0.17143238,0.17639703,0.18094231,0.18510148,0.1889374,0.19252315,0.19592682,0.1992032,0.2023916,0.20551774,0.20859742,0.21164055,0.21465425,0.21764469,0.22061823,0.22358145,0.22654133,0.22950533,0.23248185,0.2354803,0.23851126,0.24158625,0.2447172,0.24791591,0.25119376,0.2545606,0.25802392,0.2615877,0.2652512,0.26900798,0.27284566,0.27674642,0.2806887,0.28464955,0.28860754,0.29254535,0.29645127,0.30031997,0.30415192,0.30795208,0.3117278,0.31548706,0.3192365,0.32297984,0.32671693,0.33044383,0.33415276,0.33783382,0.34147564,0.3450674,0.34859973,0.35206562,0.3554608,0.3587835,0.3620344,0.36521575,0.36833122,0.37138483,0.37438107,0.3773243,0.38021865,0.38306767,0.3858748,0.38864282,0.39137423,0.39407116,0.3967358,0.3993697,0.40197468,0.40455225,0.40710422,0.40963197,0.41213727
91,0.0,0.021469403,0.024924358,0.029310077,0.035540078,0.042026967,0.048224133,0.054463357,0.061257157,0.06895062,0.0775661,0.08682407,0.09627468,0.10548829,0.11419092,0.12228519,0.1298005,0.13682906,0.14346956,0.1497882,0.15580271,0.1614946,0.16684607,0.1718785,0.17666155,0.18128943,0.18584907,0.19039696,0.19495651,0.1995324,0.20412512,0.20873593,0.2133654,0.21801077,0.22266059,0.2272878,0.23184605,0.2362738,0.24050517,0.24448542,0.24818558,0.2516102,0.25479424,0.25779116,0.26065877,0.26344815,0.26619807,0.2689342,0.27167085,0.27441418,0.27716482,0.27992028,0.28267676,0.28543022,0.28817713,0.29091483,0.29364136,0.2963556,0.2990572,0.3017462,0.30442336,0.30708972,0.30974674,0.31239605,0.31503937,0.31767833,0.32031453,0.32294908,0.32558283,0.3282161,0.33084863,0.33347958,0.33610755,0.3387306,0.3413466,0.34395313,0.34654808,0.3491298,0.35169712,0.3542496,0.35678732,0.3593107,0.3618205,0.3643176,0.36680317,0.36927828,0.37174425,0.37420228,0.37665376,0.37910008,0.38154256,0.3839826,0.38642153,0.38886088,0.39130178,0.3937458,0.3961941,0.39864808,0.40110913,0.40357855,0.40605786
92,0.0,0.022216145,0.02665809,0.030999577,0.036122028,0.04172272,0.047717858,0.05402737,0.060518082,0.06705858,0.07352799,0.079882465,0.086189605,0.092570424,0.09911692,0.10584392,0.11269873,0.119587965,0.1263701,0.13293518,0.1393472,0.14578103,0.1523652,0.15910363,0.16587757,0.17249942,0.17878805,0.18462706,0.18997853,0.19486204,0.19932848,0.20344198,0.20726806,0.21086651,0.21428785,0.21757196,0.22074859,0.22384,0.22686313,0.22983153,0.23275618,0.23564634,0.2385098,0.24135333,0.2441827,0.2470028,0.24981757,0.2526304,0.25544417,0.25826123,0.2610836,0.2639128,0.26674995,0.26959568,0.27245003,0.2753127,0.27818298,0.28106,0.28394282,0.28683054,0.2897225,0.29261822,0.29551715,0.29841882,0.3013224,0.30422688,0.30713084,0.31003255,0.31292984,0.31581998,0.3186997,0.32156512,0.32441142,0.32723275,0.33002234,0.33277267,0.33547583,0.33812422,0.34071088,0.34323,0.34567705,0.34804913,0.35034522,0.35256574,0.3547122,0.35678697,0.3587928,0.36073276,0.36261055,0.36443034,0.36619756,0.3679189,0.36960244,0.37125778,0.3728957,0.37452722,0.3761635,0.37781435,0.37948763,0.3811889,0.38292137
93,0.0,0.022729954,0.026566155,0.030337809,0.03568892,0.041589793,0.04756009,0.053404074,0.059196975,0.06511426,0.07126953,0.077661954,0.08417728,0.090636335,0.096870266,0.102773845,0.10831898,0.1135444,0.118536025,0.12340478,0.12826595,0.13322358,0.13836125,0.14373855,0.1493911,0.15533218,0.16155814,0.16805461,0.17479606,0.18174087,0.18884087,0.19605504,0.20335199,0.21070522,0.21808417,0.22544758,0.23274261,0.23990841,0.24688224,0.2536066,0.26003835,0.26615816,0.27197224,0.27750847,0.2828111,0.28793553,0.29294184,0.29788762,0.30282095,0.30777612,0.31277353,0.31782177,0.32292157,0.3280693,0.33326066,0.33849266,0.34376472,0.34907696,0.3544253,0.35979155,0.36513814,0.37041387,0.37556854,0.38056603,0.38538682,0.39002177,0.39447072,0.39874166,0.4028472,0.40680233,0.41062203,0.4143205,0.41791028,0.4214022,0.42480564,0.42812878,0.43137878,0.4345621,0.4376844,0.44075108,0.4437671,0.44673696,0.4496654,0.45255658,0.45541462,0.4582436,0.46104708,0.4638284,0.4665903,0.46933508,0.4720642,0.47477865,0.47747895,0.48016518,0.48283756,0.48549658,0.4881429,0.49077776,0.49340224,0.49601746,0.4986242
94,0.0,0.021875983,0.028255444,0.033116978,0.038880974,0.0450923,0.051709726,0.058709614,0.065868266,0.072925635,0.079779156,0.08646357,0.093066074,0.099680044,0.10637221,0.11316739,0.12004631,0.12694009,0.13372788,0.14025503,0.14637516,0.15199883,0.15712416,0.16183463,0.16626915,0.17058213,0.1749117,0.17936389,0.18401,0.18888935,0.19401453,0.19937807,0.20495924,0.21072838,0.2166486,0.22267626,0.22876288,0.23485878,0.24091789,0.24690029,0.25277388,0.25851437,0.26410535,0.26953724,0.27480507,0.27990648,0.28483948,0.28960085,0.29418552,0.2985882,0.3028052,0.30683467,0.3106762,0.31433043,0.31780064,0.3210939,0.32422158,0.32719898,0.33004406,0.33277598,0.33541334,0.33797327,0.3404715,0.3429228,0.34534186,0.34774327,0.35014182,0.35255262,0.35499102,0.35747313,0.3600158,0.36263642,0.36535212,0.3681779,0.37112322,0.3741872,0.37735263,0.38058117,0.38381276,0.38697168,0.3899802,0.39277437,0.39531675,0.39760008,0.39964336,0.40148267,0.4031614,0.40472248,0.40620315,0.4076328,0.40903258,0.4104163,0.41179192,0.41316333,0.4145316,0.41589606,0.41725543,0.41860816,0.41995293,0.42128876,0.4226151
95,0.0,0.022227814,0.027418155,0.032361932,0.038741246,0.046224505,0.0539483,0.061685786,0.06932311,0.07677397,0.084064566,0.091279246,0.098473765,0.10565528,0.11282308,0.119990304,0.12715435,0.13426812,0.14127378,0.14815328,0.1549339,0.16166589,0.16840199,0.17518233,0.18202348,0.18891232,0.19580494,0.2026325,0.20931518,0.2157804,0.22197576,0.22787158,0.23345645,0.2387304,0.24370041,0.24837711,0.252774,0.25690696,0.26079422,0.2644558,0.26791272,0.27118626,0.27429658,0.27726212,0.28009936,0.28282318,0.28544748,0.28798592,0.29045212,0.2928594,0.29522005,0.29754382,0.29983726,0.3021028,0.30433896,0.30654186,0.3087072,0.31083098,0.31291014,0.31494248,0.31692663,0.3188622,0.32074946,0.32258904,0.32438162,0.32612714,0.32782483,0.32947358,0.3310729,0.3326235,0.33412763,0.33558923,0.33701345,0.3384069,0.33977687,0.34113216,0.34248185,0.343836,0.3452049,0.3465985,0.34802616,0.3494957,0.3510131,0.35258198,0.35420388,0.35587826,0.35760286,0.35937434,0.36118862,0.36304125,0.36492777,0.366844,0.368786,0.37075043,0.37273428,0.37473506,0.3767508,0.37877995,0.38082126,0.382874,0.38493752
96,0.0,0.02240897,0.027553404,0.031029955,0.034968857,0.040012013,0.0457778,0.05187489,0.058111694,0.06437676,0.07062569,0.0768559,0.08307127,0.08924569,0.09529375,0.101062864,0.106439985,0.11138842,0.11594044,0.12015515,0.124134116,0.12804003,0.13204277,0.13626775,0.14078033,0.1455885,0.15064992,0.15587828,0.16115297,0.16634408,0.17134379,0.17608371,0.18053328,0.1846898,0.18856908,0.1921985,0.19561169,0.19884402,0.20192945,0.20489958,0.20778362,0.21060789,0.21339525,0.21616489,0.2189321,0.2217083,0.22450109,0.22731432,0.23014857,0.23300166,0.23586923,0.23874514,0.24162214,0.24449223,0.24734709,0.2501783,0.2529779,0.25573838,0.25845304,0.2611162,0.26372325,0.2662709,0.26875708,0.2711809,0.27354258,0.27584344,0.2780856,0.28027174,0.28240514,0.28448948,0.28652883,0.28852743,0.2904899,0.2924211,0.29432616,0.29621053,0.29808015,0.2999412,0.30180067,0.30366552,0.30554333,0.30744115,0.30936524,0.31131983,0.31330645,0.3153229,0.31736374,0.31942075,0.3214843,0.323545,0.32559493,0.32762846,0.3296422,0.33163503,0.33360735,0.3355606,0.3374971,0.33941922,0.34132984,0.34323156,0.345127
97,0.0,0.0237358,0.026850386,0.030423667,0.03495771,0.039933812,0.045384716,0.051380012,0.057946328,0.06513563,0.07304999,0.08189532,0.09198026,0.103594206,0.116706215,0.13075706,0.14486696,0.1583277,0.170843,0.18237908,0.19297491,0.2026206,0.21117723,0.21847787,0.22454098,0.22957152,0.23382309,0.23751158,0.24079499,0.24377939,0.24653353,0.24910353,0.25152293,0.25381854,0.25601327,0.25812727,0.26017836,0.26218233,0.26415375,0.26610604,0.26805168,0.27000186,0.27196613,0.2739525,0.2759678,0.27801773,0.28010687,0.28223765,0.28441024,0.28662294,0.2888729,0.29115668,0.29347047,0.2958103,0.29817262,0.30055442,0.3029538,0.30536956,0.30780149,0.31025007,0.31271648,0.31520233,0.31770968,0.32024077,0.32279766,0.32538202,0.32799432,0.330633,0.33329418,0.33597076,0.33865282,0.34132785,0.3439821,0.3466021,0.34917608,0.3516953,0.3541543,0.35655123,0.3588871,0.36116514,0.36339015,0.3655677,0.3677035,0.36980334,0.37187257,0.37391618,0.37593862,0.3779441,0.37993613,0.38191798,0.3838927,0.38586295,0.38783133,0.3898001,0.3917715,0.39374754,0.39573017,0.39772135,0.39972278,0.40173635,0.40376377
98,0.0,0.031408213,0.031982344,0.03874199,0.046137802,0.05361621,0.060636044,0.06718772,0.07360241,0.08025594,0.087355465,0.09495443,0.10296829,0.111193135,0.119400464,0.12744324,0.1352677,0.14282286,0.1499683,0.15646349,0.16205962,0.16662398,0.17020307,0.17300318,0.17532109,0.17746124,0.17967057,0.18210718,0.18484025,0.18787006,0.19115613,0.19464204,0.19827253,0.20200244,0.20580007,0.20964636,0.21353224,0.21745482,0.22141325,0.22540428,0.22941881,0.23343995,0.23744442,0.2414058,0.24529923,0.24910519,0.25281152,0.2564138,0.25991365,0.26331714,0.26663262,0.26986918,0.27303538,0.27613902,0.27918646,0.28218284,0.28513223,0.28803763,0.29090104,0.29372385,0.2965069,0.29925033,0.30195394,0.304617,0.30723864,0.3098176,0.31235263,0.31484213,0.3172847,0.3196787,0.3220227,0.32431522,0.32655486,0.32874042,0.33087072,0.33294484,0.33496204,0.33692166,0.3388235,0.34066758,0.34245417,0.34418416,0.34585893,0.34748036,0.34905124,0.35057524,0.35205686,0.35350165,0.3549161,0.3563074,0.3576832,0.35905135,0.3604191,0.36179262,0.363177,0.3645754,0.36598957,0.36741966,0.36886492,0.37032384,0.37179458
99,0.0,0.025773993,0.033593897,0.03861082,0.04457037,0.051565576,0.05915609,0.06684724,0.0742764,0.081221886,0.08758131,0.09336002,0.09866352,0.10367311,0.108605884,0.11367392,0.11904862,0.12483492,0.13105522,0.13763173,0.14440276,0.15125324,0.1582497,0.16560076,0.17345208,0.18168038,0.18989624,0.19764987,0.20464876,0.21084642,0.21638517,0.22146171,0.22622833,0.2307818,0.23518409,0.23948783,0.24374977,0.24802943,0.25238144,0.25684783,0.26145172,0.26619434,0.27105522,0.27599692,0.28097302,0.28593647,0.29084775,0.29567835,0.3004119,0.30504256,0.30957213,0.31400713,0.3183566,0.3226302,0.32683724,0.33098635,0.33508486,0.33913904,0.34315443,0.34713593,0.35108793,0.35501498,0.35892186,0.3628139,0.36669713,0.37057853,0.3744661,0.37836868,0.38229552,0.38625568,0.39025646,0.3943023,0.39839226,0.40251875,0.40666667,0.4108145,0.414937,0.41900912,0.42300993,0.42692488,0.43074623,0.43447268,0.4381076,0.4416574,0.4451298,0.44853324,0.4518758,0.4551649,0.4584072,0.4616088,0.46477494,0.46791032,0.4710191,0.4741049,0.47717106,0.4802207,0.48325694,0.48628262,0.4893003,0.49231222,0.4953198
