trajectory_id,split,index,du,dv,k,ic_seed,ic_regime,parameter_band,success,cached,runtime_seconds,nfev,max_abs_state,final_mean_u,final_mean_v,final_std_u,final_std_v,message
train-0000,train,0,0.001182174741199613,0.00520909809907367,0.004937852585990024,11729,train,central,True,True,1.4447183749871328,4625,1.7829620838165283,-0.019940878364835157,-0.020169433461050268,0.42226316623102295,0.21626033964762886,The solver successfully reached the end of the integration interval.
train-0001,train,1,0.0009719774847671943,0.004317853581439416,0.004376299309488875,11730,train,central,True,True,1.3701590420096181,3965,2.391700506210327,-0.015708192836317636,-0.015772375851788922,0.4254235808547836,0.22446850736678023,The solver successfully reached the end of the integration interval.
train-0002,train,2,0.0009836887138220819,0.004337216965331589,0.004816257826934518,11731,train,central,True,True,1.3577872919850051,3965,2.0853445529937744,-0.018092763051432925,-0.018147909149803354,0.4223193440189432,0.2216728467091019,The solver successfully reached the end of the integration interval.
train-0003,train,3,0.0009304125207340737,0.005150198981380137,0.004155466726510192,11732,train,central,True,True,1.438239082985092,4565,2.1742160320281982,-0.010329093761164643,-0.010359507596400697,0.46555853990891594,0.22902204639472767,The solver successfully reached the end of the integration interval.
train-0004,train,4,0.0008382321562183457,0.005300599106082339,0.004622821901060502,11733,train,central,True,True,1.3837749999947846,4721,1.7808622121810913,-0.014426954939960268,-0.014411627470819255,0.4941249100185708,0.22995857447613569,The solver successfully reached the end of the integration interval.
train-0005,train,5,0.0009585717537710814,0.005586923058289525,0.0053828064546787135,11734,train,central,True,True,1.4117150410020258,4937,2.2020320892333984,-0.02488574656059761,-0.024905053188001958,0.477227915987374,0.22466136372154044,The solver successfully reached the end of the integration interval.
train-0006,train,6,0.000927459554643372,0.004279698814752049,0.004516440440637293,11735,train,central,True,True,1.288273250014754,3941,2.0358121395111084,-0.012623295819814473,-0.012643168480233058,0.42818105433088055,0.22765195191855586,The solver successfully reached the end of the integration interval.
train-0007,train,7,0.0011532747223594406,0.005036055481226992,0.004702169702789818,11736,train,central,True,True,1.3499731670017354,4493,2.0500659942626953,-0.022456842795804732,-0.022492582122213278,0.4186410210985389,0.21804131138158372,The solver successfully reached the end of the integration interval.
train-0008,train,8,0.0011391710973377622,0.005429022860377499,0.004606150777794735,11737,train,central,True,True,1.3371413330023643,4781,1.8987847566604614,-0.018015819271781197,-0.01798087680867866,0.4352702587995083,0.22152182153032948,The solver successfully reached the end of the integration interval.
train-0009,train,9,0.0009782044389045727,0.004446058503787686,0.004893635387941045,11738,train,central,True,True,1.2634527079935651,4049,2.0017733573913574,-0.0255350233509688,-0.02557490586103306,0.42846586275697807,0.22089272011931266,The solver successfully reached the end of the integration interval.
train-0010,train,10,0.0010575568611367499,0.004120623105276658,0.00436016729085222,11739,train,central,True,True,1.247251207998488,3809,2.1532340049743652,-0.030048416711476733,-0.03005850971995372,0.3963788773263281,0.22235014356299695,The solver successfully reached the end of the integration interval.
train-0011,train,11,0.0008807312648628218,0.0040911322398437255,0.004066855683260157,11740,train,central,True,True,1.2417182500066701,3845,2.3818247318267822,-0.014411614137102902,-0.014467790945719372,0.4323736994938349,0.235962910940571,The solver successfully reached the end of the integration interval.
train-0012,train,12,0.0011425377954101218,0.005256167420177241,0.004677791684112613,11741,train,central,True,True,1.3449617919977754,4673,2.0604987144470215,-0.030034353519496904,-0.03007274770061663,0.4289913093900617,0.22366777890142372,The solver successfully reached the end of the integration interval.
train-0013,train,13,0.0010519975048461888,0.004170604553949416,0.005004957040232214,11742,train,central,True,True,1.2573909159982577,3917,2.414138078689575,-0.027206579043721035,-0.02748708877796968,0.39496444954336885,0.2217868795410873,The solver successfully reached the end of the integration interval.
train-0014,train,14,0.0008907774696828624,0.004203335219483896,0.005859953796058819,11743,train,central,True,True,1.265615375014022,3953,2.0695767402648926,-0.025568525514898965,-0.025548841781599663,0.4374920384747676,0.22947258466719486,The solver successfully reached the end of the integration interval.
train-0015,train,15,0.000820873889244725,0.005505526229507482,0.0045344498048641,11744,train,central,True,True,1.3688924160087481,4889,2.063413619995117,-0.011505580207675337,-0.011669098401704048,0.5007087628739256,0.2305285421556792,The solver successfully reached the end of the integration interval.
train-0016,train,16,0.0010970190396965883,0.005908843796178753,0.005157681441720897,11745,train,central,True,True,1.360914041986689,5165,2.3802380561828613,-0.010886256616334578,-0.010917690708751149,0.4598784750566519,0.22817374512157704,The solver successfully reached the end of the integration interval.
train-0017,train,17,0.0009809969432361188,0.004071608601480605,0.005213427054729932,11746,train,central,True,True,1.1432734160043765,3785,1.9598946571350098,-0.01826295181480131,-0.018397413120337047,0.407882236735969,0.22483007878061217,The solver successfully reached the end of the integration interval.
train-0018,train,18,0.0010097777077142636,0.00432826313814914,0.005147892041482164,11747,train,central,True,True,1.191220084001543,3965,2.507883310317993,-0.022686445538255384,-0.022444100184408455,0.4122903941791484,0.22587031166345573,The solver successfully reached the end of the integration interval.
train-0019,train,19,0.0009067564965909995,0.004052246943641107,0.005732448910225786,11748,train,central,True,True,1.1498922500177287,3785,2.252732038497925,-0.018233614003719367,-0.01838653204116092,0.4265123309361449,0.2274021122190355,The solver successfully reached the end of the integration interval.
train-0020,train,20,0.0008052254407159389,0.004841281781370822,0.0050756162593078614,11749,train,central,True,True,1.2478384999849368,4481,2.1245274543762207,-0.01837158438586073,-0.018401650369613165,0.48419287891696616,0.22920911008873907,The solver successfully reached the end of the integration interval.
train-0021,train,21,0.0008599583374044118,0.005495607783312368,0.004056637274885164,11750,train,central,True,True,1.4351210419845302,4865,2.924182176589966,-0.013888543574267942,-0.013948721712943701,0.4944495279444587,0.23032154257712664,The solver successfully reached the end of the integration interval.
train-0022,train,22,0.0008708224327609545,0.005647130960907824,0.00402521754064491,11751,train,central,True,True,1.4733080840087496,4949,1.703161597251892,-0.010689657774321404,-0.010713659818153864,0.49845320745733485,0.23056236169620706,The solver successfully reached the end of the integration interval.
train-0023,train,23,0.0009818693972093785,0.005533871261658564,0.005811118559102711,11752,train,central,True,True,1.4544434169947635,4853,1.8407713174819946,-0.017320817163820834,-0.017373371744895394,0.4714311021060039,0.22879793812611318,The solver successfully reached the end of the integration interval.
train-0024,train,24,0.0011976210578424793,0.004614638150961045,0.004443413709884733,11753,train,central,True,True,1.2135465409955941,4193,1.8915705680847168,-0.021680133375371113,-0.021733256229894637,0.3930079118933146,0.21884327396328343,The solver successfully reached the end of the integration interval.
train-0025,train,25,0.0011205509996939482,0.005312880996406344,0.004428544086809201,11754,train,central,True,True,1.3737089170026593,4697,2.182424306869507,-0.00804356078538504,-0.008027446497653301,0.4383469276531193,0.22775029925790033,The solver successfully reached the end of the integration interval.
train-0026,train,26,0.0011231034668695034,0.005526722179869815,0.0043038447587683,11755,train,central,True,True,1.4468142910045572,4865,1.9746716022491455,-0.01495385474361477,-0.014991014135310454,0.4450985299677876,0.22446218725498657,The solver successfully reached the end of the integration interval.
train-0027,train,27,0.0009944323132579525,0.005607462827043939,0.005961612305763595,11756,train,central,True,True,1.4689633329981007,4913,1.826838493347168,-0.015592210927962924,-0.015707879502009803,0.4710568951382111,0.2242654520494324,The solver successfully reached the end of the integration interval.
train-0028,train,28,0.0009178920629768384,0.0044555728363577865,0.004417634277412541,11757,train,central,True,True,1.157087750005303,4085,1.9694640636444092,-0.018796269872524363,-0.01874641441752445,0.4395592083435635,0.22832819041524477,The solver successfully reached the end of the integration interval.
train-0029,train,29,0.0011174306558368015,0.004584484144355633,0.005517138328723627,11758,train,central,True,True,1.227964542020345,4133,1.9295120239257812,-0.024031708713763145,-0.024025908870548562,0.4045847302550455,0.22620392061841524,The solver successfully reached the end of the integration interval.
train-0030,train,30,0.0008216405244892504,0.0052184192806554236,0.005198673954992743,11759,train,central,True,True,1.4174499579821713,4637,2.0531704425811768,-0.006312271512356915,-0.006365001215862698,0.4898208305727023,0.2302294725561709,The solver successfully reached the end of the integration interval.
train-0031,train,31,0.0011495148155261882,0.004497216831677711,0.005756138612570711,11760,train,central,True,True,1.2935377919930033,4085,2.2658472061157227,-0.016270153666902765,-0.016339270533794803,0.39524725869421395,0.2244477805223023,The solver successfully reached the end of the integration interval.
train-0032,train,32,0.0009453655447295917,0.005755661759513571,0.0041108476399991534,11761,train,central,True,True,1.5732016669935547,5033,2.0441935062408447,-0.01082405721680857,-0.010728012651628371,0.48357503424648135,0.23265110064327052,The solver successfully reached the end of the integration interval.
train-0033,train,33,0.0010207843015620408,0.004006877419510336,0.00498023309186522,11762,train,central,True,True,1.1488099999842234,3749,2.4212658405303955,-0.0232049557453351,-0.023394621998561682,0.39427499493360585,0.22471943697778277,The solver successfully reached the end of the integration interval.
train-0034,train,34,0.0008503801430745464,0.004547146328339251,0.005335827043926512,11763,train,central,True,True,1.3033870829967782,4181,2.16145920753479,-0.015583115856870222,-0.015614742439094442,0.46109804700103363,0.2281536116279592,The solver successfully reached the end of the integration interval.
train-0035,train,35,0.0009862495049011257,0.005942684123730011,0.005302927257022249,11764,train,central,True,True,1.5815823749871925,5201,1.931355595588684,-0.013915175157610982,-0.013966200556511876,0.4837057954678717,0.22555190467103448,The solver successfully reached the end of the integration interval.
train-0036,train,36,0.0008974481189173812,0.004591775584976427,0.004734443254579166,11765,train,central,True,True,1.2182051249837968,4193,2.1524431705474854,-0.022705916327209863,-0.0227623121307019,0.4469072590541067,0.22723649167169843,The solver successfully reached the end of the integration interval.
train-0037,train,37,0.0009967418892552905,0.004722488351909133,0.004227647961939577,11766,train,central,True,True,1.255468125018524,4229,1.7751718759536743,-0.023929158504436998,-0.023913951817775114,0.4332168518848516,0.2278648476348736,The solver successfully reached the end of the integration interval.
train-0038,train,38,0.0008827650214915734,0.005556266272925268,0.0045606166738783715,11767,train,central,True,True,1.5141996250022203,4889,1.7092924118041992,-0.007978253604260743,-0.007961631628275345,0.49205959365079743,0.22393681449684114,The solver successfully reached the end of the integration interval.
train-0039,train,39,0.0008107788960332762,0.004063267640302812,0.004093300957519772,11768,train,central,True,True,1.2074311250180472,3809,1.866406798362732,-0.021698829773342254,-0.0216655180309111,0.44670842138116756,0.22727886294424443,The solver successfully reached the end of the integration interval.
train-0040,train,40,0.0010733474209874833,0.005913228678097011,0.004967754279330203,11769,train,central,True,True,1.5280239999992773,5129,2.078601598739624,-0.02646020688088413,-0.02660626218317219,0.4661035391198339,0.22143388838703446,The solver successfully reached the end of the integration interval.
train-0041,train,41,0.0008256895807445421,0.005469984127208489,0.005435785600753213,11770,train,central,True,True,1.4302376660052687,4817,2.166048049926758,-0.017064295446175493,-0.017132837678783375,0.501384783375539,0.2232891349709454,The solver successfully reached the end of the integration interval.
train-0042,train,42,0.0011731866136635463,0.0045268181377488125,0.004046360532156898,11771,train,central,True,True,1.229511082987301,4097,1.9965307712554932,-0.018084412727343846,-0.018168786292808825,0.39394548354681164,0.21676178759617673,The solver successfully reached the end of the integration interval.
train-0043,train,43,0.0010648776488974773,0.00409665907623784,0.00508758323341304,11772,train,central,True,True,1.1623887089954223,3845,1.84800124168396,-0.020255846958495916,-0.02018241072721705,0.39197702326949335,0.2238187899789557,The solver successfully reached the end of the integration interval.
train-0044,train,44,0.0008633243526923826,0.004809872931703371,0.00478589260363577,11773,train,central,True,True,1.3223615000024438,4349,2.0339603424072266,-0.015208372715598273,-0.015242297591613774,0.4695685451128096,0.2302818920688165,The solver successfully reached the end of the integration interval.
train-0045,train,45,0.001115944982410791,0.004192354458320233,0.004506500231271667,11774,train,central,True,True,1.2272532919887453,3929,2.5350239276885986,-0.02448840640231431,-0.024443153268620676,0.38537722932190926,0.21995902930698377,The solver successfully reached the end of the integration interval.
train-0046,train,46,0.0011586889878995915,0.005772872337887736,0.004525532832731246,11775,train,central,True,True,1.5511980839946773,5045,1.9180704355239868,-0.013597685158195816,-0.013588569015841045,0.44682734416897896,0.22993029555233063,The solver successfully reached the end of the integration interval.
train-0047,train,47,0.0010294889242370153,0.005673923074613155,0.004662438263217894,11776,train,central,True,True,1.5367567090142984,4985,2.7643511295318604,-0.009789061199430904,-0.009808881444694606,0.46437326960317776,0.22437699064707173,The solver successfully reached the end of the integration interval.
train-0048,train,48,0.000990015340540305,0.004701215169297537,0.004798782467321869,11777,train,central,True,True,1.2264027499768417,4253,1.7951295375823975,-0.020801001217130022,-0.020780622097628765,0.4328525012963324,0.23598762071757853,The solver successfully reached the end of the integration interval.
train-0049,train,49,0.0008400266552685576,0.005872263180230441,0.005019320629061343,11778,train,central,True,True,1.4744047499843873,5129,2.3587896823883057,-0.016801084030880986,-0.01681576677159935,0.5116990880741337,0.22582500191951022,The solver successfully reached the end of the integration interval.
train-0050,train,50,0.001136051723884677,0.00521979010120056,0.0043233799175318955,11779,train,central,True,True,1.4125779170135502,4625,1.884575605392456,-0.011372816479324754,-0.01142692869338191,0.4309561958558857,0.22893474409982298,The solver successfully reached the end of the integration interval.
train-0051,train,51,0.0010838767786030064,0.005890415067000831,0.004258238071098356,11780,train,central,True,True,1.5458285000058822,5165,1.729549527168274,-0.019430806559469715,-0.019402349251899764,0.4630179578217812,0.22231379066084817,The solver successfully reached the end of the integration interval.
train-0052,train,52,0.0010832238771217716,0.004561180020451579,0.005342825470872805,11781,train,central,True,True,1.2620128339913208,4181,1.9683566093444824,-0.020580791840792756,-0.020607462000294063,0.41080179312664394,0.2181354365920902,The solver successfully reached the end of the integration interval.
train-0053,train,53,0.0010601220422556583,0.00509713106617069,0.005426574893695601,11782,train,central,True,True,1.3994001249957364,4589,2.619136095046997,-0.02795476194532398,-0.02797917794254623,0.4406984327262548,0.22329162481069986,The solver successfully reached the end of the integration interval.
train-0054,train,54,0.0009691489239478921,0.004755901691789154,0.004870930466049569,11783,train,central,True,True,1.2825035419955384,4301,2.0236175060272217,-0.01849285855915639,-0.01854050086786252,0.4430958565663817,0.2309020648102572,The solver successfully reached the end of the integration interval.
train-0055,train,55,0.001037988777932153,0.004396391667387458,0.004862262756661083,11784,train,central,True,True,1.2001437500002794,4073,2.1102004051208496,-0.02044276475042217,-0.020459789868549905,0.4143666150579886,0.2233438938252553,The solver successfully reached the end of the integration interval.
train-0056,train,56,0.0011059177570603175,0.0043550693747944,0.005523169048860896,11785,train,central,True,True,1.1590910000086296,4013,2.185412645339966,-0.01787125029992026,-0.01780816843573163,0.39746125047169156,0.22229173260102184,The solver successfully reached the end of the integration interval.
train-0057,train,57,0.0010696646424677148,0.004784417487799855,0.004973583601617551,11786,train,central,True,True,1.261114291002741,4301,1.980512261390686,-0.015632953792795945,-0.015669507046190634,0.425791286218439,0.2240951015476008,The solver successfully reached the end of the integration interval.
train-0058,train,58,0.0009915590671348408,0.005019839711878636,0.004742101573423634,11787,train,central,True,True,1.370462332997704,4589,1.8706530332565308,-0.013146109935838979,-0.013183709773375796,0.4493300330626167,0.22520583247032905,The solver successfully reached the end of the integration interval.
train-0059,train,59,0.0011337207114020917,0.0052288967561216915,0.005622709107266751,11788,train,central,True,True,1.3607786250067875,4625,2.0984394550323486,-0.016583159395295866,-0.01667256570111908,0.43156963483299693,0.22465374023383394,The solver successfully reached the end of the integration interval.
train-0060,train,60,0.0008530325195096434,0.004382888090123776,0.004486153987485247,11789,train,central,True,True,1.17690333398059,4025,2.230449676513672,-0.015707525204824435,-0.01571912336065928,0.45174981884522913,0.23064680891490283,The solver successfully reached the end of the integration interval.
train-0061,train,61,0.0011604460830381678,0.004225095372955554,0.004844731970686557,11790,train,central,True,True,1.0560938749986235,3869,1.6283499002456665,-0.020794706197435175,-0.020972639234700274,0.3823741041687011,0.21512784038395727,The solver successfully reached the end of the integration interval.
train-0062,train,62,0.0008138273968112811,0.005380366736209135,0.004949957602869335,11791,train,central,True,True,1.3258907920098864,4745,2.317608594894409,-0.016015250565132533,-0.0159425636186441,0.4984181835423791,0.22267456507731578,The solver successfully reached the end of the integration interval.
train-0063,train,63,0.0009488265897947979,0.0043678817658297595,0.004033554440934109,11792,train,central,True,True,1.2208347079867963,4001,1.8894968032836914,-0.017872881647459593,-0.017796334798101165,0.43068108234643565,0.22799387840995605,The solver successfully reached the end of the integration interval.
train-0064,train,64,0.000929347990920013,0.005358083593352022,0.005154779064085832,11793,train,central,True,True,1.3529429170012008,4757,1.870400309562683,-0.015394360898149273,-0.01548574743926956,0.47697531132528415,0.23202493839560445,The solver successfully reached the end of the integration interval.
train-0065,train,65,0.000868292152251053,0.005112699335805413,0.005349714981332815,11794,train,central,True,True,1.2815114590048324,4553,2.004385232925415,-0.010234545703339926,-0.01025974717023459,0.473591241767541,0.23521609547444886,The solver successfully reached the end of the integration interval.
train-0066,train,66,0.00116468353983279,0.005834555253431455,0.004343325144312885,11795,train,central,True,True,1.509680750023108,5093,1.9439066648483276,-0.015050760522708373,-0.015016635824389724,0.4497425368490463,0.22516488014834832,The solver successfully reached the end of the integration interval.
train-0067,train,67,0.000816222193865773,0.005961520584018989,0.005045366043217663,11796,train,central,True,True,1.5101447080087382,5189,1.9933370351791382,-0.01684971542848146,-0.01693984722339792,0.5178596624984898,0.2245677300255864,The solver successfully reached the end of the integration interval.
train-0068,train,68,0.0008189932546031027,0.00443144667884019,0.004575072820133351,11797,train,central,True,True,1.307740415999433,4193,2.5236494541168213,-0.01861605055726301,-0.01858888763285904,0.4634021239770397,0.22715650452491631,The solver successfully reached the end of the integration interval.
train-0069,train,69,0.0011408901181113507,0.0058449531866773445,0.004820873326846221,11798,train,central,True,True,1.4678136669972446,5129,2.071769952774048,-0.019144560877315087,-0.01917989216013183,0.4515229516841692,0.22670257839175423,The solver successfully reached the end of the integration interval.
train-0070,train,70,0.0008395311577105156,0.004078863525475901,0.004953415906184718,11799,train,central,True,True,1.1911508750054054,3773,1.742459774017334,-0.012150304178831561,-0.012063308453479138,0.4424867109302539,0.22682264978855848,The solver successfully reached the end of the integration interval.
train-0071,train,71,0.001194213716727095,0.005424209976698624,0.005367034318141107,11800,train,central,True,True,1.4979339580168016,4769,1.895371437072754,-0.013635018709983626,-0.013669842502647356,0.42981598441403673,0.22356010339380197,The solver successfully reached the end of the integration interval.
train-0072,train,72,0.0011272296221842123,0.005234447396362055,0.005453971309326611,11801,train,central,True,True,1.4671514999936335,4649,2.1993086338043213,-0.02729172998387952,-0.027324260312241222,0.4325371102176533,0.2183100332940687,The solver successfully reached the end of the integration interval.
train-0073,train,73,0.0010591122434033338,0.005620844641493989,0.004989187965871513,11802,train,central,True,True,1.3850743749935646,4937,2.1105570793151855,-0.021280904902473363,-0.021316783914858917,0.4576791624846404,0.22169558888141797,The solver successfully reached the end of the integration interval.
train-0074,train,74,0.0009840862417844765,0.005781394316597246,0.005275611695387887,11803,train,central,True,True,1.4110988339816686,5057,1.7062393426895142,-0.02405330307517417,-0.023898896722115204,0.4788878183817657,0.2297359582993525,The solver successfully reached the end of the integration interval.
train-0075,train,75,0.0010143614344077228,0.005411532436435982,0.004895235854025233,11804,train,central,True,True,1.420000040990999,4781,2.300351619720459,-0.01979337607825471,-0.01983051316265616,0.45937556474062313,0.22321884918609414,The solver successfully reached the end of the integration interval.
train-0076,train,76,0.0008513083076171359,0.005665289042159862,0.00581555758952915,11805,train,central,True,True,1.4570179170113988,4985,1.9552737474441528,-0.012452891324869597,-0.012452729674464535,0.49993211414970223,0.22837731322241597,The solver successfully reached the end of the integration interval.
train-0077,train,77,0.0011857282875122966,0.005564169487074266,0.004790784351453924,11806,train,central,True,True,1.3823416660015937,4877,1.5139025449752808,-0.02900698347938757,-0.028997157229504467,0.4338541676508331,0.22340213549008495,The solver successfully reached the end of the integration interval.
train-0078,train,78,0.0011422042830092037,0.005354376445678987,0.005871355572098691,11807,train,central,True,True,1.3612868339987472,4721,2.1032800674438477,-0.019823627399929933,-0.01978912966293933,0.43870398853368353,0.22075454050161913,The solver successfully reached the end of the integration interval.
train-0079,train,79,0.0010245726030663623,0.005001772320657068,0.0051143009056264024,11808,train,central,True,True,1.3592465000110678,4457,1.9922839403152466,-0.01870769744665779,-0.01863515833891327,0.44167823356516456,0.2268713068341513,The solver successfully reached the end of the integration interval.
train-0080,train,80,0.0009655907936767666,0.005899296334302021,0.005607647573829295,11809,train,central,True,True,1.5699106249958277,5129,2.376800775527954,-0.026156381413669827,-0.026131795458887552,0.4840672886538009,0.22845520668432967,The solver successfully reached the end of the integration interval.
train-0081,train,81,0.0009213669699267516,0.004283324130978426,0.005328102575891596,11810,train,central,True,True,1.2575625420140568,3953,2.000519275665283,-0.018744727618640045,-0.018642676167461403,0.4349616901383908,0.22808932027237175,The solver successfully reached the end of the integration interval.
train-0082,train,82,0.0009131803678827089,0.005980559722561469,0.004854586177936322,11811,train,central,True,True,1.6434118339966517,5201,1.83729088306427,-0.017711331982454226,-0.01781691841350508,0.4995924958999129,0.22843391179884756,The solver successfully reached the end of the integration interval.
train-0083,train,83,0.0009385010852729057,0.004626826332893583,0.004639380506903418,11812,train,central,True,True,1.3567440419865306,4217,1.856358289718628,-0.012271844211642957,-0.012346832967716687,0.4440060403109609,0.22616768799392642,The solver successfully reached the end of the integration interval.
train-0084,train,84,0.0011776037054489694,0.005157089720287615,0.005706867509693693,11813,train,central,True,True,1.5338684160087723,4577,1.717475175857544,-0.02549304877077674,-0.02554204135202376,0.41713660933243374,0.2244229717232045,The solver successfully reached the end of the integration interval.
train-0085,train,85,0.0009424885728246058,0.004944063442291272,0.005851878893098436,11814,train,central,True,True,1.5028793750097975,4469,2.4148061275482178,-0.022056260249282644,-0.021857850755661268,0.4536843562457308,0.22806975980918884,The solver successfully reached the end of the integration interval.
train-0086,train,86,0.0009955049424727489,0.004390629073148737,0.005925672227446664,11815,train,central,True,True,1.1735382089973427,4001,1.8560514450073242,-0.02337741866196552,-0.02349823691462305,0.4239420940063857,0.2245143609587475,The solver successfully reached the end of the integration interval.
train-0087,train,87,0.0010374696454892736,0.005864922859971462,0.005971263560277183,11816,train,central,True,True,1.4822096250136383,5105,1.9643487930297852,-0.015572084552033516,-0.015586545592760515,0.4719440415798548,0.22547199633060783,The solver successfully reached the end of the integration interval.
train-0088,train,88,0.0009172836314673449,0.005687598823429094,0.0043665328495683265,11817,train,central,True,True,1.4536843329842668,4961,2.123607873916626,-0.015619956493347686,-0.015610102684526783,0.4888823238165734,0.22574659853292914,The solver successfully reached the end of the integration interval.
train-0089,train,89,0.0008565662051588466,0.005485240496363862,0.005868543145692273,11818,train,central,True,True,1.4240074999979697,4817,1.8566374778747559,-0.019999757226912607,-0.020012327584237433,0.49356304307896476,0.23126364229335797,The solver successfully reached the end of the integration interval.
train-0090,train,90,0.000908316487570484,0.0051923054069119125,0.004332396479906589,11819,train,central,True,True,1.3090265000064392,4625,1.7197234630584717,-0.012801456007942136,-0.012921423804205912,0.4737320477055302,0.22816374885602064,The solver successfully reached the end of the integration interval.
train-0091,train,91,0.0010064765410223303,0.00485592389203194,0.005896893628628915,11820,train,central,True,True,1.2273439999844413,4361,1.7349247932434082,-0.022875452172847588,-0.022941893468960473,0.44266138330993426,0.22732148129928967,The solver successfully reached the end of the integration interval.
train-0092,train,92,0.0010502299041188585,0.0041446177723608165,0.005769782201505586,11821,train,central,True,True,1.1223810829978902,3821,1.814812183380127,-0.021727398665447595,-0.02174167888620815,0.4017201060008594,0.2207674596152047,The solver successfully reached the end of the integration interval.
train-0093,train,93,0.0010437076789738453,0.004756979068893638,0.0048350235113105225,11822,train,central,True,True,1.268062542018015,4385,2.0451200008392334,-0.028284976129051786,-0.02833799772701795,0.42956272665676815,0.22246658845803619,The solver successfully reached the end of the integration interval.
train-0094,train,94,0.0008426270285523524,0.004766890199162924,0.004718917521926179,11823,train,central,True,True,1.2327577089890838,4301,2.059023380279541,-0.011044363734313833,-0.010928341742500791,0.47115345647816265,0.23330723908407236,The solver successfully reached the end of the integration interval.
train-0095,train,95,0.001112006277594278,0.0048017769371491775,0.005406965008108899,11824,train,central,True,True,1.2347775830130558,4301,1.8176862001419067,-0.02293926070904373,-0.022829542384450008,0.4187803056678889,0.2241046948591716,The solver successfully reached the end of the integration interval.
train-0096,train,96,0.0009638390129823467,0.004864189623629486,0.005682649306012556,11825,train,central,True,True,1.2630512500181794,4385,2.1980929374694824,-0.020796792340298964,-0.020862885052780555,0.44683225307551755,0.23953494822508112,The solver successfully reached the end of the integration interval.
train-0097,train,97,0.0010267364684032772,0.00434413943530946,0.005978776229085452,11826,train,central,True,True,1.1627191249863245,3977,1.6595369577407837,-0.021766318442583366,-0.02180924571429088,0.41227791442881595,0.22637757660323937,The solver successfully reached the end of the integration interval.
train-0098,train,98,0.0010535724268303937,0.005104663819276373,0.0053571831794362555,11827,train,central,True,True,1.295474708022084,4553,1.7914373874664307,-0.021181277977801116,-0.021225023357818174,0.4402198014482412,0.22674335988676078,The solver successfully reached the end of the integration interval.
train-0099,train,99,0.001192694913241051,0.0042179858465865175,0.005834359442080594,11828,train,central,True,True,1.0916934999986552,3881,2.346980571746826,-0.0334420990707045,-0.0334775679410928,0.3736473473705633,0.21530287103697154,The solver successfully reached the end of the integration interval.
train-0100,train,100,0.0011131344114892474,0.004162592675571893,0.0054726713372148334,11829,train,central,True,True,1.1127709999855142,3857,2.0421249866485596,-0.025904992843820196,-0.02598383344119526,0.3854818562898971,0.22402053681346318,The solver successfully reached the end of the integration interval.
train-0101,train,101,0.0009024789467513602,0.00452168744787423,0.0052261652357836075,11830,train,central,True,True,1.1863092500134371,4121,2.044318199157715,-0.01651843595207403,-0.016555576083719714,0.4465627716720669,0.22696997752428436,The solver successfully reached the end of the integration interval.
train-0102,train,102,0.0011740454365141183,0.0059980570604820805,0.005459473508777852,11831,train,central,True,True,1.4868135829747189,5201,1.8534148931503296,-0.019320494578906278,-0.019350796166293094,0.4501648165447572,0.22590239245962676,The solver successfully reached the end of the integration interval.
train-0103,train,103,0.0011705409038889041,0.005066583645012717,0.004314639778138256,11832,train,central,True,True,1.3432082499784883,4517,1.7518607378005981,-0.026725455585521196,-0.02673429769570035,0.41776580778309047,0.23126579864925034,The solver successfully reached the end of the integration interval.
train-0104,train,104,0.0009866023100404784,0.004814050988045533,0.00434521064601091,11833,train,central,True,True,1.2053486660006456,4337,2.0582783222198486,-0.022322626588925587,-0.022315311583321895,0.4433454198156683,0.22709187313369192,The solver successfully reached the end of the integration interval.
train-0105,train,105,0.0008113075998643917,0.004534754908008871,0.00492940187527905,11834,train,central,True,True,1.150464208010817,4145,2.716218948364258,-0.012754437582202627,-0.012732590122834786,0.46590821593010173,0.2280829050255917,The solver successfully reached the end of the integration interval.
train-0106,train,106,0.0011308716154882262,0.004899960025736057,0.005697134905830357,11835,train,central,True,True,1.319764457992278,4457,1.975220799446106,-0.022937704824503413,-0.022687576912561624,0.41519400344222435,0.22222220781500895,The solver successfully reached the end of the integration interval.
train-0107,train,107,0.0009526103649648487,0.005246104188798775,0.005701475448648183,11836,train,central,True,True,1.3482852499873843,4649,1.8743956089019775,-0.028746132049246143,-0.02872941704432108,0.4626559102033755,0.23088064825951962,The solver successfully reached the end of the integration interval.
train-0108,train,108,0.0010113640244115455,0.004737283227272528,0.0041045579460175724,11837,train,central,True,True,1.261551583011169,4289,2.5314598083496094,-0.011513731552380335,-0.0114057527730278,0.43164655814566427,0.22264041709184582,The solver successfully reached the end of the integration interval.
train-0109,train,109,0.0008355998221519542,0.005119521103426165,0.005775835017720223,11838,train,central,True,True,1.2541501249943394,4577,1.904898762702942,-0.019040165560821443,-0.01872983280054541,0.48222325400305815,0.2306354217053218,The solver successfully reached the end of the integration interval.
train-0110,train,110,0.0011865716759265183,0.005615729594051065,0.005920918732812051,11839,train,central,True,True,1.415828999975929,4925,1.8848251104354858,-0.029649751984191397,-0.029844863611227623,0.4312950408916936,0.2235856574438725,The solver successfully reached the end of the integration interval.
train-0111,train,111,0.001090201093735177,0.005082891411215514,0.004923777156537856,11840,train,central,True,True,1.3816050830064341,4553,1.9075894355773926,-0.02126396128210306,-0.021282048217770466,0.4308129919358116,0.2184553145595908,The solver successfully reached the end of the integration interval.
train-0112,train,112,0.001119809361404939,0.005808631320028606,0.004282928661923804,11841,train,central,True,True,1.4158976670005359,5069,2.3432846069335938,-0.011823223936746174,-0.011849564975705107,0.4537533465353736,0.2235895543221721,The solver successfully reached the end of the integration interval.
train-0113,train,113,0.0011895330591467428,0.004423576231546472,0.005839412981801035,11842,train,central,True,True,1.2773973330040462,4037,1.8802772760391235,-0.027608862129056888,-0.027518726497183732,0.38686392167282496,0.21403201363770272,The solver successfully reached the end of the integration interval.
train-0114,train,114,0.0008266521431842922,0.00454367034935508,0.005299344089272206,11843,train,central,True,True,1.2170195830112789,4145,1.9704928398132324,-0.021204703614413845,-0.02127501550300792,0.4631683425860573,0.22984799123051575,The solver successfully reached the end of the integration interval.
train-0115,train,115,0.0008600557510479011,0.004600708770336729,0.005167110584495906,11844,train,central,True,True,1.2535865829850081,4181,1.8536221981048584,-0.01447385693716896,-0.01444151420385964,0.4613412949395135,0.23238225850353791,The solver successfully reached the end of the integration interval.
train-0116,train,116,0.0008750109134295961,0.004358778190882215,0.004469967498941385,11845,train,central,True,True,1.228296000015689,3953,1.8766218423843384,-0.01691198168070951,-0.016989209310549258,0.445342094119796,0.2278364463738457,The solver successfully reached the end of the integration interval.
train-0117,train,117,0.0011835210270830408,0.00462419221213729,0.004194924215343296,11846,train,central,True,True,1.2266515840019565,4193,2.256598949432373,-0.010076828934828086,-0.010149334593957837,0.39336308803665126,0.2217782525894239,The solver successfully reached the end of the integration interval.
train-0118,train,118,0.001091889028709532,0.004943473069166367,0.005569562017184628,11847,train,central,True,True,1.2406729579961393,4433,2.3977444171905518,-0.01600735154342381,-0.016040494641545777,0.4294655176057893,0.22945875983194466,The solver successfully reached the end of the integration interval.
train-0119,train,119,0.0010866457566958412,0.00533208046877274,0.005716617199281076,11848,train,central,True,True,1.3659907919936813,4709,1.653566598892212,-0.020143088033123036,-0.019930335763979068,0.4452461008326477,0.2247585484371704,The solver successfully reached the end of the integration interval.
train-0120,train,120,0.0010681392205226232,0.004509082640684383,0.00528619582816807,11849,train,central,True,True,1.2589432499953546,4097,2.135533094406128,-0.019169944305424735,-0.01922129490007407,0.41326953078809947,0.22668536936143863,The solver successfully reached the end of the integration interval.
train-0121,train,121,0.0009434734425582741,0.005593754809809538,0.004115580211074172,11850,train,central,True,True,1.4154239580093417,4937,1.8235722780227661,-0.016471027431578023,-0.016476489421592078,0.48039554134096435,0.2307599403396059,The solver successfully reached the end of the integration interval.
train-0122,train,122,0.0010417016702547728,0.00471653767478017,0.004613488336908544,11851,train,central,True,True,1.207490125001641,4253,1.8074281215667725,-0.01802788956727497,-0.018035759243629546,0.42930704709897843,0.23198089043826683,The solver successfully reached the end of the integration interval.
train-0123,train,123,0.0009557944905562065,0.005719506131820723,0.005911702715844385,11852,train,central,True,True,1.4586838749819435,5021,2.0506844520568848,-0.022430419355124798,-0.02255045154172164,0.4822758341381198,0.22626690842510325,The solver successfully reached the end of the integration interval.
train-0124,train,124,0.0010569521235994786,0.005802976086253581,0.004193259052234515,11853,train,central,True,True,1.46937775000697,5057,1.9893231391906738,-0.01571625213601635,-0.015677612227570137,0.46709314053006146,0.23093652259478248,The solver successfully reached the end of the integration interval.
train-0125,train,125,0.0008717219010282791,0.0054680699260651255,0.005505169645783767,11854,train,central,True,True,1.4182081250182819,4841,3.0798277854919434,-0.01015448871006619,-0.010226045946540196,0.4885628873052914,0.2283886948648946,The solver successfully reached the end of the integration interval.
train-0126,train,126,0.0010488443019947237,0.005547266024523373,0.0046725050844804075,11855,train,central,True,True,1.372441916988464,4865,1.9565215110778809,-0.027733785246738307,-0.027784530164348453,0.4550390757903029,0.2228268009471983,The solver successfully reached the end of the integration interval.
train-0127,train,127,0.0010621993913851168,0.004932334359466217,0.004885296222012213,11856,train,central,True,True,1.2450052500062156,4433,2.3023955821990967,-0.019567116583345978,-0.019593516934584443,0.43162102211579484,0.2308450729374477,The solver successfully reached the end of the integration interval.
train-0128,train,128,0.0011220921785865272,0.005059608907147023,0.00417038856196759,11857,train,central,True,True,1.289621707983315,4529,2.6696131229400635,-0.013921659985172141,-0.013914640147586255,0.42844056545077636,0.22774059732800905,The solver successfully reached the end of the integration interval.
train-0129,train,129,0.0010545575553661329,0.004374914372243136,0.005746405377871442,11858,train,central,True,True,1.1878236249904148,4001,2.306811571121216,-0.014557833211139126,-0.01449682339927727,0.40740957102236336,0.22077566761816725,The solver successfully reached the end of the integration interval.
train-0130,train,130,0.0009122505190471519,0.005947223914266726,0.00418554643677214,11859,train,central,True,True,1.448973999998998,5165,1.9510494470596313,-0.013688836776310609,-0.013669202766926958,0.49785911209746303,0.22488352145556276,The solver successfully reached the end of the integration interval.
train-0131,train,131,0.000944972063031142,0.004415200885916645,0.004275404317197126,11860,train,central,True,True,1.172525542002404,4049,1.915440559387207,-0.01691744728266542,-0.01702596686197566,0.43269224465222017,0.23061916516328393,The solver successfully reached the end of the integration interval.
train-0132,train,132,0.0008091850705777846,0.005278494854632179,0.005322177114374904,11861,train,central,True,True,1.3624389579927083,4697,1.7178360223770142,-0.021794471036741925,-0.021849912419082074,0.4960729069516739,0.23016263735911618,The solver successfully reached the end of the integration interval.
train-0133,train,133,0.0011564527756731595,0.004778216485752499,0.004292254097330976,11862,train,central,True,True,1.2784223330090754,4289,1.7688822746276855,-0.013077147317588356,-0.013090229722664048,0.4075019505559643,0.22022643878273235,The solver successfully reached the end of the integration interval.
train-0134,train,134,0.0011091726244628949,0.004877222974933765,0.00535529401254178,11863,train,central,True,True,1.2518705829861574,4373,1.9719990491867065,-0.018504487292220873,-0.018732489079479997,0.4234484350326324,0.2215960334609014,The solver successfully reached the end of the integration interval.
train-0135,train,135,0.0010445972151425773,0.005745647615837959,0.0058897237960622685,11864,train,central,True,True,1.4136966670048423,5021,2.3585379123687744,-0.014059505576717868,-0.014056263965639637,0.4679772844822959,0.2274503610616028,The solver successfully reached the end of the integration interval.
train-0136,train,136,0.0009283896813806964,0.00474830235261554,0.005829530919220912,11865,train,central,True,True,1.2871184999821708,4289,1.7451238632202148,-0.01732591009367468,-0.01753260272333179,0.45240789401258225,0.23006327004161903,The solver successfully reached the end of the integration interval.
train-0137,train,137,0.0008365798907708688,0.005399306363157504,0.004095375000711089,11866,train,central,True,True,1.3759642079821788,4781,1.6824305057525635,-0.010151117520607045,-0.010255480110760828,0.49365591803626485,0.22466855065858035,The solver successfully reached the end of the integration interval.
train-0138,train,138,0.0011002597330646874,0.004242184641983317,0.005590898061470178,11867,train,central,True,True,1.0969969169818796,3905,2.051858901977539,-0.031123564910863877,-0.03112017166927039,0.3937950587622939,0.22096401058718762,The solver successfully reached the end of the integration interval.
train-0139,train,139,0.0010455855013586034,0.005523675357963925,0.0055253800814699635,11868,train,central,True,True,1.4163312079908792,4865,3.16741943359375,-0.01561964021401252,-0.015637261587732043,0.4577822204244467,0.22628126180927277,The solver successfully reached the end of the integration interval.
train-0140,train,140,0.0008468179193855398,0.005071862447781745,0.00452103859283379,11869,train,central,True,True,1.3554281250108033,4577,2.2288849353790283,-0.01361940989666266,-0.013756422591286288,0.48203958686007276,0.22951760528135412,The solver successfully reached the end of the integration interval.
train-0141,train,141,0.0009048833798306303,0.004606395554497629,0.005014276347628462,11870,train,central,True,True,1.2635539579787292,4229,2.0064008235931396,-0.02147877492899042,-0.02149776733967923,0.45351417521330095,0.2280667899728651,The solver successfully reached the end of the integration interval.
train-0142,train,142,0.0011591247859871097,0.005134759329797552,0.004768246427519995,11871,train,central,True,True,1.2318011249881238,4577,1.7291501760482788,-0.023547323055250757,-0.02342901084303861,0.4226090988130124,0.22204019662275878,The solver successfully reached the end of the integration interval.
train-0143,train,143,0.0009564766763509591,0.005381295485800604,0.004727144568800246,11872,train,central,True,True,1.4175903750001453,4781,2.480332374572754,-0.015473002322266893,-0.015494800695119437,0.47364406676399434,0.22690870294499876,The solver successfully reached the end of the integration interval.
train-0144,train,144,0.0009052174142276155,0.0048727289064761335,0.004202389943986988,11873,train,central,True,True,1.3467025000136346,4397,1.9873969554901123,-0.01107329678387381,-0.011088152838581777,0.45860365663341485,0.2295415594278062,The solver successfully reached the end of the integration interval.
train-0145,train,145,0.0008673233187300278,0.005507446694485177,0.0057884750473169546,11874,train,central,True,True,1.4099628339754418,4841,2.505161762237549,-0.018539395979559004,-0.01852858397166557,0.49458281726114883,0.23195984950067802,The solver successfully reached the end of the integration interval.
train-0146,train,146,0.0009101090414412593,0.004023325566980415,0.005603703652513168,11875,train,central,True,True,1.0027272090082988,3761,2.0549418926239014,-0.027406733048948695,-0.02744987873557836,0.42275722683099837,0.2254601908632918,The solver successfully reached the end of the integration interval.
train-0147,train,147,0.0009321303553607162,0.005324974684321406,0.0045692930719536656,11876,train,central,True,True,1.3213022080017254,4781,1.9092482328414917,-0.01712523386581921,-0.017082048754677004,0.4738166311178113,0.2270355290597,The solver successfully reached the end of the integration interval.
train-0148,train,148,0.0011635544962478803,0.0044724828762682444,0.0055424647809690876,11877,train,central,True,True,1.22930795798311,4061,1.722060203552246,-0.021832225538460648,-0.021749197986096647,0.39093609799012274,0.21629455194496391,The solver successfully reached the end of the integration interval.
train-0149,train,149,0.0009632691990840008,0.004025766934729979,0.0042455155489009855,11878,train,central,True,True,1.1622834159934428,3761,1.8968487977981567,-0.007680668008838154,-0.007733382161546842,0.4078629740414648,0.2254467435737367,The solver successfully reached the end of the integration interval.
train-0150,train,150,0.000977287000471718,0.004310376611546057,0.005389216335219929,11879,train,central,True,True,1.0786189170030411,4001,2.0373427867889404,-0.02326280005756587,-0.023164362591869825,0.4209943373178663,0.2223493184731874,The solver successfully reached the end of the integration interval.
train-0151,train,151,0.001088037233849016,0.004986516619491157,0.005991643739205774,11880,train,central,True,True,1.3335188749770168,4445,2.1073849201202393,-0.042001720283677324,-0.042040286131420856,0.42630118608945106,0.22950855681185683,The solver successfully reached the end of the integration interval.
train-0152,train,152,0.0008893253178876912,0.005682637549098631,0.005953957428205224,11881,train,central,True,True,1.4711002499971073,4985,1.8779805898666382,-0.024180577057705932,-0.02414692784919259,0.4966467308205042,0.23226342177550807,The solver successfully reached the end of the integration interval.
train-0153,train,153,0.0011883356951988971,0.00598907149530022,0.0044348549384942,11882,train,central,True,True,1.5216183340235148,5201,2.0807301998138428,-0.014091023396517244,-0.014095305717733542,0.44885090560422475,0.2223950188074172,The solver successfully reached the end of the integration interval.
train-0154,train,154,0.0009367078179724066,0.005026156629941148,0.004777933823419246,11883,train,central,True,True,1.3389680000254884,4469,2.094691276550293,-0.006977921115776553,-0.006978061354111276,0.4605561080233531,0.22523110775657706,The solver successfully reached the end of the integration interval.
train-0155,train,155,0.0009395513282328925,0.004646666445590171,0.0042172384132305556,11884,train,central,True,True,1.1588701659929939,4253,2.1520252227783203,-0.017303250692865646,-0.01730514098823832,0.4469620511309578,0.22784050311486032,The solver successfully reached the end of the integration interval.
train-0156,train,156,0.0011659032642107648,0.0054176385515453075,0.00566937708054973,11885,train,central,True,True,1.3497884579992387,4793,2.580634117126465,-0.025609007447702226,-0.02571688909918768,0.43493314251340853,0.21775906108662668,The solver successfully reached the end of the integration interval.
train-0157,train,157,0.0010775629302865086,0.005965293978251157,0.004713313203897207,11886,train,central,True,True,1.5059658339887392,5213,2.1416680812835693,-0.021389482816630334,-0.021397054906763913,0.46875429873699853,0.22193491381058378,The solver successfully reached the end of the integration interval.
train-0158,train,158,0.0008457446007985659,0.004979079937006934,0.004995084674818729,11887,train,central,True,True,1.3458598750003148,4505,2.212613105773926,-0.01435382387477091,-0.01436808885582952,0.4782644740778633,0.23095818831300402,The solver successfully reached the end of the integration interval.
train-0159,train,159,0.0010003626447166786,0.00459520906927798,0.005369993772971485,11888,train,central,True,True,1.1849560839764308,4169,1.6365940570831299,-0.019902935540699218,-0.01992469574385325,0.4282155813023948,0.2249271061440665,The solver successfully reached the end of the integration interval.
train-0160,train,160,0.0009897442057468526,0.005568977085087042,0.004007707046422292,11889,train,central,True,True,1.4272720839944668,4925,2.1344645023345947,-0.012020990625032368,-0.01202826037771132,0.47033235809528423,0.22984135708455553,The solver successfully reached the end of the integration interval.
train-0161,train,161,0.001129656685610866,0.005237661348983021,0.005486886109294516,11890,train,central,True,True,1.3641665409959387,4637,1.8710390329360962,-0.014929159262358382,-0.01495110257972243,0.4283978499363578,0.2156359825717496,The solver successfully reached the end of the integration interval.
train-0162,train,162,0.000933999959682045,0.004487871865777838,0.004916143444607816,11891,train,central,True,True,1.2298344160080887,4097,2.104327440261841,-0.02028869202550254,-0.020302506780403462,0.43958806870250194,0.22532393582386961,The solver successfully reached the end of the integration interval.
train-0163,train,163,0.0008814964021123645,0.005930044366052056,0.004611413251086469,11892,train,central,True,True,1.4194877910194919,5189,2.2901628017425537,-0.01149869470351561,-0.011498758870981618,0.5046880216970694,0.22458143447764983,The solver successfully reached the end of the integration interval.
train-0164,train,164,0.001025166768994213,0.0041069385074485685,0.005662285989988045,11893,train,central,True,True,1.1286095409886912,3821,2.349073886871338,-0.028013803883553123,-0.02822819594892856,0.40079182035169064,0.22318692588154976,The solver successfully reached the end of the integration interval.
train-0165,train,165,0.000972769564203026,0.005830184709928001,0.0048027715901465705,11894,train,central,True,True,1.4732417920022272,5105,2.211676836013794,-0.01769623718901059,-0.017727786065353968,0.4820600156048746,0.22683708955784934,The solver successfully reached the end of the integration interval.
train-0166,train,166,0.000865412517991558,0.004994948307823438,0.005061148206316151,11895,train,central,True,True,1.3521146249840967,4493,1.8117560148239136,-0.021260638012698507,-0.021543351718522175,0.4768821233382214,0.22280045230505163,The solver successfully reached the end of the integration interval.
train-0167,train,167,0.0010193867113293738,0.004153324531047438,0.004402293868088452,11896,train,central,True,True,1.0911897500045598,3845,2.077570676803589,-0.020332388070183782,-0.020434809221772987,0.40193029363184446,0.22774058458944393,The solver successfully reached the end of the integration interval.
train-0168,train,168,0.0011148830465737773,0.0052958810012244915,0.005210862012381081,11897,train,central,True,True,1.3549677499977406,4697,2.102776527404785,-0.02279761351815779,-0.02264458352701304,0.4338429482341077,0.22405680169385114,The solver successfully reached the end of the integration interval.
train-0169,train,169,0.0008039807587402343,0.005475878317930685,0.004311351660360426,11898,train,central,True,True,1.4245359160122462,4829,1.8360449075698853,-0.01096529416518166,-0.01097687727663299,0.5071236792878511,0.21941369415104292,The solver successfully reached the end of the integration interval.
train-0170,train,170,0.0008338520769855079,0.0048310394146045925,0.004476219063906059,11899,train,central,True,True,1.2989948339818511,4337,1.5930801630020142,-0.015246009184179066,-0.015326766801560865,0.4724021212974523,0.22921258942930645,The solver successfully reached the end of the integration interval.
train-0171,train,171,0.0008640200934355017,0.004690323626961167,0.005737768766585545,11900,train,central,True,True,1.265933499991661,4253,1.8140374422073364,-0.022496055583737018,-0.022596543652285028,0.46326731185865355,0.22866955833673774,The solver successfully reached the end of the integration interval.
train-0172,train,172,0.0009464740070486912,0.004272020885481305,0.004056109131694066,11901,train,central,True,True,1.1615048340172507,3917,2.2122035026550293,-0.02024165116095844,-0.020291641643821023,0.4264215225209996,0.22383812087188168,The solver successfully reached the end of the integration interval.
train-0173,train,173,0.0010082416686604092,0.005044048916037263,0.004209318119887268,11902,train,central,True,True,1.4538587080023717,4517,2.5300168991088867,-0.013422014001111648,-0.013587325651606363,0.44939055125090044,0.22115639574476337,The solver successfully reached the end of the integration interval.
train-0174,train,174,0.0009403543243389558,0.005818045573086071,0.004690861169564243,11903,train,central,True,True,1.5978369580116123,5081,1.9680002927780151,-0.01676428343833436,-0.01678261310520668,0.4882160918308504,0.2264361304098445,The solver successfully reached the end of the integration interval.
train-0175,train,175,0.001108234809153741,0.0046816109405988455,0.00417689613195967,11904,train,central,True,True,1.3080930830037687,4229,1.7683980464935303,-0.019471411989869125,-0.01968520977033872,0.4121159913967887,0.2227820288906297,The solver successfully reached the end of the integration interval.
train-0176,train,176,0.0008486850651837996,0.0041311831413053095,0.004706344515117824,11905,train,central,True,True,1.096175459009828,3821,2.0803756713867188,-0.008771802778653637,-0.008775673662669625,0.4420199404171852,0.22206289158114595,The solver successfully reached the end of the integration interval.
train-0177,train,177,0.0008298199844226208,0.004901574659904984,0.004825881624097392,11906,train,central,True,True,1.2576493340020534,4445,1.6597241163253784,-0.01774086986843315,-0.017811383976740203,0.47996832861306266,0.2274899341648169,The solver successfully reached the end of the integration interval.
train-0178,train,178,0.0010895837190137815,0.004042663785917719,0.005663380666695573,11907,train,central,True,True,1.0911694160022307,3761,1.601190209388733,-0.027994002284689457,-0.02804653969622173,0.3875439104475284,0.22224225253967075,The solver successfully reached the end of the integration interval.
train-0179,train,179,0.0011842743318820044,0.004653291817295416,0.00546577589781881,11908,train,central,True,True,1.1594103329989593,4205,2.199491262435913,-0.029510999284326545,-0.02954266894734303,0.3967807158744647,0.2214441436407987,The solver successfully reached the end of the integration interval.
train-0180,train,180,0.0010394499505188043,0.004251158039488081,0.005178005144906836,11909,train,central,True,True,1.054433000012068,3893,1.965289831161499,-0.014056534879605564,-0.014077682633409694,0.4014425565260466,0.22389524157236873,The solver successfully reached the end of the integration interval.
train-0181,train,181,0.0008620135238639161,0.004262769602251405,0.004128176030909223,11910,train,central,True,True,1.1735035000019707,3953,2.001474142074585,-0.017694073954133804,-0.017717947150710955,0.44313732111336507,0.23546124518539102,The solver successfully reached the end of the integration interval.
train-0182,train,182,0.001132358139425222,0.00505039862765487,0.0054778287710047485,11911,train,central,True,True,1.2848967919999268,4493,2.2052977085113525,-0.021037621505083592,-0.021029346829010365,0.4223323509910894,0.22321399204543832,The solver successfully reached the end of the integration interval.
train-0183,train,183,0.0008767668346500618,0.004438729583566077,0.004634680406170422,11912,train,central,True,True,1.149694833002286,4037,1.7715709209442139,-0.014349836725322973,-0.014416110082816402,0.4491234697004906,0.23173938582296721,The solver successfully reached the end of the integration interval.
train-0184,train,184,0.0009241772805572849,0.0048588118483338955,0.005096971288898238,11913,train,central,True,True,1.2550840420008171,4373,2.016805410385132,-0.020424853027780188,-0.02038769834207166,0.4526537936582897,0.22473138803784246,The solver successfully reached the end of the integration interval.
train-0185,train,185,0.0008787812705756795,0.005175008498994349,0.0059361590986437025,11914,train,central,True,True,1.3210632500122301,4589,1.6280792951583862,-0.017532059817082946,-0.017577620889472456,0.48023606686462467,0.23151652907433815,The solver successfully reached the end of the integration interval.
train-0186,train,186,0.0010107075436047337,0.005404603309889592,0.0057639656560208325,11915,train,central,True,True,1.3899559999990743,4769,2.352048635482788,-0.012923074909291898,-0.012973334986405405,0.4627637449206594,0.22051967445132462,The solver successfully reached the end of the integration interval.
train-0187,train,187,0.0008982351916866707,0.005183427840560615,0.0044105668040315205,11916,train,central,True,True,1.3367065830098,4601,2.013552665710449,-0.015092078712070744,-0.015042544909064759,0.4777769789248824,0.23531702305565175,The solver successfully reached the end of the integration interval.
train-0188,train,188,0.0010279097927428705,0.005705124731892308,0.004132168288940831,11917,train,central,True,True,1.4580452909867745,5021,2.023005247116089,-0.016139206761160096,-0.01622368199782187,0.4645396363363205,0.22214709690221832,The solver successfully reached the end of the integration interval.
train-0189,train,189,0.001071723176690805,0.005726401121024566,0.005245142919615897,11918,train,central,True,True,1.438122833991656,4985,2.107605457305908,-0.018701984555882234,-0.018720419882773953,0.46220919537587335,0.2219707472543377,The solver successfully reached the end of the integration interval.
train-0190,train,190,0.001065604147416529,0.004341688269311234,0.005558585482916174,11919,train,central,True,True,1.1911097079864703,3965,1.7538045644760132,-0.02309328264429933,-0.023111848112913336,0.40398279731173836,0.22194694711551882,The solver successfully reached the end of the integration interval.
train-0191,train,191,0.0008317223109503269,0.004961819806069518,0.004699589381074591,11920,train,central,True,True,1.3176751249993686,4457,2.8402585983276367,-0.016569881995733837,-0.016545895021726764,0.4807166922308456,0.22790740919972066,The solver successfully reached the end of the integration interval.
train-0192,train,192,0.0008872750644626264,0.004708442120492742,0.005188161723327929,11921,train,central,True,True,1.2556240840058308,4289,1.7620786428451538,-0.01635445592685869,-0.0163851148141525,0.4575928747649719,0.2347862653140543,The solver successfully reached the end of the integration interval.
train-0193,train,193,0.0010470100099379753,0.004463621349007982,0.004467523844625069,11922,train,central,True,True,1.1964378340053372,4061,2.491567373275757,-0.017602480058538816,-0.01762768293359329,0.4128262130069254,0.23215311925685428,The solver successfully reached the end of the integration interval.
train-0194,train,194,0.0008300520928779408,0.005883263331914399,0.0055068586631984336,11923,train,central,True,True,1.5049801249988377,5153,2.2051682472229004,-0.020979448155909353,-0.020985420861670434,0.5115259917333487,0.23032935796073378,The solver successfully reached the end of the integration interval.
train-0195,train,195,0.001102624375722992,0.004796750915419128,0.004583109875430624,11924,train,central,True,True,1.311879124987172,4337,2.30828595161438,-0.016924087824328193,-0.01727511014756189,0.4212505821593488,0.22188851071350402,The solver successfully reached the end of the integration interval.
train-0196,train,196,0.001151316540233403,0.005092843885436758,0.0056498894473760615,11925,train,central,True,True,1.3041669170197565,4529,3.1185197830200195,-0.019269606565138986,-0.01942508540146104,0.42623233362037855,0.22649826359856265,The solver successfully reached the end of the integration interval.
train-0197,train,197,0.0010987841185992181,0.005142186338390977,0.004394842649519847,11926,train,central,True,True,1.3504161659802776,4613,1.8717889785766602,-0.011175927466991809,-0.011243448790459132,0.43759291648253623,0.22490050307235104,The solver successfully reached the end of the integration interval.
train-0198,train,198,0.0009680659861988624,0.005762848179412496,0.005632231186959013,11927,train,central,True,True,1.5550144159933552,5045,1.855164885520935,-0.01627581167883818,-0.01631060765208847,0.47890737336983313,0.23528773827852065,The solver successfully reached the end of the integration interval.
train-0199,train,199,0.0009257517899650297,0.005841358169935871,0.004387961059940735,11928,train,central,True,True,1.5637790829932783,5093,1.8822027444839478,-0.020215535790704564,-0.020340840700118434,0.4903931055252464,0.2326141432682629,The solver successfully reached the end of the integration interval.
train-0200,train,200,0.0008749855590799846,0.005339458597021322,0.0044206006018730065,11929,train,central,True,True,1.4010253339947667,4733,1.8592969179153442,-0.01816031485226688,-0.018000572979644858,0.48713722756939337,0.22597184171790136,The solver successfully reached the end of the integration interval.
train-0201,train,201,0.0010025000775145364,0.004135236343548284,0.00593885890643195,11930,train,central,True,True,1.0741159169992898,3905,2.1232943534851074,-0.028574998959944864,-0.028410512886877015,0.40625558540539713,0.22179244354587932,The solver successfully reached the end of the integration interval.
train-0202,train,202,0.0008494089395217287,0.004788037489576338,0.004959600007029258,11931,train,central,True,True,1.2416015000198968,4325,1.9793705940246582,-0.01961156464632552,-0.019581500427039877,0.47338998161869134,0.22488428214709208,The solver successfully reached the end of the integration interval.
train-0203,train,203,0.0010674375203407966,0.0042881226072288055,0.004649293092556751,11932,train,central,True,True,1.2001470420218538,3989,1.9579927921295166,-0.02282921728006526,-0.022732100600718397,0.40504785577580815,0.22546438739734811,The solver successfully reached the end of the integration interval.
train-0204,train,204,0.0009998157898800778,0.004319394678676718,0.005172323280592611,11933,train,central,True,True,1.1794316250015981,3977,2.1763813495635986,-0.018665363637534682,-0.018684260199577807,0.4186500865212295,0.2279741804177579,The solver successfully reached the end of the integration interval.
train-0205,train,205,0.001085839272234188,0.004835701891846891,0.004981576667184795,11934,train,central,True,True,1.2051962919940706,4325,1.7611912488937378,-0.018647107492601123,-0.01858568917333514,0.4228985574793126,0.2252843707987404,The solver successfully reached the end of the integration interval.
train-0206,train,206,0.0009232798066570958,0.005855105277462992,0.005243705981378996,11935,train,central,True,True,1.5683822080027312,5105,1.861734390258789,-0.02119351691715643,-0.021230466007925664,0.4961305158933604,0.22675822037082222,The solver successfully reached the end of the integration interval.
train-0207,train,207,0.0008179897687346639,0.00585797104271371,0.004743905303805414,11936,train,central,True,True,1.5697923330008052,5117,2.3443145751953125,-0.01747003231582056,-0.01737528759037943,0.5129087372515357,0.22886675989936736,The solver successfully reached the end of the integration interval.
train-0208,train,208,0.0009147571703644739,0.005128724188967395,0.004121197562857271,11937,train,central,True,True,1.4423608749930281,4577,2.059032917022705,-0.015212880691378494,-0.015193497226675401,0.4703814149167048,0.23120903020601882,The solver successfully reached the end of the integration interval.
train-0209,train,209,0.0011971632353729863,0.005433640786605076,0.0050062982619015015,11938,train,central,True,True,1.336862750002183,4781,2.2394471168518066,-0.022283558916690538,-0.022314586806853498,0.4271791430088164,0.21899067749834467,The solver successfully reached the end of the integration interval.
train-0210,train,210,0.0010808367520807477,0.0053110611991259654,0.004456102643744767,11939,train,central,True,True,1.3403802500106394,4709,1.9367982149124146,-0.023036075699211622,-0.02306550603328361,0.4429550554851009,0.2256843061288528,The solver successfully reached the end of the integration interval.
train-0211,train,211,0.0010212782911169632,0.004185334262458325,0.005532096414785549,11940,train,central,True,True,1.2161492909945082,3893,2.112301826477051,-0.030752636607360273,-0.03073196185561855,0.40287117710927506,0.22471644911391872,The solver successfully reached the end of the integration interval.
train-0212,train,212,0.0011251429351689306,0.005878429546178355,0.0047545864058229515,11941,train,central,True,True,1.4778906670107972,5153,2.732344388961792,-0.013429825886191793,-0.013526869658569751,0.4557488068705108,0.22694405588988897,The solver successfully reached the end of the integration interval.
train-0213,train,213,0.0008021627318898067,0.004116655836018576,0.00475766347203482,11942,train,central,True,True,1.13249249997898,3869,2.220198631286621,-0.016985747714020505,-0.017059434683680763,0.4498653851570184,0.2312066026389015,The solver successfully reached the end of the integration interval.
train-0214,train,214,0.0011505340443698124,0.004206474220629936,0.005054122896652828,11943,train,central,True,True,1.0847167919855565,3893,2.336911201477051,-0.021588600340400887,-0.02146032653808483,0.3829745838751762,0.2213122866853123,The solver successfully reached the end of the integration interval.
train-0215,train,215,0.0009486420912064764,0.005042194912769927,0.005630984079704124,11944,train,central,True,True,1.256303249974735,4529,1.9486639499664307,-0.021048984358380096,-0.021094900016517926,0.4585062351175795,0.2321542918043494,The solver successfully reached the end of the integration interval.
train-0216,train,216,0.001180323917225964,0.004046369541138581,0.005218781202318888,11945,train,central,True,True,1.1283870420011226,3749,2.2736451625823975,-0.031861476840362,-0.0319082034979683,0.3681196912814203,0.21435441133144426,The solver successfully reached the end of the integration interval.
train-0217,train,217,0.0011019072637354957,0.005552816837014175,0.004087488145632608,11946,train,central,True,True,1.4227608750225045,4889,2.416196823120117,-0.015559326818813446,-0.015544393751920182,0.4496556409195299,0.22607318134300788,The solver successfully reached the end of the integration interval.
train-0218,train,218,0.001003881624322465,0.004500794414759196,0.005032983420195743,11947,train,central,True,True,1.2131851250014734,4181,2.2479748725891113,-0.02414021589434867,-0.024155042126808635,0.42716323687188107,0.22154449398067508,The solver successfully reached the end of the integration interval.
train-0219,train,219,0.001148493703893356,0.005696607081065093,0.005594755554474969,11948,train,central,True,True,1.4530217909778003,4973,2.400146245956421,-0.026281338170523583,-0.026353491341200908,0.4458350832733644,0.2299640466031093,The solver successfully reached the end of the integration interval.
train-0220,train,220,0.001092705272616424,0.0048233525299761285,0.004000548673357744,11949,train,central,True,True,1.3211957500025164,4385,1.7787638902664185,-0.011622633072192912,-0.011651159908475872,0.42243216829102964,0.22028536562825488,The solver successfully reached the end of the integration interval.
train-0221,train,221,0.0011181855734048076,0.004891854266013004,0.004544965698646641,11950,train,central,True,True,1.2475814579811413,4385,2.158620595932007,-0.018685578430922334,-0.018736410391888114,0.41853552386404225,0.21924909049021093,The solver successfully reached the end of the integration interval.
train-0222,train,222,0.001166370333469707,0.005651542528790975,0.004017294702245499,11951,train,central,True,True,1.4105120000021998,4961,2.5692224502563477,-0.012982952473862497,-0.012995109434790209,0.4381880923795739,0.21995997509033674,The solver successfully reached the end of the integration interval.
train-0223,train,223,0.0008940319323717804,0.004633441943100047,0.005879906207728841,11952,train,central,True,True,1.2591952920192853,4217,1.79836106300354,-0.017164542194166188,-0.017272590349872274,0.4535401797203513,0.22977256810850347,The solver successfully reached the end of the integration interval.
train-0224,train,224,0.0008777024257506982,0.0045653193913812165,0.00423685562290273,11953,train,central,True,True,1.2384648750012275,4145,1.8244688510894775,-0.014545307270377172,-0.014489061886532095,0.45145381294384473,0.23466178709122873,The solver successfully reached the end of the integration interval.
train-0225,train,225,0.0008075249712626172,0.005264585666490923,0.004503254529401217,11954,train,central,True,True,1.3150164580147248,4673,1.6878350973129272,-0.009583492904525315,-0.009607044578741508,0.4950963654341418,0.23682438447666213,The solver successfully reached the end of the integration interval.
train-0226,train,226,0.0011062803918457367,0.005330431297702921,0.004166625941951104,11955,train,central,True,True,1.3125897499849088,4709,1.8710740804672241,-0.01564754378108102,-0.015653114897119735,0.43905974114236246,0.2289841102967264,The solver successfully reached the end of the integration interval.
train-0227,train,227,0.0011685572199385736,0.005008615140989603,0.005995921361433253,11956,train,central,True,True,1.3349088329996448,4457,2.143850564956665,-0.020355996857269076,-0.020383420304656674,0.41509505930575546,0.21964407628715008,The solver successfully reached the end of the integration interval.
train-0228,train,228,0.0008933122138530386,0.0056284686527369775,0.005824589253432971,11957,train,central,True,True,1.4389878750080243,4949,2.111668825149536,-0.016769820262986457,-0.016818258270525632,0.49017649046694545,0.2288513907453793,The solver successfully reached the end of the integration interval.
train-0229,train,229,0.000967047546150879,0.00457306171817758,0.005289549824915544,11958,train,central,True,True,1.2209159579942934,4133,1.5744433403015137,-0.024885190863822793,-0.02497634884793065,0.43567257523519637,0.22686053242384713,The solver successfully reached the end of the integration interval.
train-0230,train,230,0.0009010372785284031,0.004930296541864703,0.005136852950970999,11959,train,central,True,True,1.2308504999964498,4421,1.73757803440094,-0.019780745892425955,-0.019889943734429316,0.4645363292257246,0.23651283674363596,The solver successfully reached the end of the integration interval.
train-0231,train,231,0.0009331256179532232,0.004660362411148273,0.005122412487755721,11960,train,central,True,True,1.174695708003128,4217,2.1343424320220947,-0.012651172270711664,-0.012696360414581775,0.44929563712597875,0.23111447199827997,The solver successfully reached the end of the integration interval.
train-0232,train,232,0.0009199548818206419,0.004412330828074321,0.005903816608993361,11961,train,central,True,True,1.1884802080166992,4061,1.665722131729126,-0.0253370771370669,-0.02536501285203485,0.4377920337158151,0.22916064348853,The solver successfully reached the end of the integration interval.
train-0233,train,233,0.0010340850568720766,0.004197387442222287,0.005759974950039099,11962,train,central,True,True,1.1612044170033187,3905,1.8216201066970825,-0.018183354052279554,-0.018215851269267835,0.407668418800426,0.22641133989534912,The solver successfully reached the end of the integration interval.
train-0234,train,234,0.001016345229585494,0.0057798126725262175,0.005719121850539402,11963,train,central,True,True,1.4302420419990085,5069,2.2639122009277344,-0.03030229076077262,-0.030266369303003415,0.4685777011062666,0.22665144449068889,The solver successfully reached the end of the integration interval.
train-0235,train,235,0.0010711425960127044,0.004299478163137764,0.005268806293024438,11964,train,central,True,True,1.1400140839978121,3941,1.8143272399902344,-0.0246003670174737,-0.02468100526645367,0.40135070264040573,0.21735960389806552,The solver successfully reached the end of the integration interval.
train-0236,train,236,0.00112383911103007,0.004551432166428567,0.005251078510574643,11965,train,central,True,True,1.2038353749958333,4145,2.334181308746338,-0.025127070260588136,-0.02517398132367532,0.40453153435991385,0.2269188883496569,The solver successfully reached the end of the integration interval.
train-0237,train,237,0.001079515428591584,0.004426494319336708,0.004239232923395255,11966,train,central,True,True,1.1769435000023805,4073,1.7693016529083252,-0.025109491706459153,-0.025119097810017976,0.40386898159183576,0.21870896971634474,The solver successfully reached the end of the integration interval.
train-0238,train,238,0.0011554038626203356,0.00557796231736162,0.00456475446703641,11967,train,central,True,True,1.399693457991816,4913,2.6830544471740723,-0.01650211333404883,-0.01667962187123706,0.44072655628952045,0.22790426276312653,The solver successfully reached the end of the integration interval.
train-0239,train,239,0.0011379163575544339,0.005741222330308095,0.005065661200942368,11968,train,central,True,True,1.4286493329855148,5021,2.1981565952301025,-0.021798558942606405,-0.021840414669190622,0.4482448172949862,0.2226091044474506,The solver successfully reached the end of the integration interval.
train-0240,train,240,0.0010312710492827607,0.0054470452141449,0.004296344083523303,11969,train,central,True,True,1.40937604100327,4805,2.209568500518799,-0.015437990566269377,-0.01548884534467021,0.45700104917806295,0.22625407255608035,The solver successfully reached the end of the integration interval.
train-0241,train,241,0.0009506759836410805,0.0054514120351699304,0.004385008485000532,11970,train,central,True,True,1.3847360000072513,4721,2.057317018508911,-0.016391780055371896,-0.016405888689135395,0.477377921804936,0.2272655287698743,The solver successfully reached the end of the integration interval.
train-0242,train,242,0.0010942904167374464,0.004375634778216551,0.005104747106228558,11971,train,central,True,True,1.1192138750047889,3989,2.074536085128784,-0.020301900574025922,-0.020172037697662848,0.40163001224503825,0.21000902365924695,The solver successfully reached the end of the integration interval.
train-0243,train,243,0.0011958649040882488,0.005537604440106879,0.005947382237083201,11972,train,central,True,True,1.343179749994306,4865,2.1651620864868164,-0.025916284105454768,-0.025977831630774162,0.43235156886116066,0.22352899905812063,The solver successfully reached the end of the integration interval.
train-0244,train,244,0.0009706450210069961,0.0041563591287737175,0.0045887282806934,11973,train,central,True,True,1.185266458982369,3869,2.579662799835205,-0.014958654229076274,-0.014970098777340013,0.4161659044885609,0.22264634740012348,The solver successfully reached the end of the integration interval.
train-0245,train,245,0.0009981373543142913,0.005788874690044129,0.0056148403868613115,11974,train,central,True,True,1.453482333017746,5105,2.176323652267456,-0.02001798971626556,-0.019980064257954844,0.47470884522502044,0.2242965766143287,The solver successfully reached the end of the integration interval.
train-0246,train,246,0.0008415865910604784,0.005364496314193399,0.005884156258947925,11975,train,central,True,True,1.360581540997373,4769,2.3257391452789307,-0.01868986041191789,-0.0188976599435442,0.49808660166370267,0.22102440118667144,The solver successfully reached the end of the integration interval.
train-0247,train,247,0.0009601368965178309,0.005924085678214795,0.00554538784165495,11976,train,central,True,True,1.4734473749995232,5201,2.6135451793670654,-0.023502064672030087,-0.02337114844077348,0.4875550075803307,0.22235962499649053,The solver successfully reached the end of the integration interval.
train-0248,train,248,0.0009875334582080857,0.004887036278509494,0.004221128149812549,11977,train,central,True,True,1.313596875028452,4361,1.8043653964996338,-0.02230971053150199,-0.022527938116554402,0.44209326062874427,0.22662642824768076,The solver successfully reached the end of the integration interval.
train-0249,train,249,0.000858023342737972,0.004033572375333493,0.005110929894612118,11978,train,central,True,True,1.140974499983713,3761,1.690833568572998,-0.01467222319213235,-0.014667489182861315,0.43162896588700095,0.23458202830237523,The solver successfully reached the end of the integration interval.
train-0250,train,250,0.0008234665776344859,0.004223435485661015,0.005582408411544847,11979,train,central,True,True,1.1061302080051973,3965,2.010411500930786,-0.02390961324069707,-0.023898300830030195,0.45378661181113555,0.22981842018836032,The solver successfully reached the end of the integration interval.
train-0251,train,251,0.001047766477189144,0.004516755867097446,0.005677636755618704,11980,train,central,True,True,1.2104014170181472,4121,2.092545747756958,-0.018730078858851584,-0.018764938071606174,0.41632633946032116,0.22549350785551417,The solver successfully reached the end of the integration interval.
train-0252,train,252,0.0008334717413902529,0.004640058681339718,0.0043516905479472085,11981,train,central,True,True,1.254969041008735,4205,1.907899022102356,-0.013554372618802546,-0.013493912197006352,0.46838663898432864,0.23081155488958724,The solver successfully reached the end of the integration interval.
train-0253,train,253,0.0010637401588881386,0.005146015535747858,0.004269246893044832,11982,train,central,True,True,1.3212317910220008,4589,2.091719150543213,-0.01794039196626329,-0.017929641579728095,0.4407321778121117,0.23168100972623523,The solver successfully reached the end of the integration interval.
train-0254,train,254,0.0011768271677769396,0.005443014322326951,0.005913019109055426,11983,train,central,True,True,1.3955092079995666,4793,2.179995536804199,-0.02196148060725278,-0.022075281810254754,0.43106421342679657,0.22694005479339405,The solver successfully reached the end of the integration interval.
train-0255,train,255,0.000903009404673123,0.004992623238226832,0.004902521611736894,11984,train,central,True,True,1.2824388750013895,4457,2.0680887699127197,-0.02055561133634498,-0.02058577800558581,0.4681883648844044,0.22251141514555897,The solver successfully reached the end of the integration interval.
train-0256,train,256,0.000844316437072034,0.004002125752390776,0.00531369935785919,11985,train,central,True,True,1.1399915830115788,3773,1.9856350421905518,-0.02682060910323969,-0.02701044883021808,0.436140637067643,0.23211453410131017,The solver successfully reached the end of the integration interval.
train-0257,train,257,0.0009161619684922214,0.0056379300388358,0.00462563195091839,11986,train,central,True,True,1.3988229160022456,4961,1.9041550159454346,-0.010321423112278794,-0.010350448961282677,0.488336525883357,0.23129141034186285,The solver successfully reached the end of the integration interval.
train-0258,train,258,0.001075308705153466,0.0044040397161683184,0.004683418979082842,11987,train,central,True,True,1.1330581670044921,4085,2.2310216426849365,-0.021432587798159375,-0.021439042033972955,0.4026322298444506,0.22884909234863293,The solver successfully reached the end of the integration interval.
train-0259,train,259,0.0008556059203229285,0.005717543404492017,0.00584399984727308,11988,train,central,True,True,1.4528559589816723,5009,1.9906466007232666,-0.026925106708787894,-0.027049970043158567,0.500293364406434,0.2261592825036521,The solver successfully reached the end of the integration interval.
train-0260,train,260,0.0011371332647902852,0.004306154601342479,0.00555468682666429,11989,train,central,True,True,1.1745883339899592,3941,1.7371418476104736,-0.03348296131019879,-0.0335223695189697,0.38819680131840434,0.22217788416221104,The solver successfully reached the end of the integration interval.
train-0261,train,261,0.0011992919129326582,0.005013342968252326,0.00523156542805538,11990,train,central,True,True,1.3046557919878978,4529,2.510627508163452,-0.02882030525601209,-0.028866213135389174,0.40693854770144317,0.21819100004482947,The solver successfully reached the end of the integration interval.
train-0262,train,262,0.0008838175744318713,0.0044784289549900025,0.004806262995308977,11991,train,central,True,True,1.1914072090003174,4097,2.2512571811676025,-0.021297975097223087,-0.021298174283538307,0.4479437015305189,0.22855536716055463,The solver successfully reached the end of the integration interval.
train-0263,train,263,0.0010553230977713764,0.005734713152533453,0.005497968805363286,11992,train,central,True,True,1.4890937079908326,5009,2.163090705871582,-0.026239533075319343,-0.02599120590087426,0.46179006779573273,0.23018291511290095,The solver successfully reached the end of the integration interval.
train-0264,train,264,0.0010325647156635123,0.0049185224507054,0.004933486786264237,11993,train,central,True,True,1.322071708011208,4421,1.780863642692566,-0.021123631030199874,-0.021109722840506606,0.43878542887699334,0.22619469954344462,The solver successfully reached the end of the integration interval.
train-0265,train,265,0.000899357815539821,0.004484212290330175,0.004495111534627133,11994,train,central,True,True,1.1858166249876376,4085,2.03486704826355,-0.010730980107622391,-0.010761484340104488,0.44315142398702057,0.23341441222260145,The solver successfully reached the end of the integration interval.
train-0266,train,266,0.0011545170641531102,0.005260872995242118,0.00448819110486599,11995,train,central,True,True,1.312003792001633,4661,1.8179423809051514,-0.0165728276109931,-0.01652380244653784,0.4258504930652364,0.21921031919582828,The solver successfully reached the end of the integration interval.
train-0267,train,267,0.0010739493021964643,0.0057065737091162565,0.0055650408088537065,11996,train,central,True,True,1.463706207985524,4985,1.8511688709259033,-0.017093890317037008,-0.017124652185319,0.4600975110931626,0.22655432143183263,The solver successfully reached the end of the integration interval.
train-0268,train,268,0.001040191578199933,0.005820096368017923,0.004253778459166262,11997,train,central,True,True,1.4684749169973657,5081,2.433513879776001,-0.01324760104154521,-0.012945939773923776,0.4706021944451401,0.2233709640129721,The solver successfully reached the end of the integration interval.
train-0269,train,269,0.0010950344976042603,0.004738188099572505,0.005640350961566969,11998,train,central,True,True,1.3316568329755682,4301,2.5472934246063232,-0.02561882680887706,-0.025713292149351474,0.41811746574504594,0.223550954395521,The solver successfully reached the end of the integration interval.
train-0270,train,270,0.0009096974005208929,0.005587654331078173,0.005084464843227688,11999,train,central,True,True,1.3412795000185724,4913,2.087674140930176,-0.009746654204210614,-0.009580943777571349,0.4840615229534859,0.23107355503833749,The solver successfully reached the end of the integration interval.
train-0271,train,271,0.000975707931173735,0.0040580616900812464,0.005438143658573896,12000,train,central,True,True,1.1647324160148855,3821,1.5678067207336426,-0.031697896587132846,-0.031691208344931,0.4063361057801967,0.22855607168947922,The solver successfully reached the end of the integration interval.
train-0272,train,272,0.0008547215429392774,0.004730675626452844,0.005965862917018073,12001,train,central,True,True,1.2633009170240257,4265,1.7869526147842407,-0.025045395409222238,-0.02499706860307782,0.46594232299233285,0.2342922284814655,The solver successfully reached the end of the integration interval.
train-0273,train,273,0.0011722674919053791,0.005632006852663707,0.005380659129670069,12002,train,central,True,True,1.43241991699324,4913,1.7481694221496582,-0.023957377122485468,-0.024075418740370225,0.43592750440564165,0.2286340952660038,The solver successfully reached the end of the integration interval.
train-0274,train,274,0.0010353996705209701,0.005985747859325192,0.00488031745558716,12003,train,central,True,True,1.5101476249983534,5201,2.0016534328460693,-0.008565139449018488,-0.008292965504889338,0.47402061520015254,0.2300860208395341,The solver successfully reached the end of the integration interval.
train-0275,train,275,0.0011349046002922553,0.004259221097102429,0.004457128531115391,12004,train,central,True,True,1.1245365829963703,3905,1.8566170930862427,-0.01915238691542065,-0.019027403362612993,0.3865451209578298,0.21597171305601573,The solver successfully reached the end of the integration interval.
train-0276,train,276,0.0011690960608435228,0.005393669348038506,0.0041416903034710096,12005,train,central,True,True,1.3784659579978324,4769,1.5522980690002441,-0.012466821966242492,-0.012334691239395568,0.43123289013890465,0.22974098149796954,The solver successfully reached the end of the integration interval.
train-0277,train,277,0.0009589106553574458,0.004971235201102777,0.004370738719173714,12006,train,central,True,True,1.2744061250123195,4445,2.1838932037353516,-0.022810994754028258,-0.022818556420793,0.45488939137003376,0.23510796246449406,The solver successfully reached the end of the integration interval.
train-0278,train,278,0.0011752678941983855,0.005293469681745952,0.005688420264523469,12007,train,central,True,True,1.3509820000035688,4697,2.5596730709075928,-0.026801423735207663,-0.026834886545856307,0.4260833534291526,0.22858132563078812,The solver successfully reached the end of the integration interval.
train-0279,train,279,0.001023117726356534,0.005285657518791104,0.005183173606918031,12008,train,central,True,True,1.3408761250029784,4685,1.6709136962890625,-0.011802557823447302,-0.01187049212497171,0.4532103554062455,0.2233080266881692,The solver successfully reached the end of the integration interval.
train-0280,train,280,0.0011038698896409568,0.005934012294072172,0.005488604906559113,12009,train,central,True,True,1.4977024580002762,5165,2.2300758361816406,-0.009287845246028326,-0.00930968318950498,0.4611719474629548,0.22907248248049386,The solver successfully reached the end of the integration interval.
train-0281,train,281,0.001162065090967303,0.0057948299152562055,0.0046653121820055335,12010,train,central,True,True,1.4684966659988277,5069,1.7280018329620361,-0.01924630884765932,-0.019312576696165706,0.44849792665355664,0.2244750968115346,The solver successfully reached the end of the integration interval.
train-0282,train,282,0.0008009023582703791,0.0048462283313236276,0.004077535595142769,12011,train,central,True,True,1.2349257910100278,4337,1.8642481565475464,-0.016030132706788436,-0.01598987174373434,0.4802237104070575,0.2331457096358212,The solver successfully reached the end of the integration interval.
train-0283,train,283,0.0010302194946908674,0.004964362996629698,0.005042214936950659,12012,train,central,True,True,1.2777757500007283,4445,2.232875347137451,-0.013972421351283515,-0.013955925731689689,0.4397331557886442,0.22717221952288372,The solver successfully reached the end of the integration interval.
train-0284,train,284,0.0011457451051186999,0.00424825790170352,0.004148106773253648,12013,train,central,True,True,1.1283660409972072,3893,2.3113350868225098,-0.017976348565564848,-0.01806037244556613,0.3845502251407579,0.21767302358823223,The solver successfully reached the end of the integration interval.
train-0285,train,285,0.0009789745066592082,0.004909461049779971,0.004020110370311024,12014,train,central,True,True,1.2803932919923682,4433,1.9971520900726318,-0.011646823169112253,-0.011688192057468072,0.44784064649989686,0.22660907932615082,The solver successfully reached the end of the integration interval.
train-0286,train,286,0.0008026561658043541,0.005950964258952159,0.005204820545824223,12015,train,central,True,True,1.4897867499967106,5177,2.605095386505127,-0.010187259593166686,-0.010198308908532627,0.5265710433440713,0.22613907650153542,The solver successfully reached the end of the integration interval.
train-0287,train,287,0.0008922179690737481,0.005111196814367269,0.005142658760096243,12016,train,central,True,True,1.3280327919928823,4553,1.7500782012939453,-0.019582294858321525,-0.01968775578908577,0.4740064277574194,0.22908167466559218,The solver successfully reached the end of the integration interval.
train-0288,train,288,0.000824585330079381,0.004668423996438796,0.004041569949509447,12017,train,central,True,True,1.167675540986238,4241,1.7817261219024658,-0.01633235988064996,-0.016328370292878702,0.4697396775279291,0.2286137893300827,The solver successfully reached the end of the integration interval.
train-0289,train,289,0.0009513765816221639,0.0056590115821165445,0.00526714370598377,12018,train,central,True,True,1.38808591599809,4949,1.7675002813339233,-0.01348409971845399,-0.013517809848313078,0.48021155194880466,0.2265222149191902,The solver successfully reached the end of the integration interval.
train-0290,train,290,0.0011910655698783358,0.005344222007582963,0.00544617802959553,12019,train,central,True,True,1.4468401669873856,4721,1.9513376951217651,-0.008026144769321952,-0.008074685953335603,0.42129210740949774,0.22291633122615068,The solver successfully reached the end of the integration interval.
train-0291,train,291,0.0008728392204105638,0.005195746685687518,0.005416013348012057,12020,train,central,True,True,1.4262290000042412,4613,2.389117479324341,-0.014288508365893904,-0.014457710707809213,0.4785614350086623,0.23621670625429247,The solver successfully reached the end of the integration interval.
train-0292,train,292,0.0011104961360142178,0.004140153774864669,0.004330798498184693,12021,train,central,True,True,1.221295416005887,3833,2.131985902786255,-0.022392724109578488,-0.022407644550879624,0.3846212771039776,0.226061483652255,The solver successfully reached the end of the integration interval.
train-0293,train,293,0.0011918270961639597,0.004693819449124198,0.004069781526442543,12022,train,central,True,True,1.08030741600669,4217,2.5892491340637207,-0.02710524250780111,-0.027085789227610846,0.3982148348712817,0.2201108803292009,The solver successfully reached the end of the integration interval.
train-0294,train,294,0.0011799467718861438,0.004237044731601456,0.005651196982993406,12023,train,central,True,True,1.196510916983243,3905,2.2225730419158936,-0.03386230122773526,-0.03390484832085505,0.3784771560582305,0.2158120449138429,The solver successfully reached the end of the integration interval.
train-0295,train,295,0.0010821424149910826,0.0056808171562606515,0.005074799441926294,12024,train,central,True,True,1.3907659999968018,4997,2.928534507751465,-0.022974435718964514,-0.022893518198246365,0.45265152856597884,0.23000113899538976,The solver successfully reached the end of the integration interval.
train-0296,train,296,0.0008065444998302264,0.004101697887185678,0.00580475332089072,12025,train,central,True,True,1.1947405839746352,3869,2.3130805492401123,-0.027137148535736344,-0.027151516686259924,0.4500181988828386,0.23158899658705476,The solver successfully reached the end of the integration interval.
train-0297,train,297,0.0010125383834317246,0.0047699822214767405,0.005422568527883438,12026,train,central,True,True,1.182358459016541,4289,2.1396796703338623,-0.020886915462426714,-0.020913203010017423,0.4347113174653995,0.22795022730450096,The solver successfully reached the end of the integration interval.
train-0298,train,298,0.0008281452854868136,0.004675195999367633,0.0047718181715482085,12027,train,central,True,True,1.2495412080024835,4241,1.8205888271331787,-0.01680796015472552,-0.0168816898242361,0.46868601693017375,0.2375180679515759,The solver successfully reached the end of the integration interval.
train-0299,train,299,0.0010175022728784314,0.0049237351748507695,0.005030038341612162,12028,train,central,True,True,1.2907994170091115,4409,2.034240961074829,-0.016994561194364266,-0.016980012431619507,0.4413106773560429,0.22352816080823987,The solver successfully reached the end of the integration interval.
train-0300,train,300,0.0008861762049198149,0.004083848512812692,0.004551021121411421,12029,train,central,True,True,1.1333186250121798,3869,2.447826862335205,-0.012499966017323061,-0.012492840852992515,0.43008972506541004,0.2286665110999385,The solver successfully reached the end of the integration interval.
train-0301,train,301,0.0010983971414424705,0.005488639693249543,0.005404219131802339,12030,train,central,True,True,1.3152646249800455,4829,2.427229642868042,-0.01976621896002939,-0.01977830054329388,0.4479120998060516,0.2297237624758498,The solver successfully reached the end of the integration interval.
train-0302,train,302,0.0011464325989701844,0.005457538202762505,0.005307564764975408,12031,train,central,True,True,1.4033624580188189,4829,1.7281516790390015,-0.012436096586071699,-0.012398891528466294,0.4397371933725458,0.2237837185993943,The solver successfully reached the end of the integration interval.
train-0303,train,303,0.00101523591259892,0.004956047497765207,0.004842874248117086,12032,train,central,True,True,1.3523182080243714,4433,2.0902745723724365,-0.0310357163989039,-0.030737256157558956,0.4409082445718649,0.2235464886248007,The solver successfully reached the end of the integration interval.
train-0304,train,304,0.00093541407002561,0.005605331216999732,0.004911967864213162,12033,train,central,True,True,1.4092037079972215,4937,1.9737365245819092,-0.014160962929349097,-0.014210385012255244,0.4844683389902425,0.2203052459700847,The solver successfully reached the end of the integration interval.
train-0305,train,305,0.0009207340166621865,0.005167788519994776,0.005785483276392653,12034,train,central,True,True,1.260802083008457,4613,2.5356719493865967,-0.02156462597810105,-0.021607823662414205,0.4723952258797413,0.22845705639880437,The solver successfully reached the end of the integration interval.
train-0306,train,306,0.0011283747908553425,0.00537298979879967,0.00525995917587979,12035,train,central,True,True,1.3875782079994678,4733,2.0908331871032715,-0.02075272433505404,-0.020945249505878394,0.4363872704413955,0.21543095722495573,The solver successfully reached the end of the integration interval.
train-0307,train,307,0.0010768523236049537,0.004575557436161289,0.004864317557539041,12036,train,central,True,True,1.2506597909959964,4157,2.3601882457733154,-0.022845356823108176,-0.02281896891828694,0.41109585217189076,0.2250911471377621,The solver successfully reached the end of the integration interval.
train-0308,train,308,0.000869442152806929,0.005971222450038167,0.0046514000005949815,12037,train,central,True,True,1.5147600419877563,5189,1.927423119544983,-0.01530027519625543,-0.015413291891260172,0.5067912206825413,0.23265198146944252,The solver successfully reached the end of the integration interval.
train-0309,train,309,0.0011443325852663055,0.005759585025725181,0.005794044439501665,12038,train,central,True,True,1.4656043750001118,5021,2.099140167236328,-0.029033514579797526,-0.02904407573339185,0.44805490975852336,0.22246250985031107,The solver successfully reached the end of the integration interval.
train-0310,train,310,0.0009746669584986805,0.00445803611063262,0.0044446669319278855,12039,train,central,True,True,1.1663137919967994,4061,2.039262533187866,-0.01796276780523698,-0.018031933293686464,0.4291420918142792,0.22193998459035835,The solver successfully reached the end of the integration interval.
train-0311,train,311,0.0008962453389737468,0.005272578182241706,0.004542179718948259,12040,train,central,True,True,1.3518917080073152,4697,2.1301841735839844,-0.005904558244989033,-0.005929233754436325,0.47953038922230345,0.22957372558244535,The solver successfully reached the end of the integration interval.
train-0312,train,312,0.0008877691955757045,0.005079759140466803,0.004599386564907904,12041,train,central,True,True,1.3244071670051198,4529,1.8603495359420776,-0.01734764486303675,-0.01744424094708208,0.47176732384353603,0.22777530540585697,The solver successfully reached the end of the integration interval.
train-0313,train,313,0.0008135329605503381,0.004671542633719177,0.004160724315849443,12042,train,central,True,True,1.257134917017538,4253,2.1573078632354736,-0.012849839391110507,-0.012870770957277067,0.475159908446662,0.23034482982596183,The solver successfully reached the end of the integration interval.
train-0314,train,314,0.0010052160363604235,0.004017588064442607,0.005985217477309764,12043,train,central,True,True,1.0444006249890663,3821,1.8342827558517456,-0.02800609035306678,-0.027845719786433243,0.3999404253959637,0.22362725622026103,The solver successfully reached the end of the integration interval.
train-0315,train,315,0.0009931471644830606,0.005201485409635653,0.005578601918789732,12044,train,central,True,True,1.3025151249894407,4673,2.303483247756958,-0.014728917453844304,-0.014641874812882705,0.4558759166512276,0.22091287090757167,The solver successfully reached the end of the integration interval.
train-0316,train,316,0.0010012622542386416,0.005904574983926156,0.005130147651092518,12045,train,central,True,True,1.5080276249791496,5153,2.1111063957214355,-0.022313025715817503,-0.02248981371909764,0.4775423422875723,0.22145828804604634,The solver successfully reached the end of the integration interval.
train-0317,train,317,0.0009541702131274651,0.005517191537291281,0.004263423783989853,12046,train,central,True,True,1.436289790988667,4829,1.8022915124893188,-0.019603397206150674,-0.019540629100699647,0.47418036428701105,0.22561354923654325,The solver successfully reached the end of the integration interval.
train-0318,train,318,0.0009613347227643449,0.004176071628502014,0.005725643044681381,12047,train,central,True,True,1.0968497910071164,3929,1.8362030982971191,-0.020895614944784313,-0.020984592988838813,0.4161405678120599,0.22636657376619315,The solver successfully reached the end of the integration interval.
train-0319,train,319,0.0008162881529980376,0.005173073673844334,0.0053948591069215785,12048,train,central,True,True,1.3283764999941923,4649,2.0000433921813965,-0.011867479358905086,-0.011878204469111253,0.49186917987235185,0.2305225868622658,The solver successfully reached the end of the integration interval.
validation-0000,validation,0,0.0011014403737771505,0.005886168727967472,0.004964638125084682,21729,train,central,True,True,1.5443700420146342,5129,2.1192712783813477,-0.017759947969615553,-0.017992034732411177,0.46009897159688723,0.22705203765324874,The solver successfully reached the end of the integration interval.
validation-0001,validation,1,0.0011363196043608155,0.005546269012077661,0.005205818605978724,21730,train,central,True,True,1.4841306660091504,4889,2.627241373062134,-0.015914737984701333,-0.01612218099166629,0.44251912142944066,0.22362615303928923,The solver successfully reached the end of the integration interval.
validation-0002,validation,2,0.0011691971726584534,0.004179267283274866,0.0057284773998293684,21731,train,central,True,True,1.216863999987254,3881,2.0687527656555176,-0.034187180783234794,-0.034213925610515616,0.3740186481384504,0.2185142471404335,The solver successfully reached the end of the integration interval.
validation-0003,validation,3,0.0010684990888908384,0.005966738375121128,0.0046166437420100325,21732,train,central,True,True,1.3887321669899393,5165,2.10262131690979,-0.01579284334923159,-0.015887772257539012,0.46982710742095435,0.22880237284392896,The solver successfully reached the end of the integration interval.
validation-0004,validation,4,0.0009369601452070303,0.005006836008387264,0.0053464883204131786,21733,train,central,True,True,1.3551817089901306,4529,2.1747326850891113,-0.02117047462902022,-0.021302814165515827,0.45595751182179783,0.22887115788448184,The solver successfully reached the end of the integration interval.
validation-0005,validation,5,0.0009449777738193793,0.004134790405201423,0.0054482680042694,21734,train,central,True,True,1.208619583019754,3845,2.1188137531280518,-0.02310700660727605,-0.023126245513108046,0.42095961422219996,0.22409629910107964,The solver successfully reached the end of the integration interval.
validation-0006,validation,6,0.0011502203308996525,0.005670249147857797,0.00419177367647508,21735,train,central,True,True,1.4738374169974122,4973,2.112900972366333,-0.014821318003143347,-0.014848971406965283,0.4441406917366277,0.22225045510971358,The solver successfully reached the end of the integration interval.
validation-0007,validation,7,0.0010201703009090908,0.005095873242697578,0.005267969281555969,21736,train,central,True,True,1.3533344170136843,4601,1.720477819442749,-0.013836662858608406,-0.01383198244772288,0.44749355190467144,0.22647345616698597,The solver successfully reached the end of the integration interval.
validation-0008,validation,8,0.000803940586285889,0.00558806021208892,0.0057873845760709735,21737,train,central,True,True,1.434918542014202,4889,1.6726628541946411,-0.008365022034951153,-0.008282880064348852,0.5077768524288372,0.23586264175308633,The solver successfully reached the end of the integration interval.
validation-0009,validation,9,0.000862685773255264,0.0055214101359145635,0.005254154579308328,21738,train,central,True,True,1.4314167500124313,4889,2.557906150817871,-0.009969829057126844,-0.010040582635067352,0.4961200339253294,0.22609647351599493,The solver successfully reached the end of the integration interval.
validation-0010,validation,10,0.001005444911957321,0.0058608528908348795,0.004220363163838295,21739,train,central,True,True,1.5072896250057966,5129,1.6639595031738281,-0.01639966583134722,-0.016441528740013034,0.4799080973503757,0.22615388980239667,The solver successfully reached the end of the integration interval.
validation-0011,validation,11,0.000952753162925251,0.005945288170068006,0.005379542462940413,21740,train,central,True,True,1.5154993749747518,5177,2.331799030303955,-0.01753309489706112,-0.017483221422174622,0.4908422392327394,0.23573355781675678,The solver successfully reached the end of the integration interval.
validation-0012,validation,12,0.0011885038167564436,0.005346472675147315,0.004856257330413379,21741,train,central,True,True,1.398075166012859,4709,2.0615005493164062,-0.02829217823085628,-0.028052858988244722,0.4278417221898393,0.21794532163503977,The solver successfully reached the end of the integration interval.
validation-0013,validation,13,0.0008914685764231058,0.004953145427240204,0.00430405452182555,21742,train,central,True,True,1.3166189170151483,4433,1.9638538360595703,-0.01254048766401894,-0.012494598602094786,0.46772838804022787,0.22723700549200518,The solver successfully reached the end of the integration interval.
validation-0014,validation,14,0.0008214769697940751,0.005158848724214095,0.004377722469056017,21743,train,central,True,True,1.3441151670122053,4601,1.9949594736099243,-0.016357226493628474,-0.016172195954459845,0.4885207811495482,0.2314006490553587,The solver successfully reached the end of the integration interval.
validation-0015,validation,15,0.001047304288676988,0.004352759315852599,0.0056128090274913615,21744,train,central,True,True,1.1558125000155997,4001,2.0138065814971924,-0.02281122705993255,-0.02283448779289987,0.41037200841417537,0.22507591003901814,The solver successfully reached the end of the integration interval.
validation-0016,validation,16,0.0008365586031228379,0.0052279163373905296,0.004500931637590293,21745,train,central,True,True,1.3637250410101842,4661,1.6430269479751587,-0.015630352235717737,-0.015601660332546174,0.49225969268044695,0.22935334878557304,The solver successfully reached the end of the integration interval.
validation-0017,validation,17,0.0010754467874904432,0.004221255662293114,0.005975598116803293,21746,train,central,True,True,1.2002006670227274,3917,2.3886632919311523,-0.029849311487971875,-0.029949958930857612,0.3948292206969408,0.22220437169552984,The solver successfully reached the end of the integration interval.
validation-0018,validation,18,0.0010878924608804601,0.0047160876322098946,0.005853906487499779,21747,train,central,True,True,1.259026542014908,4277,2.028820514678955,-0.02096065508584033,-0.021002999534001532,0.4176086529443365,0.22441791520367615,The solver successfully reached the end of the integration interval.
validation-0019,validation,19,0.00084196318360036,0.005255422330037248,0.004156966159715824,21748,train,central,True,True,1.3661207080003805,4649,1.7561720609664917,-0.014300980254663642,-0.014248397314815975,0.4881514936959518,0.23314937004860306,The solver successfully reached the end of the integration interval.
validation-0020,validation,20,0.0010810641884695616,0.004086463825922733,0.005888111477356654,21749,train,central,True,True,1.1089080419915263,3809,1.7096039056777954,-0.02836243232805913,-0.02843882731231595,0.3883547261025743,0.22026334898449093,The solver successfully reached the end of the integration interval.
validation-0021,validation,21,0.001183523153269874,0.004377473353710567,0.004467812687122794,21750,train,central,True,True,1.1478939999942668,3989,1.7007343769073486,-0.023911924991496747,-0.023851800034918824,0.3832540502065025,0.21278760260560436,The solver successfully reached the end of the integration interval.
validation-0022,validation,22,0.0008146326540980457,0.005056301284594207,0.005102518318925736,21751,train,central,True,True,1.3272472079843283,4517,1.9910727739334106,-0.01910089260083936,-0.01908126540321753,0.4867607106079616,0.23565687332327653,The solver successfully reached the end of the integration interval.
validation-0023,validation,23,0.0009126869190048312,0.004065064818868763,0.004116562473957265,21752,train,central,True,True,1.106640541984234,3821,1.6608531475067139,-0.020079803497957016,-0.020124877818388676,0.42276730738947116,0.22697132181209345,The solver successfully reached the end of the integration interval.
validation-0024,validation,24,0.0011459253068852589,0.0046815036992412795,0.005954721721868422,21753,train,central,True,True,1.2457112089905422,4229,2.1223998069763184,-0.02374616251657713,-0.02373820271759186,0.4057713035805783,0.2236878546604219,The solver successfully reached the end of the integration interval.
validation-0025,validation,25,0.0009288567135322879,0.0045207786797400555,0.004537779185942048,21754,train,central,True,True,1.226639125001384,4169,2.007317543029785,-0.01327331349235017,-0.013518684692442662,0.4437436697587743,0.22960452598570347,The solver successfully reached the end of the integration interval.
validation-0026,validation,26,0.001159043067145767,0.005623255637310725,0.004010704997450715,21755,train,central,True,True,1.508734791976167,4925,1.9135149717330933,-0.017877928325820136,-0.018016467200986597,0.4416385357888484,0.22023852325223853,The solver successfully reached the end of the integration interval.
validation-0027,validation,27,0.0011280763043418154,0.004238779813663152,0.004279709396410457,21756,train,central,True,True,1.1847875410167035,3917,2.1645419597625732,-0.02873732996854983,-0.02892810490651243,0.3874952820047811,0.21781787688704596,The solver successfully reached the end of the integration interval.
validation-0028,validation,28,0.0008692922026599921,0.005926329768250954,0.005660507197653229,21757,train,central,True,True,1.6180614169861656,5189,2.0058581829071045,-0.0158287379522406,-0.015862831222251295,0.5040515530572071,0.2289827163895941,The solver successfully reached the end of the integration interval.
validation-0029,validation,29,0.0010350599532700528,0.005635328778521071,0.005046252512418706,21758,train,central,True,True,1.5555642500112299,4949,2.106837749481201,-0.01089110833407858,-0.010952578122108036,0.4620241003343612,0.22023302244079992,The solver successfully reached the end of the integration interval.
validation-0030,validation,30,0.0010135283392149082,0.005474879789797807,0.0057548196687475465,21759,train,central,True,True,1.475843457999872,4817,2.0060009956359863,-0.020650296209926644,-0.02064239144748825,0.4601308098512163,0.2300013091955241,The solver successfully reached the end of the integration interval.
validation-0031,validation,31,0.001057088140478952,0.004119686575804615,0.0050327354273791945,21760,train,central,True,True,1.2142373749811668,3833,2.0137581825256348,-0.023373674650741805,-0.023399602482964355,0.3936355619997618,0.22458362443885116,The solver successfully reached the end of the integration interval.
validation-0032,validation,32,0.0008978553035480552,0.005291967545004703,0.005311026189747607,21761,train,central,True,True,1.5089487909863237,4709,2.0612165927886963,-0.018475609181876962,-0.01859824769686469,0.4759369878821772,0.23534757345107085,The solver successfully reached the end of the integration interval.
validation-0033,validation,33,0.001117083128634806,0.004826018672658307,0.005146541834048213,21762,train,central,True,True,1.4149100829963572,4337,2.0721218585968018,-0.02075239046470756,-0.020940871980020148,0.4151448673623233,0.22448074151496064,The solver successfully reached the end of the integration interval.
validation-0034,validation,34,0.001044149018237577,0.00490046174499497,0.004911193718091736,21763,train,central,True,True,1.4007175830192864,4385,2.131868839263916,-0.027915282083824877,-0.027905150233614506,0.43457732500967117,0.22109908650703605,The solver successfully reached the end of the integration interval.
validation-0035,validation,35,0.0009037029137940395,0.004288268637558167,0.005418128162470038,21764,train,central,True,True,1.3079594589944463,3989,1.792203426361084,-0.022174577594869405,-0.022131053327998362,0.43462530724311127,0.23213498515788197,The solver successfully reached the end of the integration interval.
validation-0036,validation,36,0.0011738738227196144,0.005388052906133889,0.004360033638829251,21765,train,central,True,True,1.4782294160104357,4757,2.1132521629333496,-0.02667487523078904,-0.026683860105759016,0.43003613530249885,0.22191363776289866,The solver successfully reached the end of the integration interval.
validation-0037,validation,37,0.0010095783424339691,0.005409073346455202,0.004640596774617654,21766,train,central,True,True,1.4821600000141189,4757,2.5206754207611084,-0.017014896897208587,-0.016929908489488277,0.46187932719407704,0.22348262930246302,The solver successfully reached the end of the integration interval.
validation-0038,validation,38,0.0009978847836782218,0.004564510314199112,0.004681873693530627,21767,train,central,True,True,1.2599594159983099,4145,1.5686211585998535,-0.010827319087067577,-0.010859176560650496,0.4310059610185654,0.2283519111230935,The solver successfully reached the end of the integration interval.
validation-0039,validation,39,0.0009874933617444403,0.004471108243599132,0.005808259768284415,21768,train,central,True,True,1.227918458986096,4061,2.310988187789917,-0.035026150247297494,-0.03501080579261062,0.4221425062974516,0.23026778021619262,The solver successfully reached the end of the integration interval.
validation-0040,validation,40,0.0009552659241002389,0.004301257364920317,0.004875743092086703,21769,train,central,True,True,1.2021163330064155,3929,2.304330587387085,-0.021202137118723485,-0.021242102843774813,0.42486580393914763,0.2268833395327941,The solver successfully reached the end of the integration interval.
validation-0041,validation,41,0.0008782465049542751,0.005742263824446787,0.004083123312992458,21770,train,central,True,True,1.5220860829867888,5045,1.7478547096252441,-0.014632734897354283,-0.014634516365273242,0.49791395894486135,0.22658791379719467,The solver successfully reached the end of the integration interval.
validation-0042,validation,42,0.0009799988897744825,0.005194275892655448,0.004041965691040946,21771,train,central,True,True,1.4319266669917852,4661,2.006967782974243,-0.020458430474946,-0.02050758217540327,0.45743047552579136,0.23019387446638165,The solver successfully reached the end of the integration interval.
validation-0043,validation,43,0.000915534329767717,0.004657660374025359,0.004573271142685263,21772,train,central,True,True,1.3446376670035534,4205,1.6803635358810425,-0.02142445963926587,-0.02130080225490616,0.44960918879084627,0.22957157146005577,The solver successfully reached the end of the integration interval.
validation-0044,validation,44,0.000832856300692419,0.004878746643629394,0.005909971269816982,21773,train,central,True,True,1.3030210840224754,4361,2.3082244396209717,-0.019298808461428507,-0.019424272348059546,0.4772238354928684,0.23222075421839752,The solver successfully reached the end of the integration interval.
validation-0045,validation,45,0.001030170987610189,0.004596897900072069,0.005478715382190538,21774,train,central,True,True,1.297217792016454,4157,1.848540186882019,-0.020649695757136044,-0.020473926452272195,0.4220166854997401,0.22810057881882162,The solver successfully reached the end of the integration interval.
validation-0046,validation,46,0.0009697043629196102,0.0051070286460282305,0.005168891480636775,21775,train,central,True,True,1.4810807920002844,4565,1.9940298795700073,-0.01385320742364371,-0.013933897347029989,0.45537058044576006,0.23359754823723639,The solver successfully reached the end of the integration interval.
validation-0047,validation,47,0.0008802219259611707,0.00530275411606437,0.004411690652819491,21776,train,central,True,True,1.5061672080191784,4697,2.0682804584503174,-0.011446384896657946,-0.011579827941647913,0.4841119758269726,0.23049904573250626,The solver successfully reached the end of the integration interval.
validation-0048,validation,48,0.000854392565387461,0.0057895239051244975,0.004818636456274638,21777,train,central,True,True,1.6076177080103662,5081,2.1225874423980713,-0.01824597166416453,-0.018267416018534988,0.5060764842897875,0.2232276641075725,The solver successfully reached the end of the integration interval.
validation-0049,validation,49,0.00116325259767962,0.005460380305135172,0.004236270067510271,21778,train,central,True,True,1.5282150830025785,4829,2.614384174346924,-0.024545826992260267,-0.02457521690386466,0.4318934684644332,0.22311425920815264,The solver successfully reached the end of the integration interval.
validation-0050,validation,50,0.0011248516924375622,0.004016560529821249,0.004752748428478551,21779,train,central,True,True,1.2618894999905024,3773,1.8325012922286987,-0.0207861620851304,-0.02074327839648049,0.37620576710487585,0.2223198546353231,The solver successfully reached the end of the integration interval.
validation-0051,validation,51,0.0010651257822290533,0.004865776815509962,0.004982086579827933,21780,train,central,True,True,1.3279063749941997,4361,1.8770027160644531,-0.017357817445393664,-0.01745167494862976,0.42872393235817924,0.22643046432564026,The solver successfully reached the end of the integration interval.
validation-0052,validation,52,0.0008501339857699075,0.004770620266291779,0.005678649596482214,21781,train,central,True,True,1.3072319589846302,4313,1.8287708759307861,-0.015500467562826081,-0.015454352978185426,0.4702166583786531,0.22973939614913708,The solver successfully reached the end of the integration interval.
validation-0053,validation,53,0.0009631078900065363,0.005824509532323925,0.005083768170637314,21782,train,central,True,True,1.6463502499973401,5081,1.9547418355941772,-0.017797206342000216,-0.017714853481301418,0.48260070645431635,0.23143044949728547,The solver successfully reached the end of the integration interval.
validation-0054,validation,54,0.0011936339087600981,0.005706458453464526,0.00445624951711326,21783,train,central,True,True,1.6288809580146335,4973,2.2545742988586426,-0.011407622435555709,-0.011431772870679424,0.44026223258599895,0.2227660430344937,The solver successfully reached the end of the integration interval.
validation-0055,validation,55,0.0011070068248085492,0.004618158018344315,0.005598202796565169,21784,train,central,True,True,1.4274011249945033,4157,2.1130285263061523,-0.017755049696894787,-0.017769060811924753,0.41263277485267497,0.22640887723334036,The solver successfully reached the end of the integration interval.
validation-0056,validation,56,0.0010998576828536897,0.004756432737949358,0.00550013717811736,21785,train,central,True,True,1.2996739580121357,4325,1.9556444883346558,-0.021839233314150164,-0.02158718864015441,0.41810735772432744,0.22466051003235163,The solver successfully reached the end of the integration interval.
validation-0057,validation,57,0.0009232185464192332,0.004993898619352938,0.005545842575767629,21786,train,central,True,True,1.4470448329811916,4445,2.073054313659668,-0.01425101552463559,-0.014077534104271372,0.4617324786571328,0.223299248845215,The solver successfully reached the end of the integration interval.
validation-0058,validation,58,0.0009861468614205066,0.004439795477131114,0.00478610267425154,21787,train,central,True,True,1.376269250002224,4025,2.529843807220459,-0.01692464087465595,-0.016855548137941767,0.4248144002911842,0.22767749062566556,The solver successfully reached the end of the integration interval.
validation-0059,validation,59,0.0008111166682654396,0.004426641796709111,0.004732693478526781,21788,train,central,True,True,1.3880759160092566,4097,2.1651220321655273,-0.015875053228779024,-0.016058258940521597,0.4590564771134507,0.23132039633638005,The solver successfully reached the end of the integration interval.
id-0000,id,0,0.0010877566676968993,0.0057020657474717,0.00496090832815084,31729,train,central,True,True,1.4656685840163846,4997,1.92026686668396,-0.019222456815221278,-0.019206935618651277,0.4574410009392155,0.22532518146107414,The solver successfully reached the end of the integration interval.
id-0001,id,1,0.0010950213288747437,0.004396699147397044,0.00455464107227339,31730,train,central,True,True,1.3653444160008803,4013,2.2533862590789795,-0.017554613259285645,-0.01765840948832853,0.40347486146648015,0.2253127260136076,The solver successfully reached the end of the integration interval.
id-0002,id,2,0.0008699315769310501,0.004807695866212848,0.004880638185857809,31731,train,central,True,True,1.4526884169899859,4373,3.2196359634399414,-0.014663068935127588,-0.014572331154136364,0.4689758700278442,0.22563532151035745,The solver successfully reached the end of the integration interval.
id-0003,id,3,0.001124631464328757,0.005821448997554884,0.004267501727638806,31732,train,central,True,True,1.6358216250082478,5069,1.9486044645309448,-0.018709201649006246,-0.018544423440994606,0.45375546051990645,0.22229308790223293,The solver successfully reached the end of the integration interval.
id-0004,id,4,0.0008108794439956814,0.004563393167999677,0.005027078377754616,31733,train,central,True,True,1.3208491669793148,4133,1.889719009399414,-0.02488806631112439,-0.024844408244994565,0.4684767579070274,0.23409806692796517,The solver successfully reached the end of the integration interval.
id-0005,id,5,0.001009395880237462,0.0046965179072482295,0.0056719575773873645,31734,train,central,True,True,1.3937114999862388,4253,1.704798936843872,-0.02363801728921011,-0.0237884883707693,0.43312425372103674,0.22734516223954976,The solver successfully reached the end of the integration interval.
id-0006,id,6,0.0011559770540662778,0.005888200450785636,0.005696778707420374,31735,train,central,True,True,1.6511705000011716,5141,1.9786194562911987,-0.028613787328801266,-0.028724095133807026,0.45142304474180334,0.2267319255397598,The solver successfully reached the end of the integration interval.
id-0007,id,7,0.0011294454406994639,0.004776163999060594,0.004384126051068579,31736,train,central,True,True,1.4209452499926556,4277,2.1530134677886963,-0.014263295348744265,-0.01430079072359991,0.4102412623504594,0.2246571788984789,The solver successfully reached the end of the integration interval.
id-0008,id,8,0.0010379674825084977,0.005089414350512331,0.00400510825455387,31737,train,central,True,True,1.4335548329981975,4553,2.1393496990203857,-0.011482464934182701,-0.011436976498821139,0.4437566355872787,0.22358815433607135,The solver successfully reached the end of the integration interval.
id-0009,id,9,0.0011398077671367626,0.00411708858665046,0.004194384518624997,31738,train,central,True,True,1.2195375000010245,3869,2.0147180557250977,-0.027177888632124336,-0.027187201056338317,0.37601242152674885,0.21562675038444934,The solver successfully reached the end of the integration interval.
id-0010,id,10,0.0008632654829721339,0.005055089116686853,0.0046373718146165005,31739,train,central,True,True,1.5330603330221493,4553,1.9701639413833618,-0.01808508579883039,-0.018073222515003096,0.47592908652138255,0.22576393401367684,The solver successfully reached the end of the integration interval.
id-0011,id,11,0.0008244559590661951,0.005070843677191274,0.00482921727351612,31740,train,central,True,True,1.5208947499922942,4529,2.2000789642333984,-0.020172980684726838,-0.020349320534300164,0.483624340946296,0.22733991480375107,The solver successfully reached the end of the integration interval.
id-0012,id,12,0.0009918613465967159,0.004234479400203041,0.004058194974146405,31741,train,central,True,True,1.1956616250099614,3893,2.189347267150879,-0.018778480983845824,-0.01865261400265439,0.4151064002442406,0.2197175646495325,The solver successfully reached the end of the integration interval.
id-0013,id,13,0.000965540265486664,0.005448514741008544,0.004641730464637068,31742,train,central,True,True,1.5056459589977749,4793,2.2292027473449707,-0.016308035356852102,-0.016422856963427712,0.469432038917486,0.2277123002006445,The solver successfully reached the end of the integration interval.
id-0014,id,14,0.0008458471926703909,0.004877059206067647,0.00452270490109231,31743,train,central,True,True,1.4324568750162143,4373,1.8556492328643799,-0.014962082374637475,-0.015001076981867811,0.47353507896227814,0.23887496837408642,The solver successfully reached the end of the integration interval.
id-0015,id,15,0.000901643790553152,0.004404493154848053,0.005418585071039465,31744,train,central,True,True,1.3589227919874247,4037,1.7212225198745728,-0.02725017076808456,-0.02733733383558956,0.4383590859239306,0.2348626588565085,The solver successfully reached the end of the integration interval.
id-0016,id,16,0.000986875238917777,0.0045974062731329556,0.004074561946385555,31745,train,central,True,True,1.3364412920200266,4253,2.032477617263794,-0.010335914385038336,-0.010272007868360689,0.4335260747610501,0.22473999745554976,The solver successfully reached the end of the integration interval.
id-0017,id,17,0.001061196129496749,0.005391577439322011,0.004853166029964216,31746,train,central,True,True,1.5342199999722652,4769,1.616159439086914,-0.01913996801741291,-0.019124847508058096,0.4488493388965236,0.2245108367238698,The solver successfully reached the end of the integration interval.
id-0018,id,18,0.0010756995853015059,0.0049382613071108005,0.005769679838527343,31747,train,central,True,True,1.4758033340040129,4457,1.5382790565490723,-0.024864915969221357,-0.024877311204419716,0.42668990760582715,0.21986769887926977,The solver successfully reached the end of the integration interval.
id-0019,id,19,0.0008199152642856762,0.005487311315501869,0.004319245797706288,31748,train,central,True,True,1.6032387079903856,4853,2.0716986656188965,-0.014678306460055524,-0.014713538215771038,0.5030518245337828,0.22784598977576279,The solver successfully reached the end of the integration interval.
id-0020,id,20,0.0011751783289133768,0.005177095127091294,0.005813046075007416,31749,train,central,True,True,1.5152467089938,4577,1.8135321140289307,-0.0372058945081335,-0.037273675304706266,0.4177258616115649,0.22545032757231678,The solver successfully reached the end of the integration interval.
id-0021,id,21,0.00111585076700787,0.004440426729110855,0.004723363922732797,31750,train,central,True,True,1.3170033750066068,4085,2.1771903038024902,-0.020752612038592133,-0.020756088532055017,0.40011122499714197,0.2214900132527269,The solver successfully reached the end of the integration interval.
id-0022,id,22,0.0011049116662698048,0.005273079348724518,0.004030448104958195,31751,train,central,True,True,1.5183659589965828,4661,2.4005720615386963,-0.01152784482546565,-0.011547659360661378,0.4398713598143954,0.22813417280313245,The solver successfully reached the end of the integration interval.
id-0023,id,23,0.0008303757456521798,0.0043739849872874775,0.005609858734823102,31752,train,central,True,True,1.3720239999820478,4037,2.300463914871216,-0.019423182481915546,-0.019485952903740333,0.4549938740837257,0.23725347453171694,The solver successfully reached the end of the integration interval.
id-0024,id,24,0.0008048869118800124,0.004678987147431653,0.005844671913831562,31753,train,central,True,True,1.3739652920048684,4229,2.067103385925293,-0.015381054507150438,-0.015489430705063256,0.47715520733224737,0.23383368499598678,The solver successfully reached the end of the integration interval.
id-0025,id,25,0.0011709147835716645,0.005851337610862037,0.004324823262422517,31754,train,central,True,True,1.624305583012756,5093,1.8179701566696167,-0.014714583859602115,-0.014734970833645722,0.4492037449745527,0.2191749329870013,The solver successfully reached the end of the integration interval.
id-0026,id,26,0.0009728039316339628,0.004533901484035791,0.004689379595696854,31755,train,central,True,True,1.3643255420029163,4157,2.8934383392333984,-0.012941828474549055,-0.013096825886808716,0.4329450435925056,0.22732401631113877,The solver successfully reached the end of the integration interval.
id-0027,id,27,0.0011785258034044625,0.0054276977830357885,0.005278930183296197,31756,train,central,True,True,1.5922163329960313,4769,1.8303508758544922,-0.029321704537807136,-0.029342643324200335,0.42995141871880926,0.22277762265222864,The solver successfully reached the end of the integration interval.
id-0028,id,28,0.000894911917413132,0.0051957309878482094,0.004138810068649839,31757,train,central,True,True,1.566342625010293,4649,1.7773600816726685,-0.015839319692453557,-0.01578614458215366,0.4740732318529052,0.2307635789841992,The solver successfully reached the end of the integration interval.
id-0029,id,29,0.0011613650956190196,0.004636237573187022,0.004256385823293215,31758,train,central,True,True,1.335195957974065,4181,2.092339515686035,-0.019762492361863337,-0.019727441749065655,0.4017288681525607,0.21905061902724693,The solver successfully reached the end of the integration interval.
id-0030,id,30,0.0009229015923770123,0.005661477491264845,0.005487138588755816,31759,train,central,True,True,1.632128625002224,4973,1.9565527439117432,-0.019375515253607034,-0.019231414067171215,0.48500526949852923,0.22641208789116435,The solver successfully reached the end of the integration interval.
id-0031,id,31,0.0008526002794949266,0.00597223325990749,0.005310134152780261,31760,train,central,True,True,1.6870737920107786,5201,2.3072457313537598,-0.01961874952553444,-0.01963972731532948,0.5085349546003666,0.23076457782918397,The solver successfully reached the end of the integration interval.
id-0032,id,32,0.0010440676242994098,0.004017390423879522,0.005387566869791633,31761,train,central,True,True,1.3263087919913232,3713,1.7868660688400269,-0.02217450020687295,-0.022111441801806464,0.3932225786177405,0.22067276345113057,The solver successfully reached the end of the integration interval.
id-0033,id,33,0.0011467833068197204,0.005224262134446876,0.005651486334145244,31762,train,central,True,True,1.525040791981155,4625,1.6313538551330566,-0.026650989631783695,-0.026468201155150695,0.4296342396851428,0.22266534588518686,The solver successfully reached the end of the integration interval.
id-0034,id,34,0.0008659189533982166,0.005300682259710639,0.004096472058627816,31763,train,central,True,True,1.628171584015945,4709,2.5086352825164795,-0.013479761949525937,-0.013480763949811791,0.4873711811564832,0.22734879195111474,The solver successfully reached the end of the integration interval.
id-0035,id,35,0.0008122598697687242,0.0050157955992201665,0.005231042617837141,31764,train,central,True,True,1.5829223329783417,4541,1.7669888734817505,-0.017060755479981538,-0.01685067711923338,0.4879108166623552,0.23193125637439482,The solver successfully reached the end of the integration interval.
id-0036,id,36,0.00097112079906174,0.004895439632890951,0.004916349239129638,31765,train,central,True,True,1.4180994170019403,4445,1.7093374729156494,-0.02023423447069561,-0.020511661638746403,0.4463417099035184,0.22631410879189076,The solver successfully reached the end of the integration interval.
id-0037,id,37,0.0009267610025742707,0.004342432000189552,0.005525898143256888,31766,train,central,True,True,1.2697671249916311,4001,1.9970804452896118,-0.023121014108703264,-0.023212345374103105,0.432485282636371,0.2328549869931387,The solver successfully reached the end of the integration interval.
id-0038,id,38,0.0010673239150981193,0.005146631599832131,0.004590373887993505,31767,train,central,True,True,1.5924335420131683,4589,3.5019826889038086,-0.022418365909572913,-0.02242960455326415,0.4406823445538595,0.2265270726326698,The solver successfully reached the end of the integration interval.
id-0039,id,39,0.0010776531613553918,0.005748555326423801,0.004118960956362604,31768,train,central,True,True,1.6855987920134794,5021,2.9235801696777344,-0.019121832208938372,-0.01910509160115481,0.46352823345452987,0.22762196184057995,The solver successfully reached the end of the integration interval.
id-0040,id,40,0.0009328287812561764,0.0049157268837423575,0.005757188002532484,31769,train,central,True,True,1.5370743749954272,4421,2.206055164337158,-0.017737831933310133,-0.01788284658540462,0.4581037029846209,0.2321164093956517,The solver successfully reached the end of the integration interval.
id-0041,id,41,0.0011484327762485884,0.004602233755645544,0.005574402312656818,31770,train,central,True,True,1.2918109580059536,4157,2.768612861633301,-0.027018960701752803,-0.027047854735918975,0.4004530446335751,0.2117698551092243,The solver successfully reached the end of the integration interval.
id-0042,id,42,0.0009040062017628463,0.00541192455197421,0.00508042550852212,31771,train,central,True,True,1.575656708999304,4769,1.7255529165267944,-0.01955927303031757,-0.01959242797026306,0.4812044723877976,0.22537272101115605,The solver successfully reached the end of the integration interval.
id-0043,id,43,0.001029496906491196,0.005374319645147785,0.005356439071845409,31772,train,central,True,True,1.6791233750118408,4769,2.2191848754882812,-0.016262663091850982,-0.0163604692704169,0.456196115711982,0.22698747866895738,The solver successfully reached the end of the integration interval.
id-0044,id,44,0.0009774336210407646,0.005925030922744472,0.0042347456090056825,31773,train,central,True,True,1.7563807910191827,5153,1.9301692247390747,-0.019480211509478096,-0.019600580471443863,0.48014211869031787,0.22540158930681614,The solver successfully reached the end of the integration interval.
id-0045,id,45,0.0008764299882743592,0.0046493473589747855,0.005055187047745638,31774,train,central,True,True,1.5068402079923544,4241,2.1581170558929443,-0.01753322922467504,-0.01747633649076974,0.45778460255390807,0.23559443924266243,The solver successfully reached the end of the integration interval.
id-0046,id,46,0.001015135105605853,0.004517217095688095,0.00586062969894474,31775,train,central,True,True,1.2826053340104409,4085,2.009016752243042,-0.02546858500309168,-0.025521445844669977,0.4243237112238496,0.22840807041883845,The solver successfully reached the end of the integration interval.
id-0047,id,47,0.0009293501751090801,0.004943776257630957,0.004860222416213606,31776,train,central,True,True,1.5117700830160175,4421,1.980694055557251,-0.01715174467647529,-0.017053762739433154,0.45540708480029246,0.2318656965472199,The solver successfully reached the end of the integration interval.
id-0048,id,48,0.0009392053603565818,0.005513789526242784,0.005454071626119086,31777,train,central,True,True,1.602786167000886,4853,1.9745320081710815,-0.019438164208807507,-0.01935020137176391,0.47521378323642766,0.23219927748860203,The solver successfully reached the end of the integration interval.
id-0049,id,49,0.0008735303209409233,0.004558435401007333,0.00579222790190524,31778,train,central,True,True,1.4806749999988824,4145,2.560828924179077,-0.022484915121637528,-0.02258981549629624,0.45378273242809125,0.22752584383201857,The solver successfully reached the end of the integration interval.
id-0050,id,50,0.001091649469611393,0.0054767132818112785,0.005378115303995035,31779,train,central,True,True,1.6409334590134677,4817,1.8208649158477783,-0.026746454393148156,-0.026749734349991172,0.4497259000779117,0.22328946561090796,The solver successfully reached the end of the integration interval.
id-0051,id,51,0.0008377834170285548,0.005109702568727055,0.005592862972538654,31780,train,central,True,True,1.6282848329865374,4601,2.941866636276245,-0.01436684935601562,-0.01441479764935727,0.4832877364392536,0.2239336124404941,The solver successfully reached the end of the integration interval.
id-0052,id,52,0.0008854871316287076,0.005246605279368171,0.004710644372768231,31781,train,central,True,True,1.6588087920099497,4661,1.8487964868545532,-0.013998251347942414,-0.014055895088691983,0.4776371229426743,0.2334876383031722,The solver successfully reached the end of the integration interval.
id-0053,id,53,0.0010358783980814988,0.004961909810115565,0.004778326174467919,31782,train,central,True,True,1.5674762499984354,4433,1.8131215572357178,-0.01984544981193892,-0.020099544520755686,0.4374907358909776,0.23217748272447486,The solver successfully reached the end of the integration interval.
id-0054,id,54,0.0008221172815686723,0.005801512180240626,0.0059872111663331375,31783,train,central,True,True,1.6395890840212815,5081,2.003035545349121,-0.016030772047528785,-0.016087848197809507,0.5141258318559024,0.23118685576504364,The solver successfully reached the end of the integration interval.
id-0055,id,55,0.0011328914941119632,0.0056901260636066575,0.004350890352488879,31784,train,central,True,True,1.6515912920003757,4997,1.6102306842803955,-0.021643504907331135,-0.02163965843904947,0.4490453978322496,0.22728965807839757,The solver successfully reached the end of the integration interval.
id-0056,id,56,0.0009421617070053405,0.004832478506699054,0.005978904282846299,31785,train,central,True,True,1.5685715830186382,4373,2.0795252323150635,-0.015239980511722706,-0.015268582998430702,0.45266235999905596,0.2270719794956329,The solver successfully reached the end of the integration interval.
id-0057,id,57,0.0008483210696581081,0.005556053480947948,0.004930549077698515,31786,train,central,True,True,1.6352598330122419,4901,2.310213088989258,-0.008795936133522808,-0.008916376678193672,0.4953332343553045,0.23105689921105355,The solver successfully reached the end of the integration interval.
id-0058,id,58,0.0008802953651612425,0.004197636192763697,0.004611935139345557,31787,train,central,True,True,1.229010000010021,3881,1.9166638851165771,-0.01805413004194989,-0.018074546616460907,0.4367849183469951,0.23061882417744323,The solver successfully reached the end of the integration interval.
id-0059,id,59,0.001122960721695209,0.004745967827656921,0.005429011817307915,31788,train,central,True,True,1.4643728749942966,4265,1.911881446838379,-0.024013386195182562,-0.02380921126739688,0.4111903135849143,0.22600536564861265,The solver successfully reached the end of the integration interval.
id-0060,id,60,0.0009455114961991772,0.004255286967855661,0.0058936200489976805,31789,train,central,True,True,1.3868929999880493,3905,2.223285436630249,-0.02171493221052856,-0.021621524360812217,0.42555127537599524,0.2248902681880286,The solver successfully reached the end of the integration interval.
id-0061,id,61,0.00116535511492616,0.0042715888520410035,0.004803990717760992,31790,train,central,True,True,1.380956042004982,3965,1.5991545915603638,-0.030465942097183174,-0.030454268828563613,0.3765688831784688,0.21834954496634004,The solver successfully reached the end of the integration interval.
id-0062,id,62,0.0008897718513914983,0.00499758297313372,0.004403886258103201,31791,train,central,True,True,1.4222300830006134,4517,2.220247507095337,-0.015661298518033107,-0.015699955758270434,0.46840190441975277,0.22544731104128432,The solver successfully reached the end of the integration interval.
id-0063,id,63,0.001100577684790514,0.004139438457097081,0.004508050337613849,31792,train,central,True,True,1.3149054160166997,3869,1.5410264730453491,-0.01719314395371896,-0.017361269052258876,0.3877267311840114,0.21740030008922273,The solver successfully reached the end of the integration interval.
id-0064,id,64,0.0011086551146298616,0.004312912612718873,0.005101605620249168,31793,train,central,True,True,1.3739129159948789,3941,2.0420444011688232,-0.02398674686323332,-0.024025056131510958,0.3964183335348199,0.22690965252712247,The solver successfully reached the end of the integration interval.
id-0065,id,65,0.0009572085102246479,0.005787937999173534,0.004663738517184435,31794,train,central,True,True,1.724670999974478,5057,1.6669169664382935,-0.015489730814893576,-0.015528772704760385,0.4853041150368121,0.226331743899152,The solver successfully reached the end of the integration interval.
id-0066,id,66,0.0009617569759510839,0.005949895848955287,0.0041518907323533265,31795,train,central,True,True,1.7946048750018235,5189,1.9405827522277832,-0.01589871729037995,-0.015933551358765285,0.4895527830888404,0.22494265683339912,The solver successfully reached the end of the integration interval.
id-0067,id,67,0.0010812355396794004,0.005765970576006389,0.004478448216012135,31796,train,central,True,True,1.7706311249930877,5045,1.6433833837509155,-0.011331329084136144,-0.011345474182211213,0.45949732528648635,0.22245293518222817,The solver successfully reached the end of the integration interval.
id-0068,id,68,0.0009181193570193754,0.005343994098561199,0.00532327596923365,31797,train,central,True,True,1.6846163329901174,4721,1.6918647289276123,-0.027776005110313307,-0.027770862316579326,0.4749565114281523,0.22348591094870776,The solver successfully reached the end of the integration interval.
id-0069,id,69,0.0011972601931126339,0.00484133360817609,0.005186229697028991,31798,train,central,True,True,1.4367292919778265,4325,2.744704246520996,-0.026751426910919918,-0.026669939169504886,0.4003865931476637,0.21686578710962467,The solver successfully reached the end of the integration interval.
id-0070,id,70,0.001117566141484506,0.005287657555057526,0.005519205519854217,31799,train,central,True,True,1.5882657079782803,4709,1.7336257696151733,-0.020313625027114313,-0.020326138062227272,0.43932536802464334,0.22004128951998145,The solver successfully reached the end of the integration interval.
id-0071,id,71,0.0008019658233295987,0.005531720415417276,0.0045622706786826155,31800,train,central,True,True,1.7226356249884702,4889,3.0216684341430664,-0.011532675924478042,-0.011598553977400172,0.5063282700494176,0.23323361816674804,The solver successfully reached the end of the integration interval.
id-0072,id,72,0.0010183154049202038,0.005560739608891571,0.005254309605860734,31801,train,central,True,True,1.7160338750109076,4877,1.978987693786621,-0.01607871409890471,-0.016269120438144657,0.4638700355039354,0.2228268216055739,The solver successfully reached the end of the integration interval.
id-0073,id,73,0.001052368370125107,0.005024081495817865,0.00594477448801705,31802,train,central,True,True,1.6028472500038333,4493,2.1123523712158203,-0.029244368044153646,-0.029294196440543985,0.43901725189089785,0.2281082584227322,The solver successfully reached the end of the integration interval.
id-0074,id,74,0.0010563573833936013,0.005730717398618199,0.005063489997789081,31803,train,central,True,True,1.6089245000039227,5033,2.0114612579345703,-0.023704009734652587,-0.02383245344778473,0.46310152509983976,0.22545618074299595,The solver successfully reached the end of the integration interval.
id-0075,id,75,0.0010270448858982662,0.004726679708797899,0.005137465798793609,31804,train,central,True,True,1.5066984580189455,4253,1.8333512544631958,-0.02451819793799359,-0.0245447471266953,0.43098425558192704,0.2249463085367729,The solver successfully reached the end of the integration interval.
id-0076,id,76,0.0011402083465164542,0.005903220617030429,0.005282910386289982,31805,train,central,True,True,1.7092131660028826,5141,1.6403337717056274,-0.026683897619918184,-0.026627036225342238,0.4474733410566512,0.2182010276771626,The solver successfully reached the end of the integration interval.
id-0077,id,77,0.0009082436932262659,0.004205789490612022,0.004360217215016913,31806,train,central,True,True,1.460736832988914,4001,1.8518731594085693,-0.018531123696137318,-0.018305177173417952,0.4329372168972666,0.2306647248007183,The solver successfully reached the end of the integration interval.
id-0078,id,78,0.0011576063425410331,0.005588893366228306,0.004441374657922786,31807,train,central,True,True,1.6311164170037955,4913,1.895352840423584,-0.02808511171806405,-0.028187691799530512,0.4376962525895315,0.22740330211218904,The solver successfully reached the end of the integration interval.
id-0079,id,79,0.0009931913268622621,0.004431518036708066,0.005716445081058388,31808,train,central,True,True,1.4716961660014931,4157,2.0773940086364746,-0.01706444049515987,-0.01699173867614956,0.4243102226640494,0.22027035418226315,The solver successfully reached the end of the integration interval.
id-0080,id,80,0.0010438505035607123,0.004335008227366614,0.005918881149660276,31809,train,central,True,True,1.4149000830075238,3965,1.7787343263626099,-0.026395025369509995,-0.026399417858915974,0.40469006668398194,0.22032133662247816,The solver successfully reached the end of the integration interval.
id-0081,id,81,0.0008967193834473837,0.005213490978571227,0.0049529115890960314,31810,train,central,True,True,1.546462625003187,4649,1.688043236732483,-0.014384651995754894,-0.014380535678039763,0.47151510609601766,0.23179571010333366,The solver successfully reached the end of the integration interval.
id-0082,id,82,0.0009508205838843944,0.0056197630455182696,0.005634715923441333,31811,train,central,True,True,1.6985717920179013,4961,2.3125357627868652,-0.01721937195689094,-0.01728365992218528,0.47953808233929596,0.22580478419111216,The solver successfully reached the end of the integration interval.
id-0083,id,83,0.0010978256104604174,0.005989896781420378,0.004173048983105971,31812,train,central,True,True,1.7929512499831617,5189,2.065875291824341,-0.012594247702899963,-0.012617577431790039,0.46475542107301254,0.22515398362299727,The solver successfully reached the end of the integration interval.
id-0084,id,84,0.0010705542669421798,0.004164156612710508,0.004439232624898981,31813,train,central,True,True,1.448835458024405,3977,2.100032329559326,-0.019006978286441267,-0.01906996657942628,0.39434608293911866,0.22246426933968316,The solver successfully reached the end of the integration interval.
id-0085,id,85,0.0011836432306725824,0.004086427859987829,0.0049814242462371035,31814,train,central,True,True,1.3857742910040542,3845,2.9349567890167236,-0.027723801267425685,-0.02773327709202178,0.36863997282291383,0.2143070115129242,The solver successfully reached the end of the integration interval.
id-0086,id,86,0.001184736544087194,0.005622215574399089,0.005201039986843615,31815,train,central,True,True,1.6168217920057941,4937,1.886479139328003,-0.02208434555278105,-0.022131855017706314,0.4360264219655927,0.2266447431061928,The solver successfully reached the end of the integration interval.
id-0087,id,87,0.000857131379577208,0.004298182692615494,0.005934213036399298,31816,train,central,True,True,1.3717204580025282,3941,1.9406485557556152,-0.024349208424652602,-0.024511708442778612,0.4450833139011899,0.2375872871288358,The solver successfully reached the end of the integration interval.
id-0088,id,88,0.0010000508405838661,0.004705450176906151,0.005001883016823524,31817,train,central,True,True,1.516532959009055,4253,2.293208599090576,-0.027793499379008324,-0.027774163536836483,0.432431139040428,0.22454517032667434,The solver successfully reached the end of the integration interval.
id-0089,id,89,0.0011931170188935454,0.0044903345950084,0.0044921162654212084,31818,train,central,True,True,1.4711562499869615,4085,1.664988398551941,-0.015977401369667632,-0.015976815590200033,0.3862410826975191,0.21714134570916843,The solver successfully reached the end of the integration interval.
id-0090,id,90,0.0009824647608850298,0.004475967189356279,0.005827579983258165,31819,train,central,True,True,1.3418371659936383,4085,2.2942099571228027,-0.01878349340926455,-0.01878109088440283,0.4303593099080436,0.23179417975913721,The solver successfully reached the end of the integration interval.
id-0091,id,91,0.0009523916969470788,0.004044689134416792,0.0054705573741471065,31820,train,central,True,True,1.2596733329992276,3761,1.9237667322158813,-0.027753444279632333,-0.02779831994086024,0.41200817022774255,0.22593470868853283,The solver successfully reached the end of the integration interval.
id-0092,id,92,0.0009143907539058652,0.005642056948834066,0.00514189739520196,31821,train,central,True,True,1.721991208003601,4949,1.878993272781372,-0.01773314701715556,-0.017926912041759224,0.48891738949410984,0.22634864318409317,The solver successfully reached the end of the integration interval.
id-0093,id,93,0.0009970399099528313,0.00533699130468108,0.004747679789843718,31822,train,central,True,True,1.6636851250077598,4733,2.034001111984253,-0.016253153608484894,-0.01627830582573786,0.460573798374366,0.2231557417566016,The solver successfully reached the end of the integration interval.
id-0094,id,94,0.001049227681678966,0.0041400199446112,0.00572992581727716,31823,train,central,True,True,1.319578459020704,3833,1.8706845045089722,-0.024015395281735685,-0.024135873995572155,0.3985644846272699,0.2220148986237823,The solver successfully reached the end of the integration interval.
id-0095,id,95,0.0010216889265024045,0.004065447605946033,0.004294406719797,31824,train,central,True,True,1.3079899169970304,3797,1.6265603303909302,-0.021472313700215295,-0.021528675699364896,0.40103990873324263,0.2256946868440984,The solver successfully reached the end of the integration interval.
id-0096,id,96,0.001007346095981061,0.005128933495593206,0.004214196595916299,31825,train,central,True,True,1.5833303749968763,4553,1.7298824787139893,-0.011364207373947721,-0.011325914474756171,0.45376237171458,0.2265578938189715,The solver successfully reached the end of the integration interval.
id-0097,id,97,0.0008424859036326395,0.0047950916509004815,0.005544693702583123,31826,train,central,True,True,1.5567754580115434,4433,2.3572986125946045,-0.017364942245990278,-0.017357350932911686,0.4709206510286193,0.22754642349237675,The solver successfully reached the end of the integration interval.
id-0098,id,98,0.0011911799602430445,0.004020813211064439,0.005168835650578343,31827,train,central,True,True,1.2883975830045529,3785,2.691786289215088,-0.028407966363594994,-0.028345514124673343,0.35988957989290454,0.2213065510000802,The solver successfully reached the end of the integration interval.
id-0099,id,99,0.000833320707927424,0.005875604211697133,0.0047859090070126046,31828,train,central,True,True,1.7247978750092443,5105,1.862324833869934,-0.014160653277677682,-0.014146778135047278,0.5119922900159011,0.22356979308942695,The solver successfully reached the end of the integration interval.
oodparam-0000,oodparam,0,0.000623495022550968,0.0030773591245090845,0.003091315373384959,41729,train,du_low__dv_low__k_low,True,True,1.0854300420032814,3113,1.7993301153182983,-0.014376372522200143,-0.014355999442962286,0.44002460587620906,0.2360452234826208,The solver successfully reached the end of the integration interval.
oodparam-0001,oodparam,1,0.0007325438478693128,0.003003163310590942,0.003750705885688712,41730,train,du_low__dv_low__k_low,True,True,1.076967415981926,3089,2.827962875366211,-0.014836940342085825,-0.015087973067632987,0.40198815407447275,0.22628589367773116,The solver successfully reached the end of the integration interval.
oodparam-0002,oodparam,2,0.0006630167974305795,0.0037647895140660676,0.0026814831567722416,41731,train,du_low__dv_low__k_low,True,True,1.1804522080055904,3617,1.6478207111358643,-0.005441933877358807,-0.005474518134867878,0.46711708129584195,0.23360805146479827,The solver successfully reached the end of the integration interval.
oodparam-0003,oodparam,3,0.0006845476802175637,0.0036811517892432494,0.0027764671906607224,41732,train,du_low__dv_low__k_low,True,True,1.1679259999946225,3545,1.8415045738220215,-0.009596443758267625,-0.00970421575813929,0.458225060847236,0.23675625610114878,The solver successfully reached the end of the integration interval.
oodparam-0004,oodparam,4,0.0006304549437860498,0.00321199194913642,0.0034936832443091,41733,train,du_low__dv_low__k_low,True,True,1.1949606670241337,3293,1.758222222328186,-0.014126985398394964,-0.014218733829645558,0.45196094173029844,0.23037737983850995,The solver successfully reached the end of the integration interval.
oodparam-0005,oodparam,5,0.0006144828104421004,0.003465337692849716,0.0036266139803869685,41734,train,du_low__dv_low__k_low,True,True,1.2226562919968273,3449,2.096694231033325,-0.011314958790805463,-0.011477722462766238,0.469885375337869,0.22567776825600852,The solver successfully reached the end of the integration interval.
oodparam-0006,oodparam,6,0.000698834474074034,0.0031282637091244016,0.003292646815727068,41735,train,du_low__dv_low__k_low,True,True,1.067814250010997,3233,2.074188709259033,-0.015434902192659194,-0.015427591172618271,0.42205116674653237,0.23134884014397505,The solver successfully reached the end of the integration interval.
oodparam-0007,oodparam,7,0.0006781366981713458,0.0033722217722326393,0.0026135867484819064,41736,train,du_low__dv_low__k_low,True,True,1.122806999977911,3341,1.6561228036880493,-0.011207213446311926,-0.01121396749577297,0.44797398461721843,0.24012239142575345,The solver successfully reached the end of the integration interval.
oodparam-0008,oodparam,8,0.000729400396999241,0.003413072490869031,0.003647525146868574,41737,train,du_low__dv_low__k_low,True,True,1.217771541007096,3413,1.7750153541564941,-0.012240754570222556,-0.012306547844842086,0.4311199353957461,0.23082655918519066,The solver successfully reached the end of the integration interval.
oodparam-0009,oodparam,9,0.0007424827737353926,0.00374330241523987,0.0031651042582493674,41738,train,du_low__dv_low__k_low,True,True,1.2770031660038512,3689,2.1649909019470215,-0.011985079260803388,-0.011920411550958576,0.4471243476184373,0.23859700251091406,The solver successfully reached the end of the integration interval.
oodparam-0010,oodparam,10,0.0006543744981741393,0.003580626083202612,0.003251775187633435,41739,train,du_low__dv_low__k_low,True,True,1.2157839159772266,3521,2.610410451889038,-0.016087950625802705,-0.015871171273270868,0.4617342517937337,0.2317838092060048,The solver successfully reached the end of the integration interval.
oodparam-0011,oodparam,11,0.0007116710262038684,0.003607675965491525,0.002548177996019282,41740,train,du_low__dv_low__k_low,True,True,1.2258620419888757,3557,2.174301862716675,-0.008134776191313975,-0.007906512469496363,0.44867933851099834,0.22909847903658007,The solver successfully reached the end of the integration interval.
oodparam-0012,oodparam,12,0.000709207108611784,0.0034923325347266092,0.002963951156469045,41741,train,du_low__dv_low__k_low,True,True,1.191063625010429,3425,2.279287815093994,-0.006628322764733241,-0.006562610696957627,0.44175226856452726,0.23755709738328704,The solver successfully reached the end of the integration interval.
oodparam-0013,oodparam,13,0.0006422300723310408,0.0032236592816430147,0.0028868809186043238,41742,train,du_low__dv_low__k_low,True,True,1.1430487500037998,3281,2.09041166305542,-0.0071990345727641625,-0.007167676361975239,0.44981159364595535,0.232012052156856,The solver successfully reached the end of the integration interval.
oodparam-0014,oodparam,14,0.0006062044800177464,0.003313581649978932,0.0034061538629864972,41743,train,du_low__dv_low__k_low,True,True,1.1267786249809433,3293,1.8521615266799927,-0.013738322720044494,-0.013955213962873358,0.46177572279139745,0.2354065752511377,The solver successfully reached the end of the integration interval.
oodparam-0015,oodparam,15,0.0006972476301779248,0.003006752402322252,0.006838051077216497,41744,train,du_low__dv_low__k_high,True,True,1.0515639589866623,3101,1.7141820192337036,-0.02823547464417686,-0.028363780960111384,0.41485385805249164,0.22897076033132205,The solver successfully reached the end of the integration interval.
oodparam-0016,oodparam,16,0.0006414179363969654,0.0037244421600474724,0.007467963793510624,41745,train,du_low__dv_low__k_high,True,True,1.2851201250159647,3617,2.0726990699768066,-0.024440637986892,-0.02449948541229574,0.4726094917247517,0.23323203062412548,The solver successfully reached the end of the integration interval.
oodparam-0017,oodparam,17,0.0007323578829225694,0.0035322017146437778,0.006689585968487725,41746,train,du_low__dv_low__k_high,True,True,1.244331375026377,3485,2.3920681476593018,-0.02869807242511513,-0.028754239010083893,0.4411372818462021,0.23145474188516807,The solver successfully reached the end of the integration interval.
oodparam-0018,oodparam,18,0.0006248253417972426,0.0033942081184944154,0.006631538731194631,41747,train,du_low__dv_low__k_high,True,True,1.0987907079979777,3389,1.782130479812622,-0.02421476812884915,-0.024372961862464848,0.4618565259638982,0.22798396244937458,The solver successfully reached the end of the integration interval.
oodparam-0019,oodparam,19,0.0006844308827922681,0.0034464743533933763,0.007406244604459431,41748,train,du_low__dv_low__k_high,True,True,1.084905333002098,3401,1.9655214548110962,-0.025112876673452078,-0.025178437908717655,0.44674272345387606,0.23215301800659188,The solver successfully reached the end of the integration interval.
oodparam-0020,oodparam,20,0.0007128144606168008,0.0031292219489399125,0.00731732508654274,41749,train,du_low__dv_low__k_high,True,True,1.1329129159857985,3197,1.93069326877594,-0.028558104737681667,-0.028483068628169406,0.41796800167235226,0.22783389082006597,The solver successfully reached the end of the integration interval.
oodparam-0021,oodparam,21,0.000676167468173914,0.0036059508251181215,0.007150924480718379,41750,train,du_low__dv_low__k_high,True,True,1.2297261669882573,3509,2.125060796737671,-0.02744001513996608,-0.027363408201601658,0.4593227052841625,0.23222069428051642,The solver successfully reached the end of the integration interval.
oodparam-0022,oodparam,22,0.0007478711211781935,0.0030772596388893244,0.006982599941181776,41751,train,du_low__dv_low__k_high,True,True,1.1239971249888185,3125,1.8539329767227173,-0.033861232667568686,-0.03394537685250043,0.4016514306896969,0.2309144088351322,The solver successfully reached the end of the integration interval.
oodparam-0023,oodparam,23,0.0006623715976683614,0.0032123921417830056,0.00719324171813442,41752,train,du_low__dv_low__k_high,True,True,1.040325333015062,3233,1.5923888683319092,-0.028823769748512973,-0.028845200823788275,0.4383412515443732,0.23144619823595378,The solver successfully reached the end of the integration interval.
oodparam-0024,oodparam,24,0.0007232229372287916,0.003248750128050641,0.006743185311760589,41753,train,du_low__dv_low__k_high,True,True,1.0440448329900391,3209,2.178499221801758,-0.028411197298089164,-0.02841822701832042,0.42300998316439997,0.22836937294401466,The solver successfully reached the end of the integration interval.
oodparam-0025,oodparam,25,0.0006150607214522091,0.003363658501863158,0.006903882432736811,41754,train,du_low__dv_low__k_high,True,True,1.2242032090143766,3341,1.951803207397461,-0.022796171105428087,-0.02293096049930199,0.46657203942545794,0.23658277665083555,The solver successfully reached the end of the integration interval.
oodparam-0026,oodparam,26,0.0006097813397124097,0.00355064467140063,0.006468198966484489,41755,train,du_low__dv_low__k_high,True,True,1.2542302910005674,3473,1.6386960744857788,-0.02662488866992163,-0.0266151723272543,0.47426994009692097,0.2360158087785088,The solver successfully reached the end of the integration interval.
oodparam-0027,oodparam,27,0.0006316470475606536,0.003304394667423751,0.006349142946040309,41756,train,du_low__dv_low__k_high,True,True,1.0891223330108915,3317,2.2053418159484863,-0.023665377706890922,-0.02382387879950082,0.4554944190646635,0.23659268784356885,The solver successfully reached the end of the integration interval.
oodparam-0028,oodparam,28,0.0006572646676420388,0.0037710336003440276,0.00637489195446971,41757,train,du_low__dv_low__k_high,True,True,1.2588139580038842,3737,2.0452613830566406,-0.022354490517747294,-0.022343013192897665,0.47476317291368103,0.2306971732034554,The solver successfully reached the end of the integration interval.
oodparam-0029,oodparam,29,0.0007092410629410471,0.003644363353732898,0.006256842756603042,41758,train,du_low__dv_low__k_high,True,True,1.2668414580111858,3521,2.107069253921509,-0.023638791435637074,-0.02362763542228663,0.45203618208720014,0.22981762514813361,The solver successfully reached the end of the integration interval.
oodparam-0030,oodparam,30,0.0006506554734120669,0.006893195131922276,0.0030061371372449314,41759,train,du_low__dv_high__k_low,True,True,2.089610499999253,5885,2.1588785648345947,-0.006820278388648404,-0.006871596699166815,0.5770349543090394,0.23128100463635703,The solver successfully reached the end of the integration interval.
oodparam-0031,oodparam,31,0.0006441478671772326,0.00683423923899608,0.002726396437189885,41760,train,du_low__dv_high__k_low,True,True,2.0650951669958886,5849,2.005758285522461,-0.009998418686677724,-0.010089196939770062,0.574470095931217,0.23399006770017264,The solver successfully reached the end of the integration interval.
oodparam-0032,oodparam,32,0.0006027206162200118,0.006653572928857231,0.003495158496099335,41761,train,du_low__dv_high__k_low,True,True,2.005746791983256,5717,2.123704671859741,-0.009516001517264172,-0.009562780705820728,0.5851161144525736,0.21402143592322648,The solver successfully reached the end of the integration interval.
oodparam-0033,oodparam,33,0.0006808774337280628,0.006932059474178223,0.003051430679591874,41762,train,du_low__dv_high__k_low,True,True,2.1006206659949385,5921,2.6444578170776367,-0.004308500172470531,-0.0043129434972577485,0.5723935761321156,0.21268583386464046,The solver successfully reached the end of the integration interval.
oodparam-0034,oodparam,34,0.0006120937817706178,0.00676374291915618,0.00313623779046146,41763,train,du_low__dv_high__k_low,True,True,2.0578250420221593,5813,1.6695691347122192,-0.00119371110544364,-0.0012510173478563757,0.5828400266034913,0.22723075215966543,The solver successfully reached the end of the integration interval.
oodparam-0035,oodparam,35,0.0006317204713080743,0.00654008203072611,0.0036860904011209333,41764,train,du_low__dv_high__k_low,True,True,2.0023273330007214,5645,2.194999933242798,-0.005813296604003426,-0.005833907805797622,0.5747759586858087,0.2277487416845886,The solver successfully reached the end of the integration interval.
oodparam-0036,oodparam,36,0.0007019724380710427,0.006686867685618553,0.003344099975900419,41765,train,du_low__dv_high__k_low,True,True,1.992834375007078,5729,1.7494593858718872,-0.011279406104172551,-0.011303901824550877,0.5602798439024146,0.22672879700292645,The solver successfully reached the end of the integration interval.
oodparam-0037,oodparam,37,0.0007190817867937915,0.006229438085738489,0.0033941404539521752,41766,train,du_low__dv_high__k_low,True,True,1.8650860830093734,5381,1.7192636728286743,-0.011381686714010186,-0.011269557186473378,0.5438624349527066,0.2337898437579017,The solver successfully reached the end of the integration interval.
oodparam-0038,oodparam,38,0.0006281095814202254,0.006262807638276658,0.0025761270854903306,41767,train,du_low__dv_high__k_low,True,True,1.9144659159937873,5417,1.86727774143219,-0.0050797240757347595,-0.005106311273760156,0.5664152277949571,0.21991926567581882,The solver successfully reached the end of the integration interval.
oodparam-0039,oodparam,39,0.000723058051125151,0.006621083823020704,0.003215999789970566,41768,train,du_low__dv_high__k_low,True,True,1.9943078329961281,5669,1.72791588306427,-0.0032889463174896605,-0.003263484227733926,0.5537395052390647,0.2298110137617908,The solver successfully reached the end of the integration interval.
oodparam-0040,oodparam,40,0.0007431616846258012,0.0064149727743063175,0.002660088323817515,41769,train,du_low__dv_high__k_low,True,True,1.9875310409988742,5537,1.9534574747085571,-0.000835705315147095,-0.0008609989585117717,0.5464742657194614,0.22476501223466067,The solver successfully reached the end of the integration interval.
oodparam-0041,oodparam,41,0.0006956243684908547,0.006491484085166166,0.003775235873032444,41770,train,du_low__dv_high__k_low,True,True,2.0193131669948343,5585,2.1268019676208496,-0.011018646566498536,-0.011013259849381285,0.5553422587753987,0.22921612957976548,The solver successfully reached the end of the integration interval.
oodparam-0042,oodparam,42,0.0007355083863262039,0.006321880521583189,0.0027849030921966787,41771,train,du_low__dv_high__k_low,True,True,1.989207250007894,5465,1.7709901332855225,-0.006448024583477263,-0.006407392214615726,0.5453247691927317,0.2215715057841742,The solver successfully reached the end of the integration interval.
oodparam-0043,oodparam,43,0.000675731690572102,0.006979115824479748,0.003594660330270146,41772,train,du_low__dv_high__k_low,True,True,2.2035932909930125,5945,2.489041328430176,-0.009839133536812206,-0.009923909862735059,0.5718084964943331,0.2320075569270623,The solver successfully reached the end of the integration interval.
oodparam-0044,oodparam,44,0.0006629626461850305,0.006385082399122236,0.0029162712907029827,41773,train,du_low__dv_high__k_low,True,True,2.0713947500044014,5513,2.29132342338562,-0.009958185164606448,-0.009976580944250912,0.5619357963357846,0.2250390847282007,The solver successfully reached the end of the integration interval.
oodparam-0045,oodparam,45,0.0006277670347715324,0.006516025657634374,0.006816361939500125,41774,train,du_low__dv_high__k_high,True,True,2.127007000002777,5609,1.951005458831787,-0.013459971315263886,-0.013514686760185413,0.5742387081758442,0.2227410896785444,The solver successfully reached the end of the integration interval.
oodparam-0046,oodparam,46,0.0006009883312813471,0.00622819141393895,0.00625679557323335,41775,train,du_low__dv_high__k_high,True,True,2.0603201250196435,5417,1.8986948728561401,-0.015436053974269726,-0.015548052477315721,0.5725518361296887,0.23072869988548644,The solver successfully reached the end of the integration interval.
oodparam-0047,oodparam,47,0.0006671776236446672,0.006731374119722064,0.007095193419591771,41776,train,du_low__dv_high__k_high,True,True,2.145386584015796,5765,2.034712791442871,-0.01809743902681049,-0.018092728348285902,0.5681235146736074,0.22818189677344786,The solver successfully reached the end of the integration interval.
oodparam-0048,oodparam,48,0.0006486326199552617,0.0064083186872645696,0.006485937759628788,41777,train,du_low__dv_high__k_high,True,True,2.006827167002484,5525,1.6104044914245605,-0.014699312038587209,-0.014750744835598795,0.5657409457107403,0.22874070263048452,The solver successfully reached the end of the integration interval.
oodparam-0049,oodparam,49,0.0006911007576864557,0.006734428644926952,0.006585188581407499,41778,train,du_low__dv_high__k_high,True,True,2.0701977089920547,5753,1.8396235704421997,-0.02003270212697217,-0.020040833216258713,0.5628095463660915,0.22710463383568183,The solver successfully reached the end of the integration interval.
oodparam-0050,oodparam,50,0.0006591532417958531,0.00691334485610226,0.007448824152494546,41779,train,du_low__dv_high__k_high,True,True,2.110872000019299,5885,1.9285639524459839,-0.01829338662440194,-0.018254177697450302,0.5743240158488304,0.22632321140931191,The solver successfully reached the end of the integration interval.
oodparam-0051,oodparam,51,0.0007085284319108126,0.006958835901758276,0.006698222540662517,41780,train,du_low__dv_high__k_high,True,True,2.1144961249956395,5933,1.851973295211792,-0.01059645554313704,-0.010613866149629558,0.5671162420068915,0.20957827970573914,The solver successfully reached the end of the integration interval.
oodparam-0052,oodparam,52,0.0006874561278256855,0.0068704375497857465,0.0073693823769789835,41781,train,du_low__dv_high__k_high,True,True,2.0693152919993736,5849,2.393428087234497,-0.016689515690444523,-0.016683196209455353,0.5690948389853261,0.21796949693929932,The solver successfully reached the end of the integration interval.
oodparam-0053,oodparam,53,0.0006759400559876983,0.006544559895919663,0.0063377892137563546,41782,train,du_low__dv_high__k_high,True,True,1.9989115839998703,5645,1.7208389043807983,-0.018409185044674814,-0.018564353641639997,0.5613533488907588,0.22443445161782133,The solver successfully reached the end of the integration interval.
oodparam-0054,oodparam,54,0.0007363290410326733,0.006262655887773241,0.006909660039838292,41783,train,du_low__dv_high__k_high,True,True,1.9301418749964796,5429,1.9378952980041504,-0.014924834424746791,-0.014976400790757793,0.5419705258084404,0.2313847979061423,The solver successfully reached the end of the integration interval.
oodparam-0055,oodparam,55,0.0006336231554847865,0.006636619978839848,0.0063930466952277385,41784,train,du_low__dv_high__k_high,True,True,2.0567413329845294,5693,1.8369522094726562,-0.010200015417495933,-0.01027846011849931,0.57327828516974,0.2271723783245853,The solver successfully reached the end of the integration interval.
oodparam-0056,oodparam,56,0.0007265209878492173,0.006808335262212145,0.006803041711002331,41785,train,du_low__dv_high__k_high,True,True,2.066265542001929,5837,1.5510302782058716,-0.014942836915224689,-0.014989722507196657,0.559627132696109,0.22524795392791272,The solver successfully reached the end of the integration interval.
oodparam-0057,oodparam,57,0.0007431232685201663,0.006427969717970705,0.007043795135313577,41786,train,du_low__dv_high__k_high,True,True,1.9647468749899417,5525,2.1404294967651367,-0.01919326602513749,-0.01922420872110453,0.5465766998281851,0.22518302761260353,The solver successfully reached the end of the integration interval.
oodparam-0058,oodparam,58,0.0006183475342608847,0.006579158741920341,0.0072472852861497315,41787,train,du_low__dv_high__k_high,True,True,2.0093287080235314,5681,1.8999488353729248,-0.016460739118855372,-0.016448836047048943,0.5782080297759195,0.2180708401833856,The solver successfully reached the end of the integration interval.
oodparam-0059,oodparam,59,0.0007134430923903439,0.006358803117678979,0.007228832589888882,41788,train,du_low__dv_high__k_high,True,True,1.8868408749985974,5489,1.7431070804595947,-0.017311206432594872,-0.017335256452690295,0.5507859601269796,0.22971218272704155,The solver successfully reached the end of the integration interval.
oodparam-0060,oodparam,60,0.0012930008264804883,0.0033136122295418383,0.0033720936602377885,41789,train,du_high__dv_low__k_low,True,True,1.156728457979625,3233,1.6794908046722412,-0.02534461062327864,-0.02543771484642221,0.29677517528918557,0.19518569503199953,The solver successfully reached the end of the integration interval.
oodparam-0061,oodparam,61,0.0013514238725682577,0.00332924770014537,0.0037435998824398658,41790,train,du_high__dv_low__k_low,True,True,1.1452210830175318,3221,1.7499823570251465,-0.031654692889951264,-0.03158569793465382,0.28379024479461074,0.18680598200189916,The solver successfully reached the end of the integration interval.
oodparam-0062,oodparam,62,0.0013051792832093876,0.003080254928595485,0.0026660895040450127,41791,train,du_high__dv_low__k_low,True,True,0.9954811669886112,3053,2.9596667289733887,-0.02065861143072248,-0.020698782670944382,0.2732010211988785,0.1861368776344594,The solver successfully reached the end of the integration interval.
oodparam-0063,oodparam,63,0.0013197259297654657,0.0035232009471684216,0.0035993238223256873,41792,train,du_high__dv_low__k_low,True,True,1.124370709003415,3353,2.0244338512420654,-0.02441160209926352,-0.024381002092658477,0.3060806094651586,0.19909828312038175,The solver successfully reached the end of the integration interval.
oodparam-0064,oodparam,64,0.0013478323715963483,0.0035925318091843935,0.0030678023945318305,41793,train,du_high__dv_low__k_low,True,True,1.2215261250094045,3413,2.324146032333374,-0.03186271234473992,-0.03180190749641909,0.30530290723702275,0.1957781272616994,The solver successfully reached the end of the integration interval.
oodparam-0065,oodparam,65,0.0013245974512718205,0.003165508896096349,0.0027416754345397547,41794,train,du_high__dv_low__k_low,True,True,1.1369729170110077,3101,1.5318444967269897,-0.019559693466858263,-0.019632285407823247,0.2758307348609301,0.18619935578833177,The solver successfully reached the end of the integration interval.
oodparam-0066,oodparam,66,0.0013789838848533031,0.0032181192862655358,0.0034983119480417723,41795,train,du_high__dv_low__k_low,True,True,1.066944958991371,3161,1.8906550407409668,-0.03897794090194395,-0.0390613159875528,0.26609798066120194,0.18776516069658236,The solver successfully reached the end of the integration interval.
oodparam-0067,oodparam,67,0.0013814936543796383,0.003571651040862159,0.002816863932184835,41796,train,du_high__dv_low__k_low,True,True,1.1494335420138668,3413,2.4299728870391846,-0.02852731542118292,-0.02861158417243459,0.29428220880734274,0.1867804203229607,The solver successfully reached the end of the integration interval.
oodparam-0068,oodparam,68,0.0013960739247796702,0.003400313148065251,0.0030094410409043405,41797,train,du_high__dv_low__k_low,True,True,1.1814115830056835,3245,1.8527939319610596,-0.033417366356920386,-0.03346795430693872,0.2823335017590705,0.18933795016087857,The solver successfully reached the end of the integration interval.
oodparam-0069,oodparam,69,0.001268130756918138,0.0030287976069481074,0.0031992321293638584,41798,train,du_high__dv_low__k_low,True,True,1.116949957999168,3017,1.7855250835418701,-0.0270776545568836,-0.027111299260496102,0.27473247667125905,0.18599410553098544,The solver successfully reached the end of the integration interval.
oodparam-0070,oodparam,70,0.0012776643406062136,0.003699225494201367,0.003282952605758573,41799,train,du_high__dv_low__k_low,True,True,1.1716459589952137,3533,2.3793699741363525,-0.017348062787856833,-0.01738688022061652,0.32372638711923446,0.20645280407777755,The solver successfully reached the end of the integration interval.
oodparam-0071,oodparam,71,0.0013654605043820624,0.0034540407625889796,0.002564226753352662,41800,train,du_high__dv_low__k_low,True,True,1.0696868750092108,3293,2.1574320793151855,-0.023544048564492215,-0.023692577680523463,0.2919197691062854,0.1960096255086821,The solver successfully reached the end of the integration interval.
oodparam-0072,oodparam,72,0.0012546123865124813,0.0036733500154022894,0.0028941161859186255,41801,train,du_high__dv_low__k_low,True,True,1.2636755410057958,3485,2.766206741333008,-0.020566864083334746,-0.020517557985783696,0.3283540217994404,0.2070237224516736,The solver successfully reached the end of the integration interval.
oodparam-0073,oodparam,73,0.001337843541573002,0.0037580512967600216,0.003677346729522438,41802,train,du_high__dv_low__k_low,True,True,1.2930472500156611,3557,1.8588484525680542,-0.038818355532458604,-0.03877943659642202,0.31507251826494564,0.20065140796523148,The solver successfully reached the end of the integration interval.
oodparam-0074,oodparam,74,0.0012836699840600126,0.0031124262690400565,0.003148152288677266,41803,train,du_high__dv_low__k_low,True,True,0.9651393749809358,3029,1.9848637580871582,-0.034004495489495135,-0.034040918992378266,0.27583765858367576,0.18955213940077062,The solver successfully reached the end of the integration interval.
oodparam-0075,oodparam,75,0.0013218085088900072,0.0030383922352541647,0.006392963845523822,41804,train,du_high__dv_low__k_high,True,True,0.9794378750084434,3041,2.128817319869995,-0.062481709379945016,-0.06261025477447824,0.2634999021912019,0.18085163713429492,The solver successfully reached the end of the integration interval.
oodparam-0076,oodparam,76,0.0012586926698741926,0.0032981916111894933,0.007088648964578119,41805,train,du_high__dv_low__k_high,True,True,1.1582513329922222,3197,2.2554283142089844,-0.04810559304446649,-0.04811677630254607,0.2961762984513726,0.19160958142903486,The solver successfully reached the end of the integration interval.
oodparam-0077,oodparam,77,0.0013753062671114245,0.0037009843024748655,0.0070597756679902654,41806,train,du_high__dv_low__k_high,True,True,1.233384166000178,3533,2.0418925285339355,-0.05502872114169932,-0.055141041895744536,0.29897101836235856,0.19133773680121913,The solver successfully reached the end of the integration interval.
oodparam-0078,oodparam,78,0.0013559244971072149,0.0032566816238423337,0.006463125897575596,41807,train,du_high__dv_low__k_high,True,True,1.096150833007414,3185,2.4951937198638916,-0.05472416544781766,-0.0547073154055866,0.27145099699900854,0.1840075031427244,The solver successfully reached the end of the integration interval.
oodparam-0079,oodparam,79,0.0013604121647428833,0.0030727320132709836,0.00745445162842839,41808,train,du_high__dv_low__k_high,True,True,0.9843850420147646,3065,2.2426135540008545,-0.07890743884136597,-0.07893800830704656,0.2475853564502977,0.17618278874781973,The solver successfully reached the end of the integration interval.
oodparam-0080,oodparam,80,0.0013954321580955604,0.0034834108811439054,0.007341896063468339,41809,train,du_high__dv_low__k_high,True,True,1.1292612079996616,3317,1.6168203353881836,-0.06119871561849877,-0.06131584213198238,0.28249927898436583,0.1889235199960497,The solver successfully reached the end of the integration interval.
oodparam-0081,oodparam,81,0.0013011036451423285,0.0037985491808282105,0.007295226336429847,41810,train,du_high__dv_low__k_high,True,True,1.278656125010457,3569,1.8592479228973389,-0.04837716066755959,-0.04831554541996397,0.324973939737428,0.20025200345601235,The solver successfully reached the end of the integration interval.
oodparam-0082,oodparam,82,0.0013304299514858686,0.0036434705376877548,0.007220507791134371,41811,train,du_high__dv_low__k_high,True,True,1.2454689589794725,3473,2.1590428352355957,-0.05190768201764939,-0.05199710355353915,0.3117448597404181,0.20053089757257028,The solver successfully reached the end of the integration interval.
oodparam-0083,oodparam,83,0.0012640734403827102,0.003133676535871484,0.006699895568644454,41812,train,du_high__dv_low__k_high,True,True,1.0409149999904912,3065,1.937487244606018,-0.06080689966052688,-0.06100921955763283,0.2805332911448062,0.18937380959283076,The solver successfully reached the end of the integration interval.
oodparam-0084,oodparam,84,0.0013174982303361777,0.003558806085701819,0.00626234551205667,41813,train,du_high__dv_low__k_high,True,True,1.076082666986622,3413,1.7456026077270508,-0.04640165308254618,-0.046574128868790865,0.3036105962268289,0.19733279921137611,The solver successfully reached the end of the integration interval.
oodparam-0085,oodparam,85,0.0013417147891923854,0.0034484310682763144,0.006754032850192269,41814,train,du_high__dv_low__k_high,True,True,1.15602837500046,3305,2.1858129501342773,-0.05358667151730678,-0.05364983233799947,0.2919959984303026,0.19045252183293324,The solver successfully reached the end of the integration interval.
oodparam-0086,oodparam,86,0.001288657008616548,0.003351271602818004,0.006624333651257756,41815,train,du_high__dv_low__k_high,True,True,1.1730937919928692,3257,2.305204153060913,-0.05919393284527441,-0.05925173090700753,0.2938843881498225,0.19332850234311458,The solver successfully reached the end of the integration interval.
oodparam-0087,oodparam,87,0.0012942923866768104,0.003212765596176753,0.006897951533561685,41816,train,du_high__dv_low__k_high,True,True,1.1305192500003614,3161,2.572340726852417,-0.06399999763968633,-0.06407929688940239,0.28244766196296744,0.18698051756422052,The solver successfully reached the end of the integration interval.
oodparam-0088,oodparam,88,0.001381274958950825,0.00337721790728536,0.00629374035544691,41817,train,du_high__dv_low__k_high,True,True,1.013197833992308,3233,2.025846242904663,-0.05420558198221492,-0.05422824555023009,0.27737298036749863,0.18677750185840156,The solver successfully reached the end of the integration interval.
oodparam-0089,oodparam,89,0.0012782849625560886,0.0036011451736568394,0.006863199345358725,41818,train,du_high__dv_low__k_high,True,True,1.194452875002753,3461,1.9435207843780518,-0.04735454536171624,-0.0474842878160473,0.3159388781030121,0.20094251835206364,The solver successfully reached the end of the integration interval.
oodparam-0090,oodparam,90,0.0013831747343710002,0.006649214853899711,0.0031271765774953954,41819,train,du_high__dv_high__k_low,True,True,2.0462453340005595,5717,2.4975359439849854,-0.012077672993143551,-0.012045951359009877,0.4374895593601805,0.21561963553143626,The solver successfully reached the end of the integration interval.
oodparam-0091,oodparam,91,0.001365501511099711,0.006208388092091583,0.0036854909465636396,41820,train,du_high__dv_high__k_low,True,True,1.9512334580067545,5357,1.8456380367279053,-0.01599553652541097,-0.01607452234024065,0.42904263454200237,0.2193012593507305,The solver successfully reached the end of the integration interval.
oodparam-0092,oodparam,92,0.001292571917420424,0.006727053776671173,0.0026822423751831762,41821,train,du_high__dv_high__k_low,True,True,1.9877703329839278,5753,1.8404737710952759,-0.0068306112411136155,-0.006836774702963844,0.4543101465702334,0.22025670117339166,The solver successfully reached the end of the integration interval.
oodparam-0093,oodparam,93,0.001327004770498173,0.006770340665824278,0.002765661143468455,41822,train,du_high__dv_high__k_low,True,True,2.0264412079995964,5801,2.3802220821380615,-0.0008672531251789906,-0.0009556716921359509,0.45016175321097374,0.21852135960086858,The solver successfully reached the end of the integration interval.
oodparam-0094,oodparam,94,0.0012688279469146007,0.006467517567643219,0.003298153942684284,41823,train,du_high__dv_high__k_low,True,True,2.005463207984576,5549,1.6437041759490967,-0.004538714265643229,-0.004564102136313863,0.45253688357491195,0.21988306372002575,The solver successfully reached the end of the integration interval.
oodparam-0095,oodparam,95,0.0013375165524355808,0.006584338531727078,0.0037631714583130377,41824,train,du_high__dv_high__k_low,True,True,2.0327572079841048,5657,2.2801241874694824,-0.019491483521343334,-0.019412829606213933,0.44232224482115773,0.2170135517354339,The solver successfully reached the end of the integration interval.
oodparam-0096,oodparam,96,0.0013584854651482426,0.00643518263127943,0.003062053346888931,41825,train,du_high__dv_high__k_low,True,True,1.9629692919843365,5561,1.6619707345962524,-0.005113393792228749,-0.005165818941364364,0.43366630710906307,0.21617245400458782,The solver successfully reached the end of the integration interval.
oodparam-0097,oodparam,97,0.0012897793555798108,0.006909159494680629,0.0035925295091761454,41826,train,du_high__dv_high__k_low,True,True,2.0841421659861226,5897,2.132368803024292,-0.018387787251327836,-0.01841911555114706,0.4609840130456972,0.22059821114894096,The solver successfully reached the end of the integration interval.
oodparam-0098,oodparam,98,0.001311169226953771,0.0069632597843160135,0.0025983054444546298,41827,train,du_high__dv_high__k_low,True,True,2.1118083750188816,5933,1.7163165807724,-0.008411437601417049,-0.008361437120231408,0.459128663971495,0.2193164268140475,The solver successfully reached the end of the integration interval.
oodparam-0099,oodparam,99,0.0013769912875176637,0.006264651925504984,0.003518864073041219,41828,train,du_high__dv_high__k_low,True,True,1.9766258750169072,5429,1.7956277132034302,-0.0286672737085496,-0.028516046630284064,0.42442318813529484,0.21780556000950077,The solver successfully reached the end of the integration interval.
oodparam-0100,oodparam,100,0.0013460228282362234,0.006832787700435029,0.003228509474345993,41829,train,du_high__dv_high__k_low,True,True,2.0045212080003694,5837,2.3378162384033203,-0.00354420239993658,-0.003256641132701077,0.453785807183957,0.22567155981306286,The solver successfully reached the end of the integration interval.
oodparam-0101,oodparam,101,0.0013097440714771684,0.006530479197596849,0.0029510653786777507,41830,train,du_high__dv_high__k_low,True,True,1.9170820830040611,5597,2.1580846309661865,-0.01541702073167528,-0.015366879977058545,0.44618013559159464,0.22465926483810708,The solver successfully reached the end of the integration interval.
oodparam-0102,oodparam,102,0.0013912620505846535,0.0068401245913606665,0.002510549817627308,41831,train,du_high__dv_high__k_low,True,True,2.0981029579997994,5837,1.557431936264038,-0.003840400228057206,-0.003832538267484864,0.44665288962198396,0.22036886460421978,The solver successfully reached the end of the integration interval.
oodparam-0103,oodparam,103,0.0012508002050447408,0.006377624285672695,0.0028749876076459534,41832,train,du_high__dv_high__k_low,True,True,2.0074528340192046,5501,2.1443331241607666,-0.0018015091616234713,-0.0019557531148457485,0.4456774884242444,0.2170425027188793,The solver successfully reached the end of the integration interval.
oodparam-0104,oodparam,104,0.0012762746057662822,0.00631198779059195,0.003433630078760008,41833,train,du_high__dv_high__k_low,True,True,1.902591416001087,5441,1.8060129880905151,-0.018563882734213166,-0.01854348014889684,0.44582115055926475,0.21998549029776057,The solver successfully reached the end of the integration interval.
oodparam-0105,oodparam,105,0.0013440265297610628,0.006283458310704484,0.007314999855160597,41834,train,du_high__dv_high__k_high,True,True,1.885115000011865,5429,2.5458741188049316,-0.026566151774019886,-0.026724478273528973,0.43503000928208885,0.22184146259491852,The solver successfully reached the end of the integration interval.
oodparam-0106,oodparam,106,0.0013006131664316703,0.006812481055381545,0.006315553083810114,41835,train,du_high__dv_high__k_high,True,True,2.1092692079837434,5813,2.250697612762451,-0.016505325470838272,-0.016530098524027537,0.45510547393289713,0.22377185260211901,The solver successfully reached the end of the integration interval.
oodparam-0107,oodparam,107,0.0012877601889616916,0.006974133075072097,0.00748596366201793,41836,train,du_high__dv_high__k_high,True,True,2.211430333991302,5957,2.0130269527435303,-0.03031927811269952,-0.030323897970610858,0.4614141344099367,0.22525614497377477,The solver successfully reached the end of the integration interval.
oodparam-0108,oodparam,108,0.0013720021138510525,0.006233258040966795,0.006260891514616308,41837,train,du_high__dv_high__k_high,True,True,1.967069749982329,5369,1.934584379196167,-0.02442414058444342,-0.02434966080679324,0.42570797255204323,0.22603513246700685,The solver successfully reached the end of the integration interval.
oodparam-0109,oodparam,109,0.0013872939300133683,0.006780318450234991,0.007169618761979725,41838,train,du_high__dv_high__k_high,True,True,2.189613541995641,5801,2.1284854412078857,-0.024659258795118433,-0.024870623866405595,0.44137982305700146,0.2189420206576822,The solver successfully reached the end of the integration interval.
oodparam-0110,oodparam,110,0.001298068114757164,0.006402492206544607,0.006739321447633253,41839,train,du_high__dv_high__k_high,True,True,2.0389274159970228,5489,2.375659465789795,-0.022944821438052543,-0.023144679633617216,0.4417718534178975,0.215996963244797,The solver successfully reached the end of the integration interval.
oodparam-0111,oodparam,111,0.0012721231819606386,0.006548493410219978,0.007025917864003009,41840,train,du_high__dv_high__k_high,True,True,2.095337209000718,5633,2.297041654586792,-0.023669884058364232,-0.023649067654789135,0.4523462210672356,0.22896473574826318,The solver successfully reached the end of the integration interval.
oodparam-0112,oodparam,112,0.0013630479468855238,0.006708280827977344,0.0073585713964517616,41841,train,du_high__dv_high__k_high,True,True,2.120941707980819,5729,1.7874939441680908,-0.031018542345115918,-0.031025411861609342,0.44324112202670063,0.22577789975381188,The solver successfully reached the end of the integration interval.
oodparam-0113,oodparam,113,0.0013271539754821783,0.006457227166624039,0.00664333738496221,41842,train,du_high__dv_high__k_high,True,True,2.012628833006602,5549,2.3631865978240967,-0.025219912685406243,-0.025233749646595527,0.4426233323045662,0.22181454883891996,The solver successfully reached the end of the integration interval.
oodparam-0114,oodparam,114,0.0013975055120645816,0.006358266885372403,0.006908213670691391,41843,train,du_high__dv_high__k_high,True,True,1.9452879159944132,5465,2.5394015312194824,-0.02922798578007413,-0.029276014971813424,0.4275979975336822,0.22159253758614494,The solver successfully reached the end of the integration interval.
oodparam-0115,oodparam,115,0.0013114070228142927,0.006848887277301634,0.006623835135838003,41844,train,du_high__dv_high__k_high,True,True,2.1065263749915175,5861,1.7352718114852905,-0.0180072751440008,-0.01792740317953445,0.4546757351519475,0.22084478200987478,The solver successfully reached the end of the integration interval.
oodparam-0116,oodparam,116,0.001335702473689144,0.00661542309472845,0.007112613589303489,41845,train,du_high__dv_high__k_high,True,True,2.0414166249975096,5681,1.6351548433303833,-0.02909324782024214,-0.029132766559200052,0.44004493084669355,0.22024332574312072,The solver successfully reached the end of the integration interval.
oodparam-0117,oodparam,117,0.0012607157746250225,0.006633309014978924,0.006882784426451085,41846,train,du_high__dv_high__k_high,True,True,2.029002292023506,5681,2.016345262527466,-0.01902265760505628,-0.0191206459751605,0.4551247166747439,0.2237594160621275,The solver successfully reached the end of the integration interval.
oodparam-0118,oodparam,118,0.0013589459326295108,0.006927815565248795,0.00650036047109555,41847,train,du_high__dv_high__k_high,True,True,2.078409916983219,5909,1.6996618509292603,-0.021899584224900154,-0.021917292858319115,0.45245340015148,0.21641120575467224,The solver successfully reached the end of the integration interval.
oodparam-0119,oodparam,119,0.0012542570446728372,0.006512998446748154,0.0064271049284036035,41848,train,du_high__dv_high__k_high,True,True,1.966255250008544,5597,2.2731659412384033,-0.01864500435412464,-0.018613521169673852,0.4550225191064294,0.2204301101050953,The solver successfully reached the end of the integration interval.
oodic-0000,oodic,0,0.0011322084383153797,0.004322036272742423,0.0041595402526925064,51729,ood,central,True,True,1.4910448340233415,3905,2.899336099624634,-0.02504125841176652,-0.025262526162425303,0.3842811354718032,0.19225410477835547,The solver successfully reached the end of the integration interval.
oodic-0001,oodic,1,0.0008912175507501016,0.005003618251710048,0.004880547423490405,51730,ood,central,True,True,1.5610971249989234,4397,2.8043344020843506,-0.017973045358139927,-0.017857346473814317,0.4676402610620328,0.19449388919884206,The solver successfully reached the end of the integration interval.
oodic-0002,oodic,2,0.0008751383188492102,0.004274251551848498,0.005656159429175096,51731,ood,central,True,True,1.3791274999966845,3857,3.3095431327819824,-0.022932219799231657,-0.022880860814639803,0.43599405966269544,0.1966372227329115,The solver successfully reached the end of the integration interval.
oodic-0003,oodic,3,0.0010725648350170729,0.00575043088196945,0.005568222639602148,51732,ood,central,True,True,1.7700374169799034,4961,2.8611562252044678,-0.021955640347073313,-0.02197977732648937,0.454117568026914,0.1843689521601033,The solver successfully reached the end of the integration interval.
oodic-0004,oodic,4,0.0010556552931663542,0.005388558154118116,0.004510207050242121,51733,ood,central,True,True,1.693121375021292,4709,3.101283073425293,-0.021347536797961197,-0.02143610048860145,0.4392784278234413,0.18222542602725234,The solver successfully reached the end of the integration interval.
oodic-0005,oodic,5,0.0010411697723010295,0.005794772537418187,0.00434842515315938,51734,ood,central,True,True,1.7881113330076914,5009,3.029109001159668,-0.019721806572338352,-0.01971756528081059,0.4643794125394623,0.19148219308718595,The solver successfully reached the end of the integration interval.
oodic-0006,oodic,6,0.0009000821873837411,0.005079249215426922,0.004970409583249394,51735,ood,central,True,True,1.5879944159823935,4457,3.180539131164551,-0.012974655264741841,-0.012883097827029566,0.46404018157684024,0.18754858772007083,The solver successfully reached the end of the integration interval.
oodic-0007,oodic,7,0.0011704039015741005,0.00467037030659807,0.005193892310752971,51736,ood,central,True,True,1.4607729999988806,4157,3.166698455810547,-0.023641241523421286,-0.023738583423438264,0.39783381278043267,0.19742183502365881,The solver successfully reached the end of the integration interval.
oodic-0008,oodic,8,0.0008468559078185279,0.005739247215441584,0.004241340489894125,51737,ood,central,True,True,1.7810649999883026,4949,2.783825397491455,-0.013554521887982673,-0.013486668429497861,0.49895303092851684,0.19056362363765597,The solver successfully reached the end of the integration interval.
oodic-0009,oodic,9,0.0010908576328874703,0.005921680430220044,0.004020158456088031,51738,ood,central,True,True,1.8228037910012063,5081,2.761634111404419,-0.018291741324862443,-0.018551376993926283,0.4663584927434861,0.20683147077214584,The solver successfully reached the end of the integration interval.
oodic-0010,oodic,10,0.0011899843581804155,0.005577259848147383,0.004270118098750951,51739,ood,central,True,True,1.7575310829852242,4853,3.0467073917388916,-0.023220582100235032,-0.02319471191942135,0.43178164986906487,0.1996470586215042,The solver successfully reached the end of the integration interval.
oodic-0011,oodic,11,0.0008816263442982349,0.004435771959327163,0.005892563898738886,51740,ood,central,True,True,1.4461829159990884,3977,2.7054386138916016,-0.01673552532817979,-0.016857264628642454,0.4479652243738318,0.20363088960969258,The solver successfully reached the end of the integration interval.
oodic-0012,oodic,12,0.0008450315671451762,0.005448416642139862,0.004175445635924594,51741,ood,central,True,True,1.6920363329991233,4721,3.1689529418945312,-0.013738127214399043,-0.014010476993209675,0.48938866116056473,0.19021845917532046,The solver successfully reached the end of the integration interval.
oodic-0013,oodic,13,0.0009066359984226691,0.004854770334020353,0.0045288655466035836,51742,ood,central,True,True,1.5035866250109393,4277,2.786224603652954,-0.015728737161296635,-0.015783347019119986,0.45749151559507145,0.20098922878436473,The solver successfully reached the end of the integration interval.
oodic-0014,oodic,14,0.001103785699929708,0.004623146027808674,0.0050329902849770985,51743,ood,central,True,True,1.5203720410063397,4133,3.395454168319702,-0.015952135812128176,-0.016055734415926892,0.4044062641057492,0.19082555619811958,The solver successfully reached the end of the integration interval.
oodic-0015,oodic,15,0.0009295847962407717,0.0045575727190265355,0.004678758324364378,51744,ood,central,True,True,1.5005297089810483,4073,2.8506662845611572,-0.01793774384369229,-0.017828466288776212,0.44051163074278993,0.1950700063677671,The solver successfully reached the end of the integration interval.
oodic-0016,oodic,16,0.0010577062874852672,0.005691720279864594,0.005862780615396928,51745,ood,central,True,True,1.7206944999925327,4949,3.42769193649292,-0.02298631346725699,-0.02304858750154004,0.4542169457164701,0.19707400133606182,The solver successfully reached the end of the integration interval.
oodic-0017,oodic,17,0.0011634224049886822,0.0040077354116191035,0.004038461532042863,51746,ood,central,True,True,1.3085817499959376,3677,3.8713321685791016,-0.02110545155241006,-0.021071565335795128,0.3656572982953357,0.19894960064206585,The solver successfully reached the end of the integration interval.
oodic-0018,oodic,18,0.0011972171840333224,0.004488605899549596,0.005090784783183035,51747,ood,central,True,True,1.437973708001664,4037,3.114135503768921,-0.03835344101979388,-0.038384774033096036,0.38372000384805555,0.19969657112506858,The solver successfully reached the end of the integration interval.
oodic-0019,oodic,19,0.0011571122920333208,0.005614095083988662,0.004851084161650032,51748,ood,central,True,True,1.71084049998899,4865,2.8403706550598145,-0.0189863647634958,-0.018966520530725894,0.4383007587392225,0.19849943179873283,The solver successfully reached the end of the integration interval.
oodic-0020,oodic,20,0.0008408440674533311,0.005477429456023007,0.0045671145976513994,51749,ood,central,True,True,1.7327661660092417,4745,3.636118173599243,-0.016156882207148726,-0.016267983681967024,0.4974541167758617,0.2068653850525179,The solver successfully reached the end of the integration interval.
oodic-0021,oodic,21,0.0008622782100983427,0.004894854415622694,0.004592140083427174,51750,ood,central,True,True,1.630294792004861,4337,3.155118227005005,-0.014859267356924555,-0.014785665995095343,0.4707153544834549,0.1955907079201416,The solver successfully reached the end of the integration interval.
oodic-0022,oodic,22,0.0010789292347838915,0.0056718766956052975,0.004113052141453602,51751,ood,central,True,True,1.731011416995898,4913,3.3762400150299072,-0.014676806467306847,-0.014507934973812198,0.4525712617109325,0.19629493838414266,The solver successfully reached the end of the integration interval.
oodic-0023,oodic,23,0.0008680762797193071,0.005285203119112156,0.005717700798368169,51752,ood,central,True,True,1.6065781250072177,4613,3.4670069217681885,-0.027720748076957236,-0.028010224502589054,0.47788900677040896,0.1896152454947015,The solver successfully reached the end of the integration interval.
oodic-0024,oodic,24,0.0011387123503886114,0.005111765130805499,0.0051285371577222075,51753,ood,central,True,True,1.577580291981576,4469,3.645397901535034,-0.022694464712582074,-0.022683701269230028,0.42362673632940656,0.20103052955702727,The solver successfully reached the end of the integration interval.
oodic-0025,oodic,25,0.0008976692969916726,0.004368949233937498,0.004127194411571702,51754,ood,central,True,True,1.4425572080072016,3929,2.8684396743774414,-0.01784015755963253,-0.017826841956868122,0.44251353557861567,0.202806593429463,The solver successfully reached the end of the integration interval.
oodic-0026,oodic,26,0.0008103160165042656,0.004959762082924196,0.005173197401453207,51755,ood,central,True,True,1.5365546669927426,4373,2.994493246078491,-0.020939221448536216,-0.020891164521062322,0.48064225911760294,0.19791883998197168,The solver successfully reached the end of the integration interval.
oodic-0027,oodic,27,0.0009487985223744915,0.005876026442802086,0.005968701867181235,51756,ood,central,True,True,1.7748738749942277,5045,3.2936975955963135,-0.02531317623106588,-0.02526290168901113,0.47883898268908914,0.19083399226971406,The solver successfully reached the end of the integration interval.
oodic-0028,oodic,28,0.000995316404406999,0.004696082894291703,0.005649465538839982,51757,ood,central,True,True,1.4880845840089023,4181,3.370555877685547,-0.023991214287114815,-0.023825756169450152,0.4265387194578045,0.19733473823332917,The solver successfully reached the end of the integration interval.
oodic-0029,oodic,29,0.0009675238329769876,0.004056965265553588,0.0059045350123412025,51758,ood,central,True,True,1.3642608750087675,3713,3.5564730167388916,-0.025454567312003462,-0.025410777893608127,0.3986663423233942,0.18103716809810258,The solver successfully reached the end of the integration interval.
oodic-0030,oodic,30,0.001141987711136324,0.005535063358536632,0.00453620466856118,51759,ood,central,True,True,1.6529005420161411,4793,2.7871503829956055,-0.01727079322293079,-0.017226074050816553,0.441611296716054,0.211767787687673,The solver successfully reached the end of the integration interval.
oodic-0031,oodic,31,0.0010308363558915192,0.005811543727499984,0.00449718441069829,51760,ood,central,True,True,1.731823499983875,5009,2.8360836505889893,-0.016534176639638076,-0.01658165581282489,0.4736214473335176,0.19700123887434712,The solver successfully reached the end of the integration interval.
oodic-0032,oodic,32,0.0008962212865984946,0.004238407329973569,0.004828196758800336,51761,ood,central,True,True,1.3869855419907253,3833,3.591712474822998,-0.020615991716891546,-0.020904866958433743,0.43564485753017795,0.19770728233146156,The solver successfully reached the end of the integration interval.
oodic-0033,oodic,33,0.0009330538982328456,0.004261180427624217,0.004953775440220491,51762,ood,central,True,True,1.371378084004391,3857,3.368598222732544,-0.019650805658274706,-0.019661435763264734,0.4235449634037506,0.19777663492482622,The solver successfully reached the end of the integration interval.
oodic-0034,oodic,34,0.0009886097698281848,0.004095622431190823,0.004790005809740013,51763,ood,central,True,True,1.2234432499972172,3737,3.6196231842041016,-0.030385844832771625,-0.03050425481272967,0.4013650326457532,0.2011790311523557,The solver successfully reached the end of the integration interval.
oodic-0035,oodic,35,0.0008511974913830251,0.005279925038160939,0.005209379551566429,51764,ood,central,True,True,1.61048825000762,4589,2.563858985900879,-0.021125204540311415,-0.021138638970398915,0.4879358803400869,0.19057681781858846,The solver successfully reached the end of the integration interval.
oodic-0036,oodic,36,0.0008219694455421429,0.005903128696095683,0.004557659017488722,51765,ood,central,True,True,1.734910500003025,5069,3.0115766525268555,-0.015271996908818863,-0.01530548718642244,0.5118260826634132,0.1825887731688443,The solver successfully reached the end of the integration interval.
oodic-0037,oodic,37,0.0010808046700706265,0.004566941392397622,0.004708164306628672,51766,ood,central,True,True,1.5239602499932516,4085,3.1135740280151367,-0.029964768173350365,-0.030076756887979172,0.4088203440499262,0.2033532938482161,The solver successfully reached the end of the integration interval.
oodic-0038,oodic,38,0.000838608046092391,0.004871149819525697,0.0058350970530373445,51767,ood,central,True,True,1.4649526250141207,4289,3.184532642364502,-0.01787724155659376,-0.017865333339790457,0.4710208749393542,0.18858022842313402,The solver successfully reached the end of the integration interval.
oodic-0039,oodic,39,0.0011744998149175458,0.0048353257251855354,0.004767361104732304,51768,ood,central,True,True,1.5608629169873893,4265,3.289933681488037,-0.022581110906777724,-0.02266566293356931,0.4092853919967813,0.2078191655501346,The solver successfully reached the end of the integration interval.
oodic-0040,oodic,40,0.0008255033915466396,0.0051300511243177575,0.0047190758758115505,51769,ood,central,True,True,1.6207247079873923,4493,3.1813061237335205,-0.008783657338285789,-0.008766349573861021,0.4846148970885861,0.19252491839334096,The solver successfully reached the end of the integration interval.
oodic-0041,oodic,41,0.0011776589575352822,0.00508947646661723,0.005948063793927912,51770,ood,central,True,True,1.58507208302035,4493,3.4282586574554443,-0.028834799195450955,-0.02942593871820698,0.4058471392264275,0.1869741225758421,The solver successfully reached the end of the integration interval.
oodic-0042,oodic,42,0.0011862118330004028,0.00577584317067475,0.00419510929359665,51771,ood,central,True,True,1.742639833013527,4985,2.6166136264801025,-0.022920299874879646,-0.023097688991221332,0.43885047663450305,0.2036016843369576,The solver successfully reached the end of the integration interval.
oodic-0043,oodic,43,0.0009342217336929765,0.005501985856449997,0.004601773044147009,51772,ood,central,True,True,1.6720552079787012,4757,2.8916752338409424,-0.013190479337723104,-0.013044569932741723,0.4744607918292388,0.19118305921271234,The solver successfully reached the end of the integration interval.
oodic-0044,oodic,44,0.001009195112050367,0.005817894251220805,0.004287083826961237,51773,ood,central,True,True,1.667523208016064,5021,3.02107834815979,-0.01559184992887186,-0.01557595020053526,0.4659094978243886,0.18565562800349955,The solver successfully reached the end of the integration interval.
oodic-0045,oodic,45,0.000817053511038404,0.004131117295539392,0.005327786163107154,51774,ood,central,True,True,1.4068066669860855,3749,2.7911288738250732,-0.017615615224609193,-0.017594196363971193,0.446002180331332,0.1961528937798663,The solver successfully reached the end of the integration interval.
oodic-0046,oodic,46,0.0010511087769443862,0.004804749345322882,0.004142443978574583,51775,ood,central,True,True,1.417718042008346,4265,3.127837657928467,-0.014851102468121269,-0.014935406371215265,0.42176893534051135,0.18471860870245843,The solver successfully reached the end of the integration interval.
oodic-0047,oodic,47,0.0009202208906325571,0.005718769448420658,0.004699602438539095,51776,ood,central,True,True,1.7761546249967068,4961,3.5944974422454834,-0.021483092169500395,-0.021320659351621085,0.48147064533808315,0.18802068966370264,The solver successfully reached the end of the integration interval.
oodic-0048,oodic,48,0.0009708892779269521,0.005895512865865631,0.005872104345540262,51777,ood,central,True,True,1.7843217920162715,5069,2.8322322368621826,-0.018849392484447947,-0.019228362454132508,0.47842705215959275,0.19297572061286944,The solver successfully reached the end of the integration interval.
oodic-0049,oodic,49,0.000951720663453801,0.004972079863742497,0.005684937637312234,51778,ood,central,True,True,1.6362796660105232,4385,3.128615140914917,-0.022806104078902933,-0.022906185015589386,0.45146566832849916,0.19964450500713746,The solver successfully reached the end of the integration interval.
oodic-0050,oodic,50,0.001096028602896773,0.00494767052166425,0.005759970902090098,51779,ood,central,True,True,1.3897816250100732,4373,3.0544440746307373,-0.027958354151280673,-0.02780335838913217,0.4165864216509374,0.18588171664041614,The solver successfully reached the end of the integration interval.
oodic-0051,oodic,51,0.0011808933006753242,0.004157218268544496,0.004937136570264804,51780,ood,central,True,True,1.367661209020298,3761,2.9042701721191406,-0.029839707268779492,-0.029746354449862622,0.36871128910197987,0.20006316898904414,The solver successfully reached the end of the integration interval.
oodic-0052,oodic,52,0.0010014526623612393,0.005585236498026793,0.00500103471527426,51781,ood,central,True,True,1.6662329999962822,4853,3.5285532474517822,-0.027659493554281767,-0.027479071756342677,0.4633174219166321,0.19293289719818943,The solver successfully reached the end of the integration interval.
oodic-0053,oodic,53,0.0009399470762837634,0.0041680134868718076,0.00526068415388726,51782,ood,central,True,True,1.371998957998585,3773,2.5408196449279785,-0.024785942118629833,-0.024861175813281733,0.4185113135214417,0.19593491701911445,The solver successfully reached the end of the integration interval.
oodic-0054,oodic,54,0.0008279251475442679,0.005852906654736192,0.005958529246135665,51783,ood,central,True,True,1.7247737500001676,5045,2.731614828109741,-0.01980687133991843,-0.019890505098262512,0.5042407434228264,0.18276586898454156,The solver successfully reached the end of the integration interval.
oodic-0055,oodic,55,0.00109831244740787,0.004723235105450764,0.004307497760376832,51784,ood,central,True,True,1.497260083007859,4217,3.0020713806152344,-0.015899261174624257,-0.015872664046828078,0.41272133102974934,0.19758047624919722,The solver successfully reached the end of the integration interval.
oodic-0056,oodic,56,0.0011900593381115212,0.004454676966570906,0.00504740217715299,51785,ood,central,True,True,1.451411415997427,4013,3.6204967498779297,-0.023969569033269522,-0.023977836227576432,0.3864716331319103,0.20536886986808273,The solver successfully reached the end of the integration interval.
oodic-0057,oodic,57,0.00114975196177655,0.00431102074215136,0.00547801985085272,51786,ood,central,True,True,1.2977987919875886,3881,3.576829671859741,-0.03777550548534947,-0.03793680579091685,0.3769842709224541,0.1987773094108093,The solver successfully reached the end of the integration interval.
oodic-0058,oodic,58,0.0009799864421703708,0.005404900366105711,0.0058027609616307175,51787,ood,central,True,True,1.5563543329772074,4685,2.7014431953430176,-0.020094380211261864,-0.020070914954391172,0.45713716255658443,0.19180437318575858,The solver successfully reached the end of the integration interval.
oodic-0059,oodic,59,0.0010115829157331384,0.004543085367538243,0.005051139829812946,51788,ood,central,True,True,1.4483769159996882,4061,2.874809980392456,-0.021945730141729847,-0.021847862100621285,0.41797329016332363,0.19585953976442733,The solver successfully reached the end of the integration interval.
oodic-0060,oodic,60,0.0011459558732710446,0.004190742478793582,0.0054530077967486325,51789,ood,central,True,True,1.4046673749980982,3821,3.630524158477783,-0.030050146010541567,-0.030071006468724626,0.376583586858197,0.19608453216818025,The solver successfully reached the end of the integration interval.
oodic-0061,oodic,61,0.0008783082844844931,0.005492561734577607,0.004431560588817519,51790,ood,central,True,True,1.6498942500038538,4793,3.1027071475982666,-0.01588070291503385,-0.01583919242670362,0.4821236063956311,0.19114305549687102,The solver successfully reached the end of the integration interval.
oodic-0062,oodic,62,0.0008089094127933003,0.005345552747967766,0.005291285101566988,51791,ood,central,True,True,1.6074190420040395,4661,2.6431853771209717,-0.018117903270635338,-0.01811496369689425,0.49269410203403957,0.177821983545557,The solver successfully reached the end of the integration interval.
oodic-0063,oodic,63,0.0009160042698493338,0.004148380629703442,0.004399231452405747,51792,ood,central,True,True,1.368276709021302,3773,3.0630762577056885,-0.014470713463870688,-0.014605553261930915,0.42494055733493497,0.19235945576085225,The solver successfully reached the end of the integration interval.
oodic-0064,oodic,64,0.0008709300713319478,0.0047747750855209135,0.004265161784479994,51793,ood,central,True,True,1.5148026249953546,4217,2.8631668090820312,-0.015522770156028542,-0.015497020276214357,0.4632593942440431,0.19646623631893195,The solver successfully reached the end of the integration interval.
oodic-0065,oodic,65,0.0009929813404523616,0.004927722192650423,0.005305240198784202,51794,ood,central,True,True,1.5861177920014597,4361,3.281249523162842,-0.02872488070011059,-0.029137566459334074,0.43941416291730595,0.19414009870646665,The solver successfully reached the end of the integration interval.
oodic-0066,oodic,66,0.0009263275279674496,0.005188275496155835,0.005521780889026521,51795,ood,central,True,True,1.6498983750061598,4553,3.215102434158325,-0.02471868423819501,-0.024515696743293347,0.4632847424526291,0.1877388095421862,The solver successfully reached the end of the integration interval.
oodic-0067,oodic,67,0.0008577566015383869,0.004635110104969458,0.0055098538664980455,51796,ood,central,True,True,1.4794660830229986,4121,3.2209489345550537,-0.012194425575074774,-0.01218280550780193,0.46096481743772516,0.18391404307589132,The solver successfully reached the end of the integration interval.
oodic-0068,oodic,68,0.0010625885569893814,0.005302175719335011,0.0042221308469947965,51797,ood,central,True,True,1.6832966670044698,4625,3.0379016399383545,-0.016724609380059263,-0.01676059386635309,0.44368276255562417,0.19754471491984738,The solver successfully reached the end of the integration interval.
oodic-0069,oodic,69,0.00111716200187441,0.0047845280979324474,0.004756289266823173,51798,ood,central,True,True,1.529429957998218,4241,3.387300968170166,-0.02467634553500453,-0.024682629871175976,0.41826735136567356,0.2057692798792618,The solver successfully reached the end of the integration interval.
oodic-0070,oodic,70,0.0009804175457632318,0.005840181162745228,0.004645554350105347,51799,ood,central,True,True,1.8159224579867441,5021,2.711625814437866,-0.019797625219287518,-0.019887887095357826,0.47406988371309683,0.19073830496839236,The solver successfully reached the end of the integration interval.
oodic-0071,oodic,71,0.0011135292682526643,0.005022926182117472,0.00573611571783841,51800,ood,central,True,True,1.5827690410078503,4433,2.730546712875366,-0.027915025197098764,-0.027947166650534427,0.4233593396901934,0.20096247447337334,The solver successfully reached the end of the integration interval.
oodic-0072,oodic,72,0.0010064831892080584,0.005980599968421903,0.004997648904689103,51801,ood,central,True,True,1.7903317080053966,5141,2.9815585613250732,-0.003675940503860886,-0.003631731998538612,0.47655944600212524,0.19176101544067914,The solver successfully reached the end of the integration interval.
oodic-0073,oodic,73,0.0011207887347105246,0.004022951094120243,0.005998385887767847,51802,ood,central,True,True,1.3417277920234483,3665,2.8855583667755127,-0.036739775781228445,-0.03710134355148753,0.37359997291873825,0.1995794713849588,The solver successfully reached the end of the integration interval.
oodic-0074,oodic,74,0.0009439809775891766,0.004418704003904549,0.005791121008166648,51803,ood,central,True,True,1.3982964999740943,3989,3.793294906616211,-0.029216731928730866,-0.029223582972470297,0.4287887922817921,0.19458805198103044,The solver successfully reached the end of the integration interval.
oodic-0075,oodic,75,0.0011354953254214492,0.005215795733732394,0.005279515737522524,51804,ood,central,True,True,1.6102297079924028,4577,3.384343147277832,-0.020336892273903118,-0.02033918987629768,0.42523943945319603,0.19596631795536254,The solver successfully reached the end of the integration interval.
oodic-0076,oodic,76,0.0011632861184512143,0.005329255294259611,0.004812944262472421,51805,ood,central,True,True,1.6326679589983542,4661,2.6706135272979736,-0.023455326440952717,-0.022651881808605445,0.4246486168550519,0.2044590493334994,The solver successfully reached the end of the integration interval.
oodic-0077,oodic,77,0.0008139737607650331,0.00516380366404604,0.005614570029609914,51806,ood,central,True,True,1.5620362079935148,4505,3.2921335697174072,-0.012386918254751578,-0.012161041897834401,0.4879568467427358,0.18557150339704692,The solver successfully reached the end of the integration interval.
oodic-0078,oodic,78,0.0010862580129205436,0.005934728824583133,0.004326940068520339,51807,ood,central,True,True,1.796799124975223,5129,3.551048755645752,-0.020269476855510504,-0.020238520300523533,0.4622808947573376,0.20039205090127207,The solver successfully reached the end of the integration interval.
oodic-0079,oodic,79,0.0009734749312472536,0.0047157244267363885,0.005100814804070406,51808,ood,central,True,True,1.4654760000121314,4205,3.3609988689422607,-0.0150517188415904,-0.015126424176939324,0.4352139693353721,0.19720089261242224,The solver successfully reached the end of the integration interval.
oodic-0080,oodic,80,0.0009858661885903152,0.0043866785645799945,0.005925479019164926,51809,ood,central,True,True,1.3769642089901026,3917,2.9189188480377197,-0.028827359335828362,-0.028644376849799258,0.42221213049841655,0.20098996906478023,The solver successfully reached the end of the integration interval.
oodic-0081,oodic,81,0.0009108243427727135,0.005236365367161188,0.004914245586821172,51810,ood,central,True,True,1.6002150830172468,4565,2.6381683349609375,-0.01811960989979866,-0.018071597050115962,0.4767909330451353,0.2055114802989514,The solver successfully reached the end of the integration interval.
oodic-0082,oodic,82,0.0008017730557477784,0.004606922539991922,0.005397129351118593,51811,ood,central,True,True,1.4638162909832317,4097,3.736039638519287,-0.017833455027087552,-0.017704768290389694,0.4689382356935228,0.1901409585858504,The solver successfully reached the end of the integration interval.
oodic-0083,oodic,83,0.0010750819525951877,0.004589420957785673,0.00548465991958695,51812,ood,central,True,True,1.4505136660009157,4109,3.202349901199341,-0.026935368961437334,-0.026929907990023594,0.40432140715151826,0.18595367437281532,The solver successfully reached the end of the integration interval.
oodic-0084,oodic,84,0.0009995613188676508,0.005148036973683018,0.005221767085646869,51813,ood,central,True,True,1.5832224579935428,4529,2.951279640197754,-0.023679861955358206,-0.02377770644975996,0.45183319065716343,0.19995264328745518,The solver successfully reached the end of the integration interval.
oodic-0085,oodic,85,0.0011674680181731599,0.005458492196493904,0.004460453814315073,51814,ood,central,True,True,1.681652415980352,4769,3.5705318450927734,-0.01812919713954031,-0.018348528835354205,0.4343008101763495,0.20041472659628035,The solver successfully reached the end of the integration interval.
oodic-0086,oodic,86,0.0008852854688816884,0.005661918301367924,0.0048968535118612735,51815,ood,central,True,True,1.718791457999032,4913,2.893563747406006,-0.011610156291609997,-0.01170658968702476,0.49441795432293567,0.19556682170725673,The solver successfully reached the end of the integration interval.
oodic-0087,oodic,87,0.0009405581218814615,0.004230371662723966,0.004466821708491274,51816,ood,central,True,True,1.40309795900248,3821,2.9045870304107666,-0.01576091968969706,-0.015765236061202614,0.4246219656355647,0.20221778003594648,The solver successfully reached the end of the integration interval.
oodic-0088,oodic,88,0.0011099305778282454,0.004501579419541889,0.004663702458081443,51817,ood,central,True,True,1.4439024169987533,4025,2.9118170738220215,-0.021180588742767625,-0.021217694196673853,0.4007982170532638,0.19830524590506513,The solver successfully reached the end of the integration interval.
oodic-0089,oodic,89,0.0008330496750734682,0.005529378540398021,0.0053385140302841475,51818,ood,central,True,True,1.6988002920115832,4781,3.277254819869995,-0.013756234091715669,-0.013763363386619432,0.49482758028000373,0.18341027353643935,The solver successfully reached the end of the integration interval.
oodic-0090,oodic,90,0.0011960114874124427,0.005169390146851995,0.005137781794568202,51819,ood,central,True,True,1.6031045830168296,4541,3.199446201324463,-0.020524919443964507,-0.020734208623772163,0.4207074958085739,0.20187245342974122,The solver successfully reached the end of the integration interval.
oodic-0091,oodic,91,0.0009170012358022456,0.004073403099119115,0.004351793747506642,51820,ood,central,True,True,1.3515003339853138,3701,3.0524721145629883,-0.015744923823163504,-0.01571295754249391,0.41579334670617074,0.1934173135924261,The solver successfully reached the end of the integration interval.
oodic-0092,oodic,92,0.0009610144077690882,0.005950184162945416,0.004216190341260475,51821,ood,central,True,True,1.781546125013847,5141,3.6038429737091064,-0.01290651577471813,-0.012960935034877608,0.49298534809317623,0.2023060124871767,The solver successfully reached the end of the integration interval.
oodic-0093,oodic,93,0.0009662547652029407,0.004116109637131376,0.004405720318406814,51822,ood,central,True,True,1.2333478329819627,3713,2.573309898376465,-0.017582010578024665,-0.01765506984037657,0.41147731268688637,0.19893170571886826,The solver successfully reached the end of the integration interval.
oodic-0094,oodic,94,0.0009535082682105439,0.00536641541626001,0.004733735652756,51823,ood,central,True,True,1.676832708006259,4709,4.535844802856445,-0.01783756564307737,-0.017910162571077137,0.4659723205305327,0.2004676300066502,The solver successfully reached the end of the integration interval.
oodic-0095,oodic,95,0.0010672012397907663,0.004991226319397417,0.004445834677903808,51824,ood,central,True,True,1.5980136250145733,4397,2.6055493354797363,-0.025971115152259472,-0.02588871388816827,0.4321466646730222,0.19851721857967805,The solver successfully reached the end of the integration interval.
oodic-0096,oodic,96,0.001128098874889789,0.004348665913859924,0.004844154415975642,51825,ood,central,True,True,1.3465441669977736,3905,2.8904917240142822,-0.03396874647836423,-0.03419008239522725,0.37768738652348954,0.18565217538287287,The solver successfully reached the end of the integration interval.
oodic-0097,oodic,97,0.0008342876593895624,0.00441230649708267,0.004928446922842383,51826,ood,central,True,True,1.348864165978739,3965,2.851658582687378,-0.016486618193630953,-0.016467239693039204,0.4573295491729083,0.1943686498949404,The solver successfully reached the end of the integration interval.
oodic-0098,oodic,98,0.0010868583897493322,0.0043665851774678174,0.004378960336703891,51827,ood,central,True,True,1.4311097089957912,3941,2.5258398056030273,-0.024144071543305223,-0.024141028274201837,0.4003020112231457,0.1988807201389144,The solver successfully reached the end of the integration interval.
oodic-0099,oodic,99,0.0008884385988554243,0.00570381341888676,0.005356450574934864,51828,ood,central,True,True,1.7778865419968497,4913,3.396602153778076,-0.009591854890217633,-0.009632423510705479,0.4894844326546159,0.18732322442838398,The solver successfully reached the end of the integration interval.
oodic-0100,oodic,100,0.001029493230971645,0.005556390285346558,0.0040815089412695555,51829,ood,central,True,True,1.7449830420082435,4829,2.971139907836914,-0.027770049272241693,-0.027823479987070077,0.4630743372535655,0.20137352413214327,The solver successfully reached the end of the integration interval.
oodic-0101,oodic,101,0.0008642192163011324,0.005262219378041348,0.004003023891126302,51830,ood,central,True,True,1.666890084015904,4601,3.1508424282073975,-0.011496643169536469,-0.011531571846441269,0.4761657835634121,0.17854362206422567,The solver successfully reached the end of the integration interval.
oodic-0102,oodic,102,0.0010488704190924026,0.00404660469663456,0.0040930353467302704,51831,ood,central,True,True,1.2735091249924153,3713,3.9006667137145996,-0.017142211350886782,-0.01743029182658873,0.3913594093644518,0.20105423165818959,The solver successfully reached the end of the integration interval.
oodic-0103,oodic,103,0.0010175490968720921,0.004206122621286318,0.005238477603455487,51832,ood,central,True,True,1.292656249977881,3797,3.010209798812866,-0.023948491408203765,-0.024104889390876405,0.403351861544162,0.19763963114131625,The solver successfully reached the end of the integration interval.
oodic-0104,oodic,104,0.0011011441786875425,0.005419455778639989,0.0055631868809788,51833,ood,central,True,True,1.6693905419961084,4721,2.7672171592712402,-0.02106058393053445,-0.02109906314380261,0.4434802397071711,0.20731278008037027,The solver successfully reached the end of the integration interval.
oodic-0105,oodic,105,0.0011242839763165675,0.00476098557148752,0.00541268483733257,51834,ood,central,True,True,1.5621319159981795,4253,3.481968879699707,-0.027691956676495266,-0.027711852442692475,0.40886336724434474,0.1981296143414453,The solver successfully reached the end of the integration interval.
oodic-0106,oodic,106,0.001066032234545155,0.005219623304602729,0.005372417459765204,51835,ood,central,True,True,1.5792873750033323,4577,3.517371892929077,-0.02372177868639369,-0.023650323875770596,0.4411726571115037,0.200966491502952,The solver successfully reached the end of the integration interval.
oodic-0107,oodic,107,0.001034963872555435,0.005053485011291688,0.005824410799023075,51836,ood,central,True,True,1.5411900829931255,4445,2.808026075363159,-0.019826665814996147,-0.019844819809502035,0.4412588860030757,0.20837788648481265,The solver successfully reached the end of the integration interval.
oodic-0108,oodic,108,0.0010152134862091435,0.004297197847935001,0.005627810943308623,51837,ood,central,True,True,1.4364345829817466,3881,3.2271053791046143,-0.0230645485771106,-0.02274781760432809,0.4093249605389369,0.18976688681186824,The solver successfully reached the end of the integration interval.
oodic-0109,oodic,109,0.0009088086424390802,0.0056321391877485315,0.00405140096121439,51838,ood,central,True,True,1.7880868329957593,4865,2.7008767127990723,-0.01213699979925309,-0.012163374635449031,0.4826884945040095,0.1981950959054629,The solver successfully reached the end of the integration interval.
oodic-0110,oodic,110,0.0011125459313636845,0.005997582985258829,0.005074377451250844,51839,ood,central,True,True,1.9019620420003776,5153,3.00925350189209,-0.028473111981863752,-0.028497109367060142,0.45734367500601814,0.1931556644410546,The solver successfully reached the end of the integration interval.
oodic-0111,oodic,111,0.0011500843396338176,0.004743585980908962,0.005539853193525474,51840,ood,central,True,True,1.5652600419998635,4229,3.0058820247650146,-0.027009681391273688,-0.027134006397767862,0.40223190951980453,0.19314389019197856,The solver successfully reached the end of the integration interval.
oodic-0112,oodic,112,0.0010217840880313138,0.004516959322874209,0.00567868350121549,51841,ood,central,True,True,1.396992833004333,4049,3.4295265674591064,-0.022163170979176527,-0.02218622344928889,0.4202431097931025,0.20090961018486722,The solver successfully reached the end of the integration interval.
oodic-0113,oodic,113,0.0008548597443412617,0.005645603994076125,0.005586802293178603,51842,ood,central,True,True,1.7044965419918299,4889,2.7653255462646484,-0.018952211460632085,-0.01892118408366894,0.4957982963690835,0.19107972006123627,The solver successfully reached the end of the integration interval.
oodic-0114,oodic,114,0.00104502215581356,0.005376373289151453,0.005157979895961733,51843,ood,central,True,True,1.6796742920123506,4709,3.2383265495300293,-0.018990376617430083,-0.01906549950325953,0.45153253920701664,0.2001654091044147,The solver successfully reached the end of the integration interval.
oodic-0115,oodic,115,0.0008054380218900858,0.00482953226680996,0.005769576529925534,51844,ood,central,True,True,1.5583125000121072,4253,3.892775058746338,-0.021187066875270943,-0.02111824738913981,0.4742998719677334,0.19053413493764015,The solver successfully reached the end of the integration interval.
oodic-0116,oodic,116,0.0009567112503991108,0.004467390153274188,0.004631750994255354,51845,ood,central,True,True,1.3570580419909675,3977,2.8627564907073975,-0.015828966331611127,-0.015942927390534933,0.43026762905756905,0.1946106704418478,The solver successfully reached the end of the integration interval.
oodic-0117,oodic,117,0.0010264810753209943,0.004656551886398963,0.005712026869043388,51846,ood,central,True,True,1.2134620420110878,4145,4.0808587074279785,-0.030541110618417022,-0.030592501093586577,0.42480392345619405,0.2073835203864829,The solver successfully reached the end of the integration interval.
oodic-0118,oodic,118,0.0011545688468370622,0.005043251156820889,0.005424175433894755,51847,ood,central,True,True,0.9369219999935012,4457,3.255668878555298,-0.027870849442692247,-0.028158959878766154,0.4199147609506347,0.19986429635161992,The solver successfully reached the end of the integration interval.
oodic-0119,oodic,119,0.0010374881702066737,0.004906456016136722,0.0054416632480879384,51848,ood,central,True,True,0.8774778750084806,4349,3.053384780883789,-0.03226027739884074,-0.03227051811440118,0.42799279161336534,0.19424131892432198,The solver successfully reached the end of the integration interval.
